-- phpMyAdmin SQL Dump
-- version 5.2.0
-- https://www.phpmyadmin.net/
--
-- Host: localhost:3306
-- Generation Time: May 20, 2026 at 03:08 PM
-- Server version: 8.0.30
-- PHP Version: 8.1.10

SET SQL_MODE = "NO_AUTO_VALUE_ON_ZERO";
START TRANSACTION;
SET time_zone = "+00:00";


/*!40101 SET @OLD_CHARACTER_SET_CLIENT=@@CHARACTER_SET_CLIENT */;
/*!40101 SET @OLD_CHARACTER_SET_RESULTS=@@CHARACTER_SET_RESULTS */;
/*!40101 SET @OLD_COLLATION_CONNECTION=@@COLLATION_CONNECTION */;
/*!40101 SET NAMES utf8mb4 */;

--
-- Database: `presensi_smk`
--

-- --------------------------------------------------------

--
-- Table structure for table `buku_induk`
--

CREATE TABLE `buku_induk` (
  `id` int NOT NULL,
  `nama` varchar(50) CHARACTER SET utf8mb4 COLLATE utf8mb4_0900_ai_ci NOT NULL,
  `nipd` varchar(10) CHARACTER SET utf8mb4 COLLATE utf8mb4_0900_ai_ci NOT NULL,
  `email` varchar(50) DEFAULT NULL,
  `nisn` varchar(10) DEFAULT NULL,
  `kelas` varchar(50) DEFAULT NULL,
  `jurusan` varchar(100) DEFAULT NULL,
  `tanggal_diterima` date DEFAULT NULL,
  `agama` varchar(30) DEFAULT NULL,
  `tempat_lahir` varchar(25) DEFAULT NULL,
  `tanggal_lahir` date DEFAULT NULL,
  `alamat` text,
  `nama_ayah` varchar(50) CHARACTER SET utf8mb4 COLLATE utf8mb4_0900_ai_ci DEFAULT NULL,
  `nama_ibu` varchar(50) CHARACTER SET utf8mb4 COLLATE utf8mb4_0900_ai_ci DEFAULT NULL,
  `nama_wali` varchar(50) DEFAULT NULL,
  `no_telp_ortu` varchar(20) DEFAULT NULL,
  `email_ortu` varchar(50) CHARACTER SET utf8mb4 COLLATE utf8mb4_0900_ai_ci DEFAULT NULL COMMENT 'Email orang tua untuk notifikasi',
  `dokumen_ijasah` varchar(255) DEFAULT NULL,
  `dokumen_pas_foto` varchar(255) DEFAULT NULL,
  `dokumen_akta_kelahiran` varchar(255) DEFAULT NULL,
  `dokumen_kk` varchar(255) DEFAULT NULL,
  `password` varchar(255) DEFAULT NULL
) ENGINE=InnoDB DEFAULT CHARSET=utf8mb4 COLLATE=utf8mb4_0900_ai_ci;

--
-- Dumping data for table `buku_induk`
--

INSERT INTO `buku_induk` (`id`, `nama`, `nipd`, `email`, `nisn`, `kelas`, `jurusan`, `tanggal_diterima`, `agama`, `tempat_lahir`, `tanggal_lahir`, `alamat`, `nama_ayah`, `nama_ibu`, `nama_wali`, `no_telp_ortu`, `email_ortu`, `dokumen_ijasah`, `dokumen_pas_foto`, `dokumen_akta_kelahiran`, `dokumen_kk`, `password`) VALUES
(6, 'ALIFIAN SATRIA NAUFAL', '2410911', '2410911@smk7.sch.id', '', 'XI', 'DESAIN KOMUNIKASI VISUAL', '2024-07-15', 'Islam', '', '2009-02-12', '', NULL, NULL, NULL, NULL, NULL, NULL, NULL, NULL, NULL, '$2y$10$qwwFBtaT8m.kfsDG2pQOi.54tiaw7eJe2wxg.h4UGvBff0P..EvJm'),
(7, 'ANINDA ANGGI PUTRI WIBOWO', '2410912', '2410912@smk7.sch.id', '', 'XI', 'DESAIN KOMUNIKASI VISUAL', '2024-07-15', 'Islam', '', '2009-12-10', '', NULL, NULL, NULL, NULL, NULL, NULL, NULL, NULL, NULL, '$2y$10$qwwFBtaT8m.kfsDG2pQOi.54tiaw7eJe2wxg.h4UGvBff0P..EvJm'),
(8, 'AQILAH RAYYA MUTHMAINAH', '2410913', '2410913@smk7.sch.id', '', 'XI', 'DESAIN KOMUNIKASI VISUAL', '2024-07-15', 'Islam', '', '2009-10-08', '', NULL, NULL, NULL, NULL, NULL, NULL, NULL, NULL, NULL, '$2y$10$qwwFBtaT8m.kfsDG2pQOi.54tiaw7eJe2wxg.h4UGvBff0P..EvJm'),
(9, 'ASHA ALI FATUNNIPDA', '2410914', '2410914@smk7.sch.id', '', 'XI', 'DESAIN KOMUNIKASI VISUAL', '2024-07-15', 'Islam', '', '2008-08-06', '', NULL, NULL, NULL, NULL, NULL, NULL, NULL, NULL, NULL, '$2y$10$qwwFBtaT8m.kfsDG2pQOi.54tiaw7eJe2wxg.h4UGvBff0P..EvJm'),
(10, 'BALQIS DENNAFIZA KRISNA PUTRIA', '2410915', '2410915@smk7.sch.id', '', 'XI', 'DESAIN KOMUNIKASI VISUAL', '2024-07-15', 'Islam', '', '2008-06-03', '', NULL, NULL, NULL, NULL, NULL, NULL, NULL, NULL, NULL, '$2y$10$qwwFBtaT8m.kfsDG2pQOi.54tiaw7eJe2wxg.h4UGvBff0P..EvJm'),
(11, 'BENEDICTUS ARYA WISANGGENI RESWARA', '2410916', '2410916@smk7.sch.id', NULL, 'XI', 'DESAIN KOMUNIKASI VISUAL', '2024-07-15', 'Katolik', NULL, '2008-04-01', NULL, '', '', '', '', '', '', '', '', '', '$2y$10$qwwFBtaT8m.kfsDG2pQOi.54tiaw7eJe2wxg.h4UGvBff0P..EvJm'),
(12, 'CAESKY ALYAH', '2410917', '2410917@smk7.sch.id', '', 'XI', 'DESAIN KOMUNIKASI VISUAL', '2024-07-15', 'Islam', '', '2009-01-28', '', NULL, NULL, NULL, NULL, NULL, NULL, NULL, NULL, NULL, '$2y$10$qwwFBtaT8m.kfsDG2pQOi.54tiaw7eJe2wxg.h4UGvBff0P..EvJm'),
(13, 'CARRISSA ARKANI HILMI ARAMINTA', '2410918', '2410918@smk7.sch.id', '', 'XI', 'DESAIN KOMUNIKASI VISUAL', '2024-07-15', 'Islam', '', '2009-11-26', '', NULL, NULL, NULL, NULL, NULL, NULL, NULL, NULL, NULL, '$2y$10$qwwFBtaT8m.kfsDG2pQOi.54tiaw7eJe2wxg.h4UGvBff0P..EvJm'),
(14, 'CORNELIUS TAJAM ABHINAYA MAHENDRA UTAMA', '2410919', '2410919@smk7.sch.id', NULL, 'XI', 'DESAIN KOMUNIKASI VISUAL', '2024-07-15', 'Katolik', NULL, '2008-09-23', NULL, '', '', '', '', '', '', '', '', '', '$2y$10$qwwFBtaT8m.kfsDG2pQOi.54tiaw7eJe2wxg.h4UGvBff0P..EvJm'),
(15, 'FAVIAN ZAKI PRATAMA', '2410920', '2410920@smk7.sch.id', '', 'XI', 'DESAIN KOMUNIKASI VISUAL', '2024-07-15', 'Islam', '', '2008-07-22', '', NULL, NULL, NULL, NULL, NULL, NULL, NULL, NULL, NULL, '$2y$10$qwwFBtaT8m.kfsDG2pQOi.54tiaw7eJe2wxg.h4UGvBff0P..EvJm'),
(16, 'FILIO HELGA YOGA PRATAMA', '2410921', '2410921@smk7.sch.id', '', 'XI', 'DESAIN KOMUNIKASI VISUAL', '2024-07-15', 'Islam', '', '2008-05-20', '', NULL, NULL, NULL, NULL, NULL, NULL, NULL, NULL, NULL, '$2y$10$qwwFBtaT8m.kfsDG2pQOi.54tiaw7eJe2wxg.h4UGvBff0P..EvJm'),
(17, 'JESHICHA DANIAN NAULI', '2410922', '2410922@smk7.sch.id', NULL, 'XI', 'DESAIN KOMUNIKASI VISUAL', '2024-07-15', 'Kristen', NULL, '2009-03-18', NULL, '', '', '', '', '', '', '', '', '', '$2y$10$qwwFBtaT8m.kfsDG2pQOi.54tiaw7eJe2wxg.h4UGvBff0P..EvJm'),
(18, 'JESICA VENITA ANAYA KEZYA', '2410923', '2410923@smk7.sch.id', NULL, 'XI', 'DESAIN KOMUNIKASI VISUAL', '2024-07-15', 'Katolik', NULL, '2009-01-14', NULL, '', '', '', '', '', '', '', '', '', '$2y$10$qwwFBtaT8m.kfsDG2pQOi.54tiaw7eJe2wxg.h4UGvBff0P..EvJm'),
(19, 'KANDITA DYAH PITALOKA RIZGUNAYAN', '2410924', '2410924@smk7.sch.id', '', 'XI', 'DESAIN KOMUNIKASI VISUAL', '2024-07-15', 'Islam', '', '2008-11-11', '', NULL, NULL, NULL, NULL, NULL, NULL, NULL, NULL, NULL, '$2y$10$qwwFBtaT8m.kfsDG2pQOi.54tiaw7eJe2wxg.h4UGvBff0P..EvJm'),
(20, 'LARASATI TAQWILLA', '2410925', '2410925@smk7.sch.id', '', 'XI', 'DESAIN KOMUNIKASI VISUAL', '2024-07-15', 'Islam', '', '2008-09-09', '', NULL, NULL, NULL, NULL, NULL, NULL, NULL, NULL, NULL, '$2y$10$qwwFBtaT8m.kfsDG2pQOi.54tiaw7eJe2wxg.h4UGvBff0P..EvJm'),
(21, 'MUHAMMAD ATAYA NUGROHO LAKSONO', '2410926', '2410926@smk7.sch.id', '', 'XI', 'DESAIN KOMUNIKASI VISUAL', '2024-07-15', 'Islam', '', '2008-07-08', '', NULL, NULL, NULL, NULL, NULL, NULL, NULL, NULL, NULL, '$2y$10$qwwFBtaT8m.kfsDG2pQOi.54tiaw7eJe2wxg.h4UGvBff0P..EvJm'),
(22, 'MUHAMMAD RAFA ATAYA RAMADHAN', '2410927', '2410927@smk7.sch.id', '', 'XI', 'DESAIN KOMUNIKASI VISUAL', '2024-07-15', 'Islam', '', '2009-05-06', '', NULL, NULL, NULL, NULL, NULL, NULL, NULL, NULL, NULL, '$2y$10$qwwFBtaT8m.kfsDG2pQOi.54tiaw7eJe2wxg.h4UGvBff0P..EvJm'),
(23, 'MUHAMMAD RAUF FIRJATULLAH', '2410928', '2410928@smk7.sch.id', '', 'XI', 'DESAIN KOMUNIKASI VISUAL', '2024-07-15', 'Islam', '', '2009-03-03', '', NULL, NULL, NULL, NULL, NULL, NULL, NULL, NULL, NULL, '$2y$10$qwwFBtaT8m.kfsDG2pQOi.54tiaw7eJe2wxg.h4UGvBff0P..EvJm'),
(24, 'MUHAMMAD RIESSOFIAN PUJA TAUFIQURRAHMAN', '2410929', '2410929@smk7.sch.id', '', 'XI', 'DESAIN KOMUNIKASI VISUAL', '2024-07-15', 'Islam', '', '2009-12-30', '', NULL, NULL, NULL, NULL, NULL, NULL, NULL, NULL, NULL, '$2y$10$qwwFBtaT8m.kfsDG2pQOi.54tiaw7eJe2wxg.h4UGvBff0P..EvJm'),
(25, 'MUTIARA TRI DUWANTI', '2410930', '2410930@smk7.sch.id', '', 'XI', 'DESAIN KOMUNIKASI VISUAL', '2024-07-15', 'Islam', '', '2008-10-28', '', NULL, NULL, NULL, NULL, NULL, NULL, NULL, NULL, NULL, '$2y$10$qwwFBtaT8m.kfsDG2pQOi.54tiaw7eJe2wxg.h4UGvBff0P..EvJm'),
(26, 'NAJWAN AZMI WIDIYANTO', '2410931', '2410931@smk7.sch.id', '', 'XI', 'DESAIN KOMUNIKASI VISUAL', '2024-07-15', 'Islam', '', '2008-08-25', '', NULL, NULL, NULL, NULL, NULL, NULL, NULL, NULL, NULL, '$2y$10$qwwFBtaT8m.kfsDG2pQOi.54tiaw7eJe2wxg.h4UGvBff0P..EvJm'),
(27, 'NATALIA KAIA ALANA NAFIRI', '2410932', '2410932@smk7.sch.id', NULL, 'XI', 'DESAIN KOMUNIKASI VISUAL', '2024-07-15', 'Katolik', NULL, '2009-06-24', NULL, '', '', '', '', '', '', '', '', '', '$2y$10$qwwFBtaT8m.kfsDG2pQOi.54tiaw7eJe2wxg.h4UGvBff0P..EvJm'),
(28, 'NUR ZAHIRAH JULIATI', '2410933', '2410933@smk7.sch.id', '', 'XI', 'DESAIN KOMUNIKASI VISUAL', '2024-07-15', 'Islam', '', '2009-04-21', '', NULL, NULL, NULL, NULL, NULL, NULL, NULL, NULL, NULL, '$2y$10$qwwFBtaT8m.kfsDG2pQOi.54tiaw7eJe2wxg.h4UGvBff0P..EvJm'),
(29, 'PARSA FAIRUZ RAFIF', '2410934', '2410934@smk7.sch.id', '', 'XI', 'DESAIN KOMUNIKASI VISUAL', '2024-07-15', 'Islam', '', '2009-02-17', '', NULL, NULL, NULL, NULL, NULL, NULL, NULL, NULL, NULL, '$2y$10$qwwFBtaT8m.kfsDG2pQOi.54tiaw7eJe2wxg.h4UGvBff0P..EvJm'),
(30, 'RACHJIB MALIK AL FAREL', '2410935', '2410935@smk7.sch.id', '', 'XI', 'DESAIN KOMUNIKASI VISUAL', '2024-07-15', 'Islam', '', '2008-12-16', '', NULL, NULL, NULL, NULL, NULL, NULL, NULL, NULL, NULL, '$2y$10$qwwFBtaT8m.kfsDG2pQOi.54tiaw7eJe2wxg.h4UGvBff0P..EvJm'),
(31, 'RAHMAT FAIZ SYAFI\'I', '2410936', '2410936@smk7.sch.id', '', 'XI', 'DESAIN KOMUNIKASI VISUAL', '2024-07-15', 'Islam', '', '2008-10-13', '', NULL, NULL, NULL, NULL, NULL, NULL, NULL, NULL, NULL, '$2y$10$qwwFBtaT8m.kfsDG2pQOi.54tiaw7eJe2wxg.h4UGvBff0P..EvJm'),
(32, 'RAMA PANJI PUTRA PRATAMA', '2410937', '2410937@smk7.sch.id', '', 'XI', 'DESAIN KOMUNIKASI VISUAL', '2024-07-15', 'Islam', '', '2009-08-11', '', NULL, NULL, NULL, NULL, NULL, NULL, NULL, NULL, NULL, '$2y$10$qwwFBtaT8m.kfsDG2pQOi.54tiaw7eJe2wxg.h4UGvBff0P..EvJm'),
(33, 'RIDHO ARDIANTO', '2410938', '2410938@smk7.sch.id', '', 'XI', 'DESAIN KOMUNIKASI VISUAL', '2024-07-15', 'Islam', '', '2009-06-09', '', NULL, NULL, NULL, NULL, NULL, NULL, NULL, NULL, NULL, '$2y$10$qwwFBtaT8m.kfsDG2pQOi.54tiaw7eJe2wxg.h4UGvBff0P..EvJm'),
(34, 'RIFAN RAGEL SATRIA', '2410939', '2410939@smk7.sch.id', '', 'XI', 'DESAIN KOMUNIKASI VISUAL', '2024-07-15', 'Islam', '', '2009-04-07', '', NULL, NULL, NULL, NULL, NULL, NULL, NULL, NULL, NULL, '$2y$10$qwwFBtaT8m.kfsDG2pQOi.54tiaw7eJe2wxg.h4UGvBff0P..EvJm'),
(35, 'RR. FITRI SYARAFINA KEN KUSUMA', '2410940', '2410940@smk7.sch.id', '', 'XI', 'DESAIN KOMUNIKASI VISUAL', '2024-07-15', 'Islam', '', '2008-02-03', '', NULL, NULL, NULL, NULL, NULL, NULL, NULL, NULL, NULL, '$2y$10$qwwFBtaT8m.kfsDG2pQOi.54tiaw7eJe2wxg.h4UGvBff0P..EvJm'),
(36, 'SHAFIRA AZ ZAHRA', '2410941', '2410941@smk7.sch.id', '', 'XI', 'DESAIN KOMUNIKASI VISUAL', '2024-07-15', 'Islam', '', '2008-12-01', '', NULL, NULL, NULL, NULL, NULL, NULL, NULL, NULL, NULL, '$2y$10$qwwFBtaT8m.kfsDG2pQOi.54tiaw7eJe2wxg.h4UGvBff0P..EvJm'),
(37, 'STIVEN HANUM FIRMANSYAH', '2410942', '2410942@smk7.sch.id', '', 'XI', 'DESAIN KOMUNIKASI VISUAL', '2024-07-15', 'Islam', '', '2009-09-29', '', NULL, NULL, NULL, NULL, NULL, NULL, NULL, NULL, NULL, '$2y$10$qwwFBtaT8m.kfsDG2pQOi.54tiaw7eJe2wxg.h4UGvBff0P..EvJm'),
(38, 'TANIA CINTA SALSABILA', '2410943', '2410943@smk7.sch.id', '', 'XI', 'DESAIN KOMUNIKASI VISUAL', '2024-07-15', 'Islam', '', '2009-07-28', '', NULL, NULL, NULL, NULL, NULL, NULL, NULL, NULL, NULL, '$2y$10$qwwFBtaT8m.kfsDG2pQOi.54tiaw7eJe2wxg.h4UGvBff0P..EvJm'),
(39, 'WISNU BINTANG ARDIANSYAH', '2410944', '2410944@smk7.sch.id', '', 'XI', 'DESAIN KOMUNIKASI VISUAL', '2024-07-15', 'Islam', '', '2009-05-26', '', NULL, NULL, NULL, NULL, NULL, NULL, NULL, NULL, NULL, '$2y$10$qwwFBtaT8m.kfsDG2pQOi.54tiaw7eJe2wxg.h4UGvBff0P..EvJm'),
(40, 'YUDHISTIRA AJI PAMBAREP', '2410945', '2410945@smk7.sch.id', NULL, 'XI', 'DESAIN KOMUNIKASI VISUAL', '2024-07-15', 'Kristen', NULL, '2008-03-23', NULL, '', '', '', '', '', '', '', '', '', '$2y$10$qwwFBtaT8m.kfsDG2pQOi.54tiaw7eJe2wxg.h4UGvBff0P..EvJm'),
(41, 'ZAHRA ANINDYA PUTRI', '2410946', '2410946@smk7.sch.id', '', 'XI', 'DESAIN KOMUNIKASI VISUAL', '2024-07-15', 'Islam', '', '2008-01-19', '', NULL, NULL, NULL, NULL, NULL, NULL, NULL, NULL, NULL, '$2y$10$qwwFBtaT8m.kfsDG2pQOi.54tiaw7eJe2wxg.h4UGvBff0P..EvJm'),
(69, 'AGATHA CAROLINE LEIFEBRITA', '2410947', '2410947@smk7.sch.id', NULL, 'XI', 'PRODUKSI FILM', '2024-07-15', 'Katolik', NULL, '2009-03-14', NULL, '', '', '', '', '', '', '', '', '', '$2y$10$qwwFBtaT8m.kfsDG2pQOi.54tiaw7eJe2wxg.h4UGvBff0P..EvJm'),
(70, 'AGNEZ PUTRI RIYANTI', '2410948', '2410948@smk7.sch.id', '', 'XI', 'PRODUKSI FILM', '2024-07-15', 'Islam', '', '2009-01-10', '', NULL, NULL, NULL, NULL, NULL, NULL, NULL, NULL, NULL, '$2y$10$qwwFBtaT8m.kfsDG2pQOi.54tiaw7eJe2wxg.h4UGvBff0P..EvJm'),
(71, 'AGNI EKA NINGSIH', '2410949', '2410949@smk7.sch.id', '', 'XI', 'PRODUKSI FILM', '2024-07-15', 'Islam', '', '2008-11-08', '', NULL, NULL, NULL, NULL, NULL, NULL, NULL, NULL, NULL, '$2y$10$qwwFBtaT8m.kfsDG2pQOi.54tiaw7eJe2wxg.h4UGvBff0P..EvJm'),
(72, 'ANANDA CAESAR RIO FERDINAND', '2410950', '2410950@smk7.sch.id', '', 'XI', 'PRODUKSI FILM', '2024-07-15', 'Islam', '', '2008-09-05', '', NULL, NULL, NULL, NULL, NULL, NULL, NULL, NULL, NULL, '$2y$10$qwwFBtaT8m.kfsDG2pQOi.54tiaw7eJe2wxg.h4UGvBff0P..EvJm'),
(73, 'ANEZKA SAFFA BAHTIAR', '2410951', '2410951@smk7.sch.id', '', 'XI', 'PRODUKSI FILM', '2024-07-15', 'Islam', '', '2008-07-04', '', NULL, NULL, NULL, NULL, NULL, NULL, NULL, NULL, NULL, '$2y$10$qwwFBtaT8m.kfsDG2pQOi.54tiaw7eJe2wxg.h4UGvBff0P..EvJm'),
(74, 'ANIPDA ZIDNEY ILMIYA', '2410952', '2410952@smk7.sch.id', '', 'XI', 'PRODUKSI FILM', '2024-07-15', 'Islam', '', '2009-05-02', '', NULL, NULL, NULL, NULL, NULL, NULL, NULL, NULL, NULL, '$2y$10$qwwFBtaT8m.kfsDG2pQOi.54tiaw7eJe2wxg.h4UGvBff0P..EvJm'),
(75, 'ATHIFA DELYZIA KEY', '2410953', '2410953@smk7.sch.id', '', 'XI', 'PRODUKSI FILM', '2024-07-15', 'Islam', '', '2009-02-28', '', NULL, NULL, NULL, NULL, NULL, NULL, NULL, NULL, NULL, '$2y$10$qwwFBtaT8m.kfsDG2pQOi.54tiaw7eJe2wxg.h4UGvBff0P..EvJm'),
(76, 'BRIANDIKA ALVIANO SAPUTRA', '2410955', '2410955@smk7.sch.id', '', 'XI', 'PRODUKSI FILM', '2024-07-15', 'Islam', '', '2008-12-26', '', NULL, NULL, NULL, NULL, NULL, NULL, NULL, NULL, NULL, '$2y$10$qwwFBtaT8m.kfsDG2pQOi.54tiaw7eJe2wxg.h4UGvBff0P..EvJm'),
(77, 'DZAKI HAIDAR JATI ANEVA', '2410956', '2410956@smk7.sch.id', '', 'XI', 'PRODUKSI FILM', '2024-07-15', 'Islam', '', '2008-10-24', '', NULL, NULL, NULL, NULL, NULL, NULL, NULL, NULL, NULL, '$2y$10$qwwFBtaT8m.kfsDG2pQOi.54tiaw7eJe2wxg.h4UGvBff0P..EvJm'),
(78, 'EMBUN DELA YOTA', '2410957', '2410957@smk7.sch.id', '', 'XI', 'PRODUKSI FILM', '2024-07-15', 'Islam', '', '2008-08-22', '', NULL, NULL, NULL, NULL, NULL, NULL, NULL, NULL, NULL, '$2y$10$qwwFBtaT8m.kfsDG2pQOi.54tiaw7eJe2wxg.h4UGvBff0P..EvJm'),
(79, 'ERFILIA SALSABILALA', '2410958', '2410958@smk7.sch.id', '', 'XI', 'PRODUKSI FILM', '2024-07-15', 'Islam', '', '2009-06-20', '', NULL, NULL, NULL, NULL, NULL, NULL, NULL, NULL, NULL, '$2y$10$qwwFBtaT8m.kfsDG2pQOi.54tiaw7eJe2wxg.h4UGvBff0P..EvJm'),
(80, 'FAQIH ULUMUDIN', '2410959', '2410959@smk7.sch.id', '', 'XI', 'PRODUKSI FILM', '2024-07-15', 'Islam', '', '2009-04-17', '', NULL, NULL, NULL, NULL, NULL, NULL, NULL, NULL, NULL, '$2y$10$qwwFBtaT8m.kfsDG2pQOi.54tiaw7eJe2wxg.h4UGvBff0P..EvJm'),
(81, 'GERRY LANDES LAIRLANANG', '2410960', '2410960@smk7.sch.id', NULL, 'XI', 'PRODUKSI FILM', '2024-07-15', 'Katolik', NULL, '2008-02-13', NULL, '', '', '', '', '', '', '', '', '', '$2y$10$qwwFBtaT8m.kfsDG2pQOi.54tiaw7eJe2wxg.h4UGvBff0P..EvJm'),
(82, 'KESYA DARLISA PUTRI', '2410961', '2410961@smk7.sch.id', '', 'XI', 'PRODUKSI FILM', '2024-07-15', 'Islam', '', '2008-12-12', '', NULL, NULL, NULL, NULL, NULL, NULL, NULL, NULL, NULL, '$2y$10$qwwFBtaT8m.kfsDG2pQOi.54tiaw7eJe2wxg.h4UGvBff0P..EvJm'),
(83, 'KHAASYA NAJWA PUTRI', '2410962', '2410962@smk7.sch.id', '', 'XI', 'PRODUKSI FILM', '2024-07-15', 'Islam', '', '2008-10-09', '', NULL, NULL, NULL, NULL, NULL, NULL, NULL, NULL, NULL, '$2y$10$qwwFBtaT8m.kfsDG2pQOi.54tiaw7eJe2wxg.h4UGvBff0P..EvJm'),
(84, 'KHARISMAHARANI CHERRY AYUNDA TITIANASA', '2410963', '2410963@smk7.sch.id', NULL, 'XI', 'PRODUKSI FILM', '2024-07-15', 'Kristen', NULL, '2009-08-07', NULL, '', '', '', '', '', '', '', '', '', '$2y$10$qwwFBtaT8m.kfsDG2pQOi.54tiaw7eJe2wxg.h4UGvBff0P..EvJm'),
(85, 'KHEIRA SHABRINA RIDWANA', '2410964', '2410964@smk7.sch.id', '', 'XI', 'PRODUKSI FILM', '2024-07-15', 'Islam', '', '2009-06-05', '', NULL, NULL, NULL, NULL, NULL, NULL, NULL, NULL, NULL, '$2y$10$qwwFBtaT8m.kfsDG2pQOi.54tiaw7eJe2wxg.h4UGvBff0P..EvJm'),
(86, 'KIRANA ISNA CANDRADEWI', '2410965', '2410965@smk7.sch.id', '', 'XI', 'PRODUKSI FILM', '2024-07-15', 'Islam', '', '2008-04-02', '', NULL, NULL, NULL, NULL, NULL, NULL, NULL, NULL, NULL, '$2y$10$qwwFBtaT8m.kfsDG2pQOi.54tiaw7eJe2wxg.h4UGvBff0P..EvJm'),
(87, 'LILO MUKTI WIBOWO', '2410966', '2410966@smk7.sch.id', '', 'XI', 'PRODUKSI FILM', '2024-07-15', 'Islam', '', '2008-01-30', '', NULL, NULL, NULL, NULL, NULL, NULL, NULL, NULL, NULL, '$2y$10$qwwFBtaT8m.kfsDG2pQOi.54tiaw7eJe2wxg.h4UGvBff0P..EvJm'),
(88, 'MARCELINO GERARD PRATAMA .W', '2410967', '2410967@smk7.sch.id', NULL, 'XI', 'PRODUKSI FILM', '2024-07-15', 'Katolik', NULL, '2008-11-27', NULL, '', '', '', '', '', '', '', '', '', '$2y$10$qwwFBtaT8m.kfsDG2pQOi.54tiaw7eJe2wxg.h4UGvBff0P..EvJm'),
(89, 'MIFTAHUL JANAH', '2410968', '2410968@smk7.sch.id', '', 'XI', 'PRODUKSI FILM', '2024-07-15', 'Islam', '', '2009-09-25', '', NULL, NULL, NULL, NULL, NULL, NULL, NULL, NULL, NULL, '$2y$10$qwwFBtaT8m.kfsDG2pQOi.54tiaw7eJe2wxg.h4UGvBff0P..EvJm'),
(90, 'MUHAMAD FAREL FARDANA', '2410969', '2410969@smk7.sch.id', '', 'XI', 'PRODUKSI FILM', '2024-07-15', 'Islam', '', '2009-07-24', '', NULL, NULL, NULL, NULL, NULL, NULL, NULL, NULL, NULL, '$2y$10$qwwFBtaT8m.kfsDG2pQOi.54tiaw7eJe2wxg.h4UGvBff0P..EvJm'),
(91, 'NAKITA SYAHWA AQILLA RAMADHANI', '2410970', '2410970@smk7.sch.id', '', 'XI', 'PRODUKSI FILM', '2024-07-15', 'Islam', '', '2009-05-22', '', NULL, NULL, NULL, NULL, NULL, NULL, NULL, NULL, NULL, '$2y$10$qwwFBtaT8m.kfsDG2pQOi.54tiaw7eJe2wxg.h4UGvBff0P..EvJm'),
(92, 'NARESWARA CLAYDIANTO', '2410971', '2410971@smk7.sch.id', '', 'XI', 'PRODUKSI FILM', '2024-07-15', 'Islam', '', '2008-03-19', '', NULL, NULL, NULL, NULL, NULL, NULL, NULL, NULL, NULL, '$2y$10$qwwFBtaT8m.kfsDG2pQOi.54tiaw7eJe2wxg.h4UGvBff0P..EvJm'),
(93, 'NATHANEL EBA SINDUTARA', '2410972', '2410972@smk7.sch.id', NULL, 'XI', 'PRODUKSI FILM', '2024-07-15', 'Katolik', NULL, '2008-01-15', NULL, '', '', '', '', '', '', '', '', '', '$2y$10$qwwFBtaT8m.kfsDG2pQOi.54tiaw7eJe2wxg.h4UGvBff0P..EvJm'),
(94, 'RIFKY BAGUS PRATAMA', '2410973', '2410973@smk7.sch.id', '', 'XI', 'PRODUKSI FILM', '2024-07-15', 'Islam', '', '2009-11-13', '', NULL, NULL, NULL, NULL, NULL, NULL, NULL, NULL, NULL, '$2y$10$qwwFBtaT8m.kfsDG2pQOi.54tiaw7eJe2wxg.h4UGvBff0P..EvJm'),
(95, 'RIZKY ADITYA BUSTAMI', '2410974', '2410974@smk7.sch.id', '', 'XI', 'PRODUKSI FILM', '2024-07-15', 'Islam', '', '2009-09-11', '', NULL, NULL, NULL, NULL, NULL, NULL, NULL, NULL, NULL, '$2y$10$qwwFBtaT8m.kfsDG2pQOi.54tiaw7eJe2wxg.h4UGvBff0P..EvJm'),
(96, 'RM. HARBANI RAKHA PRAHAMDANI', '2410975', '2410975@smk7.sch.id', '', 'XI', 'PRODUKSI FILM', '2024-07-15', 'Islam', '', '2009-07-10', '', NULL, NULL, NULL, NULL, NULL, NULL, NULL, NULL, NULL, '$2y$10$qwwFBtaT8m.kfsDG2pQOi.54tiaw7eJe2wxg.h4UGvBff0P..EvJm'),
(97, 'ROSALIDA ANGEL GRACIA TABUNI', '2410976', '2410976@smk7.sch.id', NULL, 'XI', 'PRODUKSI FILM', '2024-07-15', 'Kristen', NULL, '2008-05-07', NULL, '', '', '', '', '', '', '', '', '', '$2y$10$qwwFBtaT8m.kfsDG2pQOi.54tiaw7eJe2wxg.h4UGvBff0P..EvJm'),
(98, 'SYIFA DWI FAUZIAH', '2410977', '2410977@smk7.sch.id', '', 'XI', 'PRODUKSI FILM', '2024-07-15', 'Islam', '', '2008-03-04', '', NULL, NULL, NULL, NULL, NULL, NULL, NULL, NULL, NULL, '$2y$10$qwwFBtaT8m.kfsDG2pQOi.54tiaw7eJe2wxg.h4UGvBff0P..EvJm'),
(99, 'THOMAS GOWI HERA', '2410978', '2410978@smk7.sch.id', '', 'XI', 'PRODUKSI FILM', '2024-07-15', 'Islam', '', '2009-01-01', '', NULL, NULL, NULL, NULL, NULL, NULL, NULL, NULL, NULL, '$2y$10$qwwFBtaT8m.kfsDG2pQOi.54tiaw7eJe2wxg.h4UGvBff0P..EvJm'),
(100, 'VERNANDITO PASHA MARTJUANSYAH', '2410979', '2410979@smk7.sch.id', '', 'XI', 'PRODUKSI FILM', '2024-07-15', 'Islam', '', '2009-10-30', '', NULL, NULL, NULL, NULL, NULL, NULL, NULL, NULL, NULL, '$2y$10$qwwFBtaT8m.kfsDG2pQOi.54tiaw7eJe2wxg.h4UGvBff0P..EvJm'),
(101, 'YASMIN MALIKA SEKAR DEWI', '2410980', '2410980@smk7.sch.id', '', 'XI', 'PRODUKSI FILM', '2024-07-15', 'Islam', '', '2009-08-27', '', NULL, NULL, NULL, NULL, NULL, NULL, NULL, NULL, NULL, '$2y$10$qwwFBtaT8m.kfsDG2pQOi.54tiaw7eJe2wxg.h4UGvBff0P..EvJm'),
(102, 'YERICA NASHAKA DILLA', '2410981', '2410981@smk7.sch.id', '', 'XI', 'PRODUKSI FILM', '2024-07-15', 'Islam', '', '2008-06-25', '', NULL, NULL, NULL, NULL, NULL, NULL, NULL, NULL, NULL, '$2y$10$qwwFBtaT8m.kfsDG2pQOi.54tiaw7eJe2wxg.h4UGvBff0P..EvJm'),
(103, 'YUDHISTIRA DANADYAKSA ANDRA DARMAWAN', '2410982', '2410982@smk7.sch.id', '', 'XI', 'PRODUKSI FILM', '2024-07-15', 'Islam', '', '2008-04-22', '', NULL, NULL, NULL, NULL, NULL, NULL, NULL, NULL, NULL, '$2y$10$qwwFBtaT8m.kfsDG2pQOi.54tiaw7eJe2wxg.h4UGvBff0P..EvJm'),
(132, 'ABIGAIL CHRISANTIKA IVORY LUVENYA AMORE', '2511233', '2511233@smk7.sch.id', NULL, 'X', 'MANAJEMEN PERKANTORAN 2', '2025-07-14', 'Kristen', NULL, '2010-04-04', NULL, '', '', '', '', '', '', '', '', '', '$2y$10$qwwFBtaT8m.kfsDG2pQOi.54tiaw7eJe2wxg.h4UGvBff0P..EvJm'),
(133, 'AGUSTINA PRAMESTI NUGRAHENI', '2511234', '2511234@smk7.sch.id', NULL, 'X', 'MANAJEMEN PERKANTORAN 2', '2025-07-14', 'Katolik', NULL, '2010-01-16', NULL, '', '', '', '', '', '', '', '', '', '$2y$10$qwwFBtaT8m.kfsDG2pQOi.54tiaw7eJe2wxg.h4UGvBff0P..EvJm'),
(134, 'ANASTASIA KARIN ARIYANTO', '2511235', '2511235@smk7.sch.id', NULL, 'X', 'MANAJEMEN PERKANTORAN 2', '2025-07-14', 'Katolik', NULL, '2009-10-31', NULL, '', '', '', '', '', '', '', '', '', '$2y$10$qwwFBtaT8m.kfsDG2pQOi.54tiaw7eJe2wxg.h4UGvBff0P..EvJm'),
(135, 'ANNIPDA PUTRI AGUSTINA', '2511236', '2511236@smk7.sch.id', '', 'X', 'MANAJEMEN PERKANTORAN 2', '2025-07-14', 'Islam', '', '2009-08-15', '', NULL, NULL, NULL, NULL, NULL, NULL, NULL, NULL, NULL, '$2y$10$qwwFBtaT8m.kfsDG2pQOi.54tiaw7eJe2wxg.h4UGvBff0P..EvJm'),
(136, 'ASKIYA NUMALA TIRTA', '2511237', '2511237@smk7.sch.id', '', 'X', 'MANAJEMEN PERKANTORAN 2', '2025-07-14', 'Islam', '', '2010-05-30', '', NULL, NULL, NULL, NULL, NULL, NULL, NULL, NULL, NULL, '$2y$10$qwwFBtaT8m.kfsDG2pQOi.54tiaw7eJe2wxg.h4UGvBff0P..EvJm'),
(137, 'BIRGITTA NATALIA SRI SULISTYONINGSIH', '2511238', '2511238@smk7.sch.id', NULL, 'X', 'MANAJEMEN PERKANTORAN 2', '2025-07-14', 'Katolik', NULL, '2010-03-14', NULL, '', '', '', '', '', '', '', '', '', '$2y$10$qwwFBtaT8m.kfsDG2pQOi.54tiaw7eJe2wxg.h4UGvBff0P..EvJm'),
(138, 'CARISSA AMELIA PUTRI', '2511239', '2511239@smk7.sch.id', '', 'X', 'MANAJEMEN PERKANTORAN 2', '2025-07-14', 'Islam', '', '2009-12-27', '', NULL, NULL, NULL, NULL, NULL, NULL, NULL, NULL, NULL, '$2y$10$qwwFBtaT8m.kfsDG2pQOi.54tiaw7eJe2wxg.h4UGvBff0P..EvJm'),
(139, 'CHERRY ANANDYTA HUTAGALUNG', '2511240', '2511240@smk7.sch.id', NULL, 'X', 'MANAJEMEN PERKANTORAN 2', '2025-07-14', 'Kristen', NULL, '2009-10-11', NULL, '', '', '', '', '', '', '', '', '', '$2y$10$qwwFBtaT8m.kfsDG2pQOi.54tiaw7eJe2wxg.h4UGvBff0P..EvJm'),
(140, 'DILA NAFISA RAHMAYANI', '2511241', '2511241@smk7.sch.id', '', 'X', 'MANAJEMEN PERKANTORAN 2', '2025-07-14', 'Islam', '', '2010-07-25', '', NULL, NULL, NULL, NULL, NULL, NULL, NULL, NULL, NULL, '$2y$10$qwwFBtaT8m.kfsDG2pQOi.54tiaw7eJe2wxg.h4UGvBff0P..EvJm'),
(141, 'DYAH SEKAR LANGIT', '2511242', '2511242@smk7.sch.id', '', 'X', 'MANAJEMEN PERKANTORAN 2', '2025-07-14', 'Islam', '', '2009-05-09', '', NULL, NULL, NULL, NULL, NULL, NULL, NULL, NULL, NULL, '$2y$10$qwwFBtaT8m.kfsDG2pQOi.54tiaw7eJe2wxg.h4UGvBff0P..EvJm'),
(142, 'ELMIRA MAHRIN', '2511243', '2511243@smk7.sch.id', '', 'X', 'MANAJEMEN PERKANTORAN 2', '2025-07-14', 'Islam', '', '2009-02-21', '', NULL, NULL, NULL, NULL, NULL, NULL, NULL, NULL, NULL, '$2y$10$qwwFBtaT8m.kfsDG2pQOi.54tiaw7eJe2wxg.h4UGvBff0P..EvJm'),
(143, 'FARREL RAMA ADITYA', '2511244', '2511244@smk7.sch.id', '', 'X', 'MANAJEMEN PERKANTORAN 2', '2025-07-14', 'Islam', '', '2010-12-06', '', NULL, NULL, NULL, NULL, NULL, NULL, NULL, NULL, NULL, '$2y$10$qwwFBtaT8m.kfsDG2pQOi.54tiaw7eJe2wxg.h4UGvBff0P..EvJm'),
(144, 'FATIHA KARUNIA RONINDYA', '2511245', '2511245@smk7.sch.id', '', 'X', 'MANAJEMEN PERKANTORAN 2', '2025-07-14', 'Islam', '', '2010-09-20', '', NULL, NULL, NULL, NULL, NULL, NULL, NULL, NULL, NULL, '$2y$10$qwwFBtaT8m.kfsDG2pQOi.54tiaw7eJe2wxg.h4UGvBff0P..EvJm'),
(145, 'GIACINTA DELIMA', '2511246', '2511246@smk7.sch.id', NULL, 'X', 'MANAJEMEN PERKANTORAN 2', '2025-07-14', 'Katolik', NULL, '2009-07-05', NULL, '', '', '', '', '', '', '', '', '', '$2y$10$qwwFBtaT8m.kfsDG2pQOi.54tiaw7eJe2wxg.h4UGvBff0P..EvJm'),
(146, 'HERJATINDRA LURUN NIPDMARA', '2511247', '2511247@smk7.sch.id', '', 'X', 'MANAJEMEN PERKANTORAN 2', '2025-07-14', 'Islam', '', '2009-04-19', '', NULL, NULL, NULL, NULL, NULL, NULL, NULL, NULL, NULL, '$2y$10$qwwFBtaT8m.kfsDG2pQOi.54tiaw7eJe2wxg.h4UGvBff0P..EvJm'),
(147, 'HOKULEA RANGGA KRISYADI', '2511248', '2511248@smk7.sch.id', NULL, 'X', 'MANAJEMEN PERKANTORAN 2', '2025-07-14', 'Kristen', NULL, '2010-01-31', NULL, '', '', '', '', '', '', '', '', '', '$2y$10$qwwFBtaT8m.kfsDG2pQOi.54tiaw7eJe2wxg.h4UGvBff0P..EvJm'),
(148, 'IFFAH NAURAH HANAA', '2511249', '2511249@smk7.sch.id', '', 'X', 'MANAJEMEN PERKANTORAN 2', '2025-07-14', 'Islam', '', '2010-11-15', '', NULL, NULL, NULL, NULL, NULL, NULL, NULL, NULL, NULL, '$2y$10$qwwFBtaT8m.kfsDG2pQOi.54tiaw7eJe2wxg.h4UGvBff0P..EvJm'),
(149, 'KIRANA RAHAYU RIZKIANA', '2511250', '2511250@smk7.sch.id', NULL, 'X', 'MANAJEMEN PERKANTORAN 2', '2025-07-14', 'Katolik', NULL, '2009-08-30', NULL, '', '', '', '', '', '', '', '', '', '$2y$10$qwwFBtaT8m.kfsDG2pQOi.54tiaw7eJe2wxg.h4UGvBff0P..EvJm'),
(150, 'LUNETA AZ ZAHRA', '2511251', '2511251@smk7.sch.id', '', 'X', 'MANAJEMEN PERKANTORAN 2', '2025-07-14', 'Islam', '', '2009-06-14', '', NULL, NULL, NULL, NULL, NULL, NULL, NULL, NULL, NULL, '$2y$10$qwwFBtaT8m.kfsDG2pQOi.54tiaw7eJe2wxg.h4UGvBff0P..EvJm'),
(151, 'MEISYA LANA EFFENDI', '2511252', '2511252@smk7.sch.id', '', 'X', 'MANAJEMEN PERKANTORAN 2', '2025-07-14', 'Islam', '', '2010-03-29', '', NULL, NULL, NULL, NULL, NULL, NULL, NULL, NULL, NULL, '$2y$10$qwwFBtaT8m.kfsDG2pQOi.54tiaw7eJe2wxg.h4UGvBff0P..EvJm'),
(152, 'NABILLA ANFRIDA SELMA', '2511253', '2511253@smk7.sch.id', '', 'X', 'MANAJEMEN PERKANTORAN 2', '2025-07-14', 'Islam', '', '2010-01-11', '', NULL, NULL, NULL, NULL, NULL, NULL, NULL, NULL, NULL, '$2y$10$qwwFBtaT8m.kfsDG2pQOi.54tiaw7eJe2wxg.h4UGvBff0P..EvJm'),
(153, 'NOVIA DWI NUGRAHENI PUTRI', '2511254', '2511254@smk7.sch.id', NULL, 'X', 'MANAJEMEN PERKANTORAN 2', '2025-07-14', 'Katolik', NULL, '2009-10-26', NULL, '', '', '', '', '', '', '', '', '', '$2y$10$qwwFBtaT8m.kfsDG2pQOi.54tiaw7eJe2wxg.h4UGvBff0P..EvJm'),
(154, 'NURAINI MARIA SYAFA NASUTION', '2511255', '2511255@smk7.sch.id', '', 'X', 'MANAJEMEN PERKANTORAN 2', '2025-07-14', 'Islam', '', '2010-08-09', '', NULL, NULL, NULL, NULL, NULL, NULL, NULL, NULL, NULL, '$2y$10$qwwFBtaT8m.kfsDG2pQOi.54tiaw7eJe2wxg.h4UGvBff0P..EvJm'),
(155, 'OKTAVIA NUR ANGGRAINI', '2511256', '2511256@smk7.sch.id', '', 'X', 'MANAJEMEN PERKANTORAN 2', '2025-07-14', 'Islam', '', '2010-05-24', '', NULL, NULL, NULL, NULL, NULL, NULL, NULL, NULL, NULL, '$2y$10$qwwFBtaT8m.kfsDG2pQOi.54tiaw7eJe2wxg.h4UGvBff0P..EvJm'),
(156, 'PRIMA RISTA RIYAN QURNIA', '2511257', '2511257@smk7.sch.id', '', 'X', 'MANAJEMEN PERKANTORAN 2', '2025-07-14', 'Islam', '', '2009-03-08', '', NULL, NULL, NULL, NULL, NULL, NULL, NULL, NULL, NULL, '$2y$10$qwwFBtaT8m.kfsDG2pQOi.54tiaw7eJe2wxg.h4UGvBff0P..EvJm'),
(157, 'QOTHRUNNADA KIFA ERBANANDA', '2511258', '2511258@smk7.sch.id', '', 'X', 'MANAJEMEN PERKANTORAN 2', '2025-07-14', 'Islam', '', '2009-12-21', '', NULL, NULL, NULL, NULL, NULL, NULL, NULL, NULL, NULL, '$2y$10$qwwFBtaT8m.kfsDG2pQOi.54tiaw7eJe2wxg.h4UGvBff0P..EvJm'),
(158, 'QUIRRINE FASQUEZA SOELISTIYONO', '2511259', '2511259@smk7.sch.id', '', 'X', 'MANAJEMEN PERKANTORAN 2', '2025-07-14', 'Islam', '', '2010-10-05', '', NULL, NULL, NULL, NULL, NULL, NULL, NULL, NULL, NULL, '$2y$10$qwwFBtaT8m.kfsDG2pQOi.54tiaw7eJe2wxg.h4UGvBff0P..EvJm'),
(159, 'RAHMAT TRIWIJAYANTO', '2511260', '2511260@smk7.sch.id', '', 'X', 'MANAJEMEN PERKANTORAN 2', '2025-07-14', 'Islam', '', '2010-07-20', '', NULL, NULL, NULL, NULL, NULL, NULL, NULL, NULL, NULL, '$2y$10$qwwFBtaT8m.kfsDG2pQOi.54tiaw7eJe2wxg.h4UGvBff0P..EvJm'),
(160, 'RANIA RAHMAWATI', '2511261', '2511261@smk7.sch.id', '', 'X', 'MANAJEMEN PERKANTORAN 2', '2025-07-14', 'Islam', '', '2009-05-04', '', NULL, NULL, NULL, NULL, NULL, NULL, NULL, NULL, NULL, '$2y$10$qwwFBtaT8m.kfsDG2pQOi.54tiaw7eJe2wxg.h4UGvBff0P..EvJm'),
(161, 'SALWA AL FARZANA', '2511262', '2511262@smk7.sch.id', '', 'X', 'MANAJEMEN PERKANTORAN 2', '2025-07-14', 'Islam', '', '2009-02-15', '', NULL, NULL, NULL, NULL, NULL, NULL, NULL, NULL, NULL, '$2y$10$qwwFBtaT8m.kfsDG2pQOi.54tiaw7eJe2wxg.h4UGvBff0P..EvJm'),
(162, 'SAMUEL WISTARA ADHI', '2511263', '2511263@smk7.sch.id', NULL, 'X', 'MANAJEMEN PERKANTORAN 2', '2025-07-14', 'Katolik', NULL, '2010-11-30', NULL, '', '', '', '', '', '', '', '', '', '$2y$10$qwwFBtaT8m.kfsDG2pQOi.54tiaw7eJe2wxg.h4UGvBff0P..EvJm'),
(163, 'SHOFIA QURROTU AINI', '2511264', '2511264@smk7.sch.id', '', 'X', 'MANAJEMEN PERKANTORAN 2', '2025-07-14', 'Islam', '', '2010-09-14', '', NULL, NULL, NULL, NULL, NULL, NULL, NULL, NULL, NULL, '$2y$10$qwwFBtaT8m.kfsDG2pQOi.54tiaw7eJe2wxg.h4UGvBff0P..EvJm'),
(164, 'SILVIA BUNGA DENYANTI', '2511265', '2511265@smk7.sch.id', NULL, 'X', 'MANAJEMEN PERKANTORAN 2', '2025-07-14', 'Katolik', NULL, '2009-06-29', NULL, '', '', '', '', '', '', '', '', '', '$2y$10$qwwFBtaT8m.kfsDG2pQOi.54tiaw7eJe2wxg.h4UGvBff0P..EvJm'),
(165, 'SYIEFA SITTI ALYSSA KIRANA CAPULET', '2511266', '2511266@smk7.sch.id', '', 'X', 'MANAJEMEN PERKANTORAN 2', '2025-07-14', 'Islam', '', '2009-04-13', '', NULL, NULL, NULL, NULL, NULL, NULL, NULL, NULL, NULL, '$2y$10$qwwFBtaT8m.kfsDG2pQOi.54tiaw7eJe2wxg.h4UGvBff0P..EvJm'),
(166, 'TALITHA MORIA PRADITA', '2511267', '2511267@smk7.sch.id', '', 'X', 'MANAJEMEN PERKANTORAN 2', '2025-07-14', 'Islam', '', '2010-01-26', '', NULL, NULL, NULL, NULL, NULL, NULL, NULL, NULL, NULL, '$2y$10$qwwFBtaT8m.kfsDG2pQOi.54tiaw7eJe2wxg.h4UGvBff0P..EvJm'),
(167, 'ZANNUBA ARIFAH CHAFSOH', '2511268', '2511268@smk7.sch.id', NULL, 'X', 'MANAJEMEN PERKANTORAN 2', '2025-07-14', 'Islam', NULL, '2010-11-09', NULL, '', '', '', '089644755532', '', '', '', '', '', '$2y$10$qwwFBtaT8m.kfsDG2pQOi.54tiaw7eJe2wxg.h4UGvBff0P..EvJm'),
(195, 'ADITYA BAGAS FIRDIANSYAH', '2511162', '2511162@smk7.sch.id', NULL, 'X', 'DESAIN KOMUNIKASI VISUAL', '2025-07-14', 'Kristen', NULL, '2010-12-09', NULL, '', '', '', '', '', '', '', '', '', '$2y$10$qwwFBtaT8m.kfsDG2pQOi.54tiaw7eJe2wxg.h4UGvBff0P..EvJm'),
(196, 'AHMAD ZEVANNO EKAJATI', '2511163', '2511163@smk7.sch.id', '', 'X', 'DESAIN KOMUNIKASI VISUAL', '2025-07-14', 'Islam', '', '2010-09-23', '', NULL, NULL, NULL, NULL, NULL, NULL, NULL, NULL, NULL, '$2y$10$qwwFBtaT8m.kfsDG2pQOi.54tiaw7eJe2wxg.h4UGvBff0P..EvJm'),
(197, 'ALANA PUTRI KAMACHIKO', '2511164', '2511164@smk7.sch.id', '', 'X', 'DESAIN KOMUNIKASI VISUAL', '2025-07-14', 'Islam', '', '2009-07-08', '', NULL, NULL, NULL, NULL, NULL, NULL, NULL, NULL, NULL, '$2y$10$qwwFBtaT8m.kfsDG2pQOi.54tiaw7eJe2wxg.h4UGvBff0P..EvJm'),
(198, 'ALIFA PUTRI NEVA ADARA', '2511165', '2511165@smk7.sch.id', '', 'X', 'DESAIN KOMUNIKASI VISUAL', '2025-07-14', 'Islam', '', '2009-04-22', '', NULL, NULL, NULL, NULL, NULL, NULL, NULL, NULL, NULL, '$2y$10$qwwFBtaT8m.kfsDG2pQOi.54tiaw7eJe2wxg.h4UGvBff0P..EvJm'),
(199, 'ALYA KANZA SALSABILA PUTRI', '2511166', '2511166@smk7.sch.id', '', 'X', 'DESAIN KOMUNIKASI VISUAL', '2025-07-14', 'Islam', '', '2010-02-04', '', NULL, NULL, NULL, NULL, NULL, NULL, NULL, NULL, NULL, '$2y$10$qwwFBtaT8m.kfsDG2pQOi.54tiaw7eJe2wxg.h4UGvBff0P..EvJm'),
(200, 'ARTHANIA INDAH KURNIASARI', '2511167', '2511167@smk7.sch.id', '', 'X', 'DESAIN KOMUNIKASI VISUAL', '2025-07-14', 'Islam', '', '2010-11-19', '', NULL, NULL, NULL, NULL, NULL, NULL, NULL, NULL, NULL, '$2y$10$qwwFBtaT8m.kfsDG2pQOi.54tiaw7eJe2wxg.h4UGvBff0P..EvJm'),
(201, 'ATMA DWI PRASETYO', '2511168', '2511168@smk7.sch.id', '', 'X', 'DESAIN KOMUNIKASI VISUAL', '2025-07-14', 'Islam', '', '2009-09-02', '', NULL, NULL, NULL, NULL, NULL, NULL, NULL, NULL, NULL, '$2y$10$qwwFBtaT8m.kfsDG2pQOi.54tiaw7eJe2wxg.h4UGvBff0P..EvJm'),
(202, 'BRIAN PACIFIO', '2511169', '2511169@smk7.sch.id', '', 'X', 'DESAIN KOMUNIKASI VISUAL', '2025-07-14', 'Islam', '', '2009-06-17', '', NULL, NULL, NULL, NULL, NULL, NULL, NULL, NULL, NULL, '$2y$10$qwwFBtaT8m.kfsDG2pQOi.54tiaw7eJe2wxg.h4UGvBff0P..EvJm'),
(203, 'DEVIAS DEVAS CARYSSA PUTRI', '2511170', '2511170@smk7.sch.id', '', 'X', 'DESAIN KOMUNIKASI VISUAL', '2025-07-14', 'Islam', '', '2010-04-01', '', NULL, NULL, NULL, NULL, NULL, NULL, NULL, NULL, NULL, '$2y$10$qwwFBtaT8m.kfsDG2pQOi.54tiaw7eJe2wxg.h4UGvBff0P..EvJm'),
(204, 'ELIZABETH HESTYA', '2511171', '2511171@smk7.sch.id', NULL, 'X', 'DESAIN KOMUNIKASI VISUAL', '2025-07-14', 'Katolik', NULL, '2010-01-14', NULL, '', '', '', '', '', '', '', '', '', '$2y$10$qwwFBtaT8m.kfsDG2pQOi.54tiaw7eJe2wxg.h4UGvBff0P..EvJm'),
(205, 'FADHIL MAULANA PUTRA', '2511172', '2511172@smk7.sch.id', '', 'X', 'DESAIN KOMUNIKASI VISUAL', '2025-07-14', 'Islam', '', '2009-10-29', '', NULL, NULL, NULL, NULL, NULL, NULL, NULL, NULL, NULL, '$2y$10$qwwFBtaT8m.kfsDG2pQOi.54tiaw7eJe2wxg.h4UGvBff0P..EvJm'),
(206, 'FARAH KHAIRUNIPDA AZKA', '2511173', '2511173@smk7.sch.id', '', 'X', 'DESAIN KOMUNIKASI VISUAL', '2025-07-14', 'Islam', '', '2009-08-13', '', NULL, NULL, NULL, NULL, NULL, NULL, NULL, NULL, NULL, '$2y$10$qwwFBtaT8m.kfsDG2pQOi.54tiaw7eJe2wxg.h4UGvBff0P..EvJm'),
(207, 'HIDEYOSHI KENZO STEFANO PRAKOSO', '2511174', '2511174@smk7.sch.id', '', 'X', 'DESAIN KOMUNIKASI VISUAL', '2025-07-14', 'Islam', '', '2010-05-28', '', NULL, NULL, NULL, NULL, NULL, NULL, NULL, NULL, NULL, '$2y$10$qwwFBtaT8m.kfsDG2pQOi.54tiaw7eJe2wxg.h4UGvBff0P..EvJm'),
(208, 'IRAYA AMANDA FATIMAH', '2511175', '2511175@smk7.sch.id', '', 'X', 'DESAIN KOMUNIKASI VISUAL', '2025-07-14', 'Islam', '', '2009-03-11', '', NULL, NULL, NULL, NULL, NULL, NULL, NULL, NULL, NULL, '$2y$10$qwwFBtaT8m.kfsDG2pQOi.54tiaw7eJe2wxg.h4UGvBff0P..EvJm'),
(209, 'JESSA NAN MAHANARA', '2511176', '2511176@smk7.sch.id', NULL, 'X', 'DESAIN KOMUNIKASI VISUAL', '2025-07-14', 'Kristen', NULL, '2009-12-24', NULL, '', '', '', '', '', '', '', '', '', '$2y$10$qwwFBtaT8m.kfsDG2pQOi.54tiaw7eJe2wxg.h4UGvBff0P..EvJm'),
(210, 'JOANNA MARISKHA HOVA', '2511177', '2511177@smk7.sch.id', '', 'X', 'DESAIN KOMUNIKASI VISUAL', '2025-07-14', 'Islam', '', '2010-10-08', '', NULL, NULL, NULL, NULL, NULL, NULL, NULL, NULL, NULL, '$2y$10$qwwFBtaT8m.kfsDG2pQOi.54tiaw7eJe2wxg.h4UGvBff0P..EvJm'),
(211, 'KARNIA ARBAATUN SHOLIKHAH', '2511178', '2511178@smk7.sch.id', '', 'X', 'DESAIN KOMUNIKASI VISUAL', '2025-07-14', 'Islam', '', '2010-07-23', '', NULL, NULL, NULL, NULL, NULL, NULL, NULL, NULL, NULL, '$2y$10$qwwFBtaT8m.kfsDG2pQOi.54tiaw7eJe2wxg.h4UGvBff0P..EvJm'),
(212, 'KEYLA NAZWA ALHABSYI', '2511179', '2511179@smk7.sch.id', '', 'X', 'DESAIN KOMUNIKASI VISUAL', '2025-07-14', 'Islam', '', '2009-05-07', '', NULL, NULL, NULL, NULL, NULL, NULL, NULL, NULL, NULL, '$2y$10$qwwFBtaT8m.kfsDG2pQOi.54tiaw7eJe2wxg.h4UGvBff0P..EvJm'),
(213, 'KHANZA AULIA FIRDAUS', '2511180', '2511180@smk7.sch.id', '', 'X', 'DESAIN KOMUNIKASI VISUAL', '2025-07-14', 'Islam', '', '2009-02-19', '', NULL, NULL, NULL, NULL, NULL, NULL, NULL, NULL, NULL, '$2y$10$qwwFBtaT8m.kfsDG2pQOi.54tiaw7eJe2wxg.h4UGvBff0P..EvJm'),
(214, 'MOHAMMAD ALWI ALKHAF', '2511181', '2511181@smk7.sch.id', '', 'X', 'DESAIN KOMUNIKASI VISUAL', '2025-07-14', 'Islam', '', '2010-12-04', '', NULL, NULL, NULL, NULL, NULL, NULL, NULL, NULL, NULL, '$2y$10$qwwFBtaT8m.kfsDG2pQOi.54tiaw7eJe2wxg.h4UGvBff0P..EvJm'),
(215, 'MUHAMAD AIMAN', '2511377', '2511377@smk7.sch.id', '', 'X', 'DESAIN KOMUNIKASI VISUAL', '2025-07-14', 'Islam', '', '2010-09-17', '', NULL, NULL, NULL, NULL, NULL, NULL, NULL, NULL, NULL, '$2y$10$qwwFBtaT8m.kfsDG2pQOi.54tiaw7eJe2wxg.h4UGvBff0P..EvJm'),
(216, 'MUHAMMAD FAIZ ARFAN', '2511182', '2511182@smk7.sch.id', '', 'X', 'DESAIN KOMUNIKASI VISUAL', '2025-07-14', 'Islam', '', '2009-07-02', '', NULL, NULL, NULL, NULL, NULL, NULL, NULL, NULL, NULL, '$2y$10$qwwFBtaT8m.kfsDG2pQOi.54tiaw7eJe2wxg.h4UGvBff0P..EvJm'),
(217, 'MUHAMMAD FARKHAN WAFID', '2511183', '2511183@smk7.sch.id', '', 'X', 'DESAIN KOMUNIKASI VISUAL', '2025-07-14', 'Islam', '', '2009-04-16', '', NULL, NULL, NULL, NULL, NULL, NULL, NULL, NULL, NULL, '$2y$10$qwwFBtaT8m.kfsDG2pQOi.54tiaw7eJe2wxg.h4UGvBff0P..EvJm'),
(218, 'MUHAMMAD RASYID WIRATAMA', '2511184', '2511184@smk7.sch.id', '', 'X', 'DESAIN KOMUNIKASI VISUAL', '2025-07-14', 'Islam', '', '2010-01-29', '', NULL, NULL, NULL, NULL, NULL, NULL, NULL, NULL, NULL, '$2y$10$qwwFBtaT8m.kfsDG2pQOi.54tiaw7eJe2wxg.h4UGvBff0P..EvJm'),
(219, 'MUHAMMAD REVAN NAWADWIPA', '2511185', '2511185@smk7.sch.id', '', 'X', 'DESAIN KOMUNIKASI VISUAL', '2025-07-14', 'Islam', '', '2010-11-13', '', NULL, NULL, NULL, NULL, NULL, NULL, NULL, NULL, NULL, '$2y$10$qwwFBtaT8m.kfsDG2pQOi.54tiaw7eJe2wxg.h4UGvBff0P..EvJm'),
(220, 'MYIESHA IFFATY ZHAAFIRA', '2511186', '2511186@smk7.sch.id', '', 'X', 'DESAIN KOMUNIKASI VISUAL', '2025-07-14', 'Islam', '', '2009-08-28', '', NULL, NULL, NULL, NULL, NULL, NULL, NULL, NULL, NULL, '$2y$10$qwwFBtaT8m.kfsDG2pQOi.54tiaw7eJe2wxg.h4UGvBff0P..EvJm'),
(221, 'NAURA ANEIRA', '2511187', '2511187@smk7.sch.id', '', 'X', 'DESAIN KOMUNIKASI VISUAL', '2025-07-14', 'Islam', '', '2009-06-11', '', NULL, NULL, NULL, NULL, NULL, NULL, NULL, NULL, NULL, '$2y$10$qwwFBtaT8m.kfsDG2pQOi.54tiaw7eJe2wxg.h4UGvBff0P..EvJm'),
(222, 'NUR WASKITHA KANA ADOYA', '2511188', '2511188@smk7.sch.id', '', 'X', 'DESAIN KOMUNIKASI VISUAL', '2025-07-14', 'Islam', '', '2010-03-26', '', NULL, NULL, NULL, NULL, NULL, NULL, NULL, NULL, NULL, '$2y$10$qwwFBtaT8m.kfsDG2pQOi.54tiaw7eJe2wxg.h4UGvBff0P..EvJm'),
(223, 'RAFI NUR RAHMAT', '2511189', '2511189@smk7.sch.id', '', 'X', 'DESAIN KOMUNIKASI VISUAL', '2025-07-14', 'Islam', '', '2009-01-08', '', NULL, NULL, NULL, NULL, NULL, NULL, NULL, NULL, NULL, '$2y$10$qwwFBtaT8m.kfsDG2pQOi.54tiaw7eJe2wxg.h4UGvBff0P..EvJm'),
(224, 'RASYID ATHAYA RAMADHAN', '2511190', '2511190@smk7.sch.id', '', 'X', 'DESAIN KOMUNIKASI VISUAL', '2025-07-14', 'Islam', '', '2009-10-23', '', NULL, NULL, NULL, NULL, NULL, NULL, NULL, NULL, NULL, '$2y$10$qwwFBtaT8m.kfsDG2pQOi.54tiaw7eJe2wxg.h4UGvBff0P..EvJm'),
(225, 'RAYSHA RAMANIAGHASANI PRATISDILATIFA', '2511191', '2511191@smk7.sch.id', '', 'X', 'DESAIN KOMUNIKASI VISUAL', '2025-07-14', 'Islam', '', '2010-08-07', '', NULL, NULL, NULL, NULL, NULL, NULL, NULL, NULL, NULL, '$2y$10$qwwFBtaT8m.kfsDG2pQOi.54tiaw7eJe2wxg.h4UGvBff0P..EvJm'),
(226, 'RIFQI NARARYA KUSUMAS RESTHA', '2511192', '2511192@smk7.sch.id', '', 'X', 'DESAIN KOMUNIKASI VISUAL', '2025-07-14', 'Islam', '', '2010-05-22', '', NULL, NULL, NULL, NULL, NULL, NULL, NULL, NULL, NULL, '$2y$10$qwwFBtaT8m.kfsDG2pQOi.54tiaw7eJe2wxg.h4UGvBff0P..EvJm'),
(227, 'SAFIRA MAHARANI', '2511193', '2511193@smk7.sch.id', '', 'X', 'DESAIN KOMUNIKASI VISUAL', '2025-07-14', 'Islam', '', '2009-03-06', '', NULL, NULL, NULL, NULL, NULL, NULL, NULL, NULL, NULL, '$2y$10$qwwFBtaT8m.kfsDG2pQOi.54tiaw7eJe2wxg.h4UGvBff0P..EvJm'),
(228, 'SEKAR WANGI LUHUR PAMBUDI', '2511194', '2511194@smk7.sch.id', '', 'X', 'DESAIN KOMUNIKASI VISUAL', '2025-07-14', 'Islam', '', '2009-12-18', '', NULL, NULL, NULL, NULL, NULL, NULL, NULL, NULL, NULL, '$2y$10$qwwFBtaT8m.kfsDG2pQOi.54tiaw7eJe2wxg.h4UGvBff0P..EvJm'),
(229, 'SETYO URIP WICAKSONO', '2511195', '2511195@smk7.sch.id', '', 'X', 'DESAIN KOMUNIKASI VISUAL', '2025-07-14', 'Islam', '', '2010-10-02', '', NULL, NULL, NULL, NULL, NULL, NULL, NULL, NULL, NULL, '$2y$10$qwwFBtaT8m.kfsDG2pQOi.54tiaw7eJe2wxg.h4UGvBff0P..EvJm'),
(230, 'YUMNA ALFIYAH NASYWA', '2511196', '2511196@smk7.sch.id', '', 'X', 'DESAIN KOMUNIKASI VISUAL', '2025-07-14', 'Islam', '', '2010-07-17', '', NULL, NULL, NULL, NULL, NULL, NULL, NULL, NULL, NULL, '$2y$10$qwwFBtaT8m.kfsDG2pQOi.54tiaw7eJe2wxg.h4UGvBff0P..EvJm'),
(258, 'AHMAD DANI RIZKYA GHIFARI', '2511305', '2511305@smk7.sch.id', '', 'X', 'PRODUKSI FILM', '2025-07-14', 'Islam', '', '2009-08-16', '', NULL, NULL, NULL, NULL, NULL, NULL, NULL, NULL, NULL, '$2y$10$qwwFBtaT8m.kfsDG2pQOi.54tiaw7eJe2wxg.h4UGvBff0P..EvJm'),
(259, 'ALBIANSYAH ARYA RAMADHAN', '2511306', '2511306@smk7.sch.id', '', 'X', 'PRODUKSI FILM', '2025-07-14', 'Islam', '', '2010-05-31', '', NULL, NULL, NULL, NULL, NULL, NULL, NULL, NULL, NULL, '$2y$10$qwwFBtaT8m.kfsDG2pQOi.54tiaw7eJe2wxg.h4UGvBff0P..EvJm'),
(260, 'ANINDYA PUTRI TIFANI', '2511308', '2511308@smk7.sch.id', '', 'X', 'PRODUKSI FILM', '2025-07-14', 'Islam', '', '2010-03-15', '', NULL, NULL, NULL, NULL, NULL, NULL, NULL, NULL, NULL, '$2y$10$qwwFBtaT8m.kfsDG2pQOi.54tiaw7eJe2wxg.h4UGvBff0P..EvJm'),
(261, 'ANNIPDA AURA AL-GHIFARI', '2511310', '2511310@smk7.sch.id', '', 'X', 'PRODUKSI FILM', '2025-07-14', 'Islam', '', '2009-12-28', '', NULL, NULL, NULL, NULL, NULL, NULL, NULL, NULL, NULL, '$2y$10$qwwFBtaT8m.kfsDG2pQOi.54tiaw7eJe2wxg.h4UGvBff0P..EvJm'),
(262, 'ANNURYAH EMBUN KUSUMADEWI', '2511311', '2511311@smk7.sch.id', '', 'X', 'PRODUKSI FILM', '2025-07-14', 'Islam', '', '2010-10-11', '', NULL, NULL, NULL, NULL, NULL, NULL, NULL, NULL, NULL, '$2y$10$qwwFBtaT8m.kfsDG2pQOi.54tiaw7eJe2wxg.h4UGvBff0P..EvJm'),
(263, 'ARCELIN NAYLA NAFLAH', '2511312', '2511312@smk7.sch.id', '', 'X', 'PRODUKSI FILM', '2025-07-14', 'Islam', '', '2010-07-26', '', NULL, NULL, NULL, NULL, NULL, NULL, NULL, NULL, NULL, '$2y$10$qwwFBtaT8m.kfsDG2pQOi.54tiaw7eJe2wxg.h4UGvBff0P..EvJm'),
(264, 'AUREL LARASATI PUTRI RAHMADANI', '2511313', '2511313@smk7.sch.id', '', 'X', 'PRODUKSI FILM', '2025-07-14', 'Islam', '', '2009-05-10', '', NULL, NULL, NULL, NULL, NULL, NULL, NULL, NULL, NULL, '$2y$10$qwwFBtaT8m.kfsDG2pQOi.54tiaw7eJe2wxg.h4UGvBff0P..EvJm'),
(265, 'AURELIA TRIHAPSARI AWINA', '2511314', '2511314@smk7.sch.id', '', 'X', 'PRODUKSI FILM', '2025-07-14', 'Islam', '', '2009-02-22', '', NULL, NULL, NULL, NULL, NULL, NULL, NULL, NULL, NULL, '$2y$10$qwwFBtaT8m.kfsDG2pQOi.54tiaw7eJe2wxg.h4UGvBff0P..EvJm'),
(266, 'BERNARDINUS GABRIEL WISHNU MAHESWARA', '2511316', '2511316@smk7.sch.id', NULL, 'X', 'PRODUKSI FILM', '2025-07-14', 'Katolik', NULL, '2010-12-07', NULL, '', '', '', '', '', '', '', '', '', '$2y$10$qwwFBtaT8m.kfsDG2pQOi.54tiaw7eJe2wxg.h4UGvBff0P..EvJm'),
(267, 'BRIANT PRADIPTYA DWIASA', '2511317', '2511317@smk7.sch.id', '', 'X', 'PRODUKSI FILM', '2025-07-14', 'Islam', '', '2010-09-21', '', NULL, NULL, NULL, NULL, NULL, NULL, NULL, NULL, NULL, '$2y$10$qwwFBtaT8m.kfsDG2pQOi.54tiaw7eJe2wxg.h4UGvBff0P..EvJm'),
(268, 'CAMELIA MARITZA ADICAHYA', '2511318', '2511318@smk7.sch.id', '', 'X', 'PRODUKSI FILM', '2025-07-14', 'Islam', '', '2009-07-06', '', NULL, NULL, NULL, NULL, NULL, NULL, NULL, NULL, NULL, '$2y$10$qwwFBtaT8m.kfsDG2pQOi.54tiaw7eJe2wxg.h4UGvBff0P..EvJm'),
(269, 'DEVITA SUCI SILVIANI', '2511319', '2511319@smk7.sch.id', '', 'X', 'PRODUKSI FILM', '2025-07-14', 'Islam', '', '2009-04-19', '', NULL, NULL, NULL, NULL, NULL, NULL, NULL, NULL, NULL, '$2y$10$qwwFBtaT8m.kfsDG2pQOi.54tiaw7eJe2wxg.h4UGvBff0P..EvJm'),
(270, 'ERLITA AMANDARI', '2511320', '2511320@smk7.sch.id', '', 'X', 'PRODUKSI FILM', '2025-07-14', 'Islam', '', '2010-02-01', '', NULL, NULL, NULL, NULL, NULL, NULL, NULL, NULL, NULL, '$2y$10$qwwFBtaT8m.kfsDG2pQOi.54tiaw7eJe2wxg.h4UGvBff0P..EvJm'),
(271, 'HERJUNO PANJI PRABOWO', '2511321', '2511321@smk7.sch.id', '', 'X', 'PRODUKSI FILM', '2025-07-14', 'Islam', '', '2010-11-16', '', NULL, NULL, NULL, NULL, NULL, NULL, NULL, NULL, NULL, '$2y$10$qwwFBtaT8m.kfsDG2pQOi.54tiaw7eJe2wxg.h4UGvBff0P..EvJm'),
(272, 'JOSES SALVADOR DALLY', '2511322', '2511322@smk7.sch.id', NULL, 'X', 'PRODUKSI FILM', '2025-07-14', 'Katolik', NULL, '2009-08-31', NULL, '', '', '', '', '', '', '', '', '', '$2y$10$qwwFBtaT8m.kfsDG2pQOi.54tiaw7eJe2wxg.h4UGvBff0P..EvJm'),
(273, 'KAIRANI AYU CHINTYA', '2511323', '2511323@smk7.sch.id', '', 'X', 'PRODUKSI FILM', '2025-07-14', 'Islam', '', '2009-06-15', '', NULL, NULL, NULL, NULL, NULL, NULL, NULL, NULL, NULL, '$2y$10$qwwFBtaT8m.kfsDG2pQOi.54tiaw7eJe2wxg.h4UGvBff0P..EvJm'),
(274, 'MAERLINA PUTRI WIDIYARAHMA', '2511325', '2511325@smk7.sch.id', '', 'X', 'PRODUKSI FILM', '2025-07-14', 'Islam', '', '2010-03-30', '', NULL, NULL, NULL, NULL, NULL, NULL, NULL, NULL, NULL, '$2y$10$qwwFBtaT8m.kfsDG2pQOi.54tiaw7eJe2wxg.h4UGvBff0P..EvJm'),
(275, 'MATHEUS ELWOOD CAEL', '2511326', '2511326@smk7.sch.id', NULL, 'X', 'PRODUKSI FILM', '2025-07-14', 'Katolik', NULL, '2010-01-11', NULL, '', '', '', '', '', '', '', '', '', '$2y$10$qwwFBtaT8m.kfsDG2pQOi.54tiaw7eJe2wxg.h4UGvBff0P..EvJm'),
(276, 'MUHAMMAD ANTARES KUMARA PUTRA', '2511327', '2511327@smk7.sch.id', '', 'X', 'PRODUKSI FILM', '2025-07-14', 'Islam', '', '2009-10-26', '', NULL, NULL, NULL, NULL, NULL, NULL, NULL, NULL, NULL, '$2y$10$qwwFBtaT8m.kfsDG2pQOi.54tiaw7eJe2wxg.h4UGvBff0P..EvJm'),
(277, 'MUZHIDA ZAHRA DIRGAHAYU', '2511328', '2511328@smk7.sch.id', '', 'X', 'PRODUKSI FILM', '2025-07-14', 'Islam', '', '2010-08-10', '', NULL, NULL, NULL, NULL, NULL, NULL, NULL, NULL, NULL, '$2y$10$qwwFBtaT8m.kfsDG2pQOi.54tiaw7eJe2wxg.h4UGvBff0P..EvJm'),
(278, 'NADIFA SALSABILA', '2511329', '2511329@smk7.sch.id', '', 'X', 'PRODUKSI FILM', '2025-07-14', 'Islam', '', '2010-05-25', '', NULL, NULL, NULL, NULL, NULL, NULL, NULL, NULL, NULL, '$2y$10$qwwFBtaT8m.kfsDG2pQOi.54tiaw7eJe2wxg.h4UGvBff0P..EvJm'),
(279, 'NATASYA MIFTAH NUR AULIA', '2511330', '2511330@smk7.sch.id', '', 'X', 'PRODUKSI FILM', '2025-07-14', 'Islam', '', '2009-03-09', '', NULL, NULL, NULL, NULL, NULL, NULL, NULL, NULL, NULL, '$2y$10$qwwFBtaT8m.kfsDG2pQOi.54tiaw7eJe2wxg.h4UGvBff0P..EvJm'),
(280, 'NAURALITA ADINDA NARESWARI', '2511331', '2511331@smk7.sch.id', '', 'X', 'PRODUKSI FILM', '2025-07-14', 'Islam', '', '2009-12-22', '', NULL, NULL, NULL, NULL, NULL, NULL, NULL, NULL, NULL, '$2y$10$qwwFBtaT8m.kfsDG2pQOi.54tiaw7eJe2wxg.h4UGvBff0P..EvJm'),
(281, 'PRIZKA NOOR MAHARANI', '2511332', '2511332@smk7.sch.id', '', 'X', 'PRODUKSI FILM', '2025-07-14', 'Islam', '', '2010-10-06', '', NULL, NULL, NULL, NULL, NULL, NULL, NULL, NULL, NULL, '$2y$10$qwwFBtaT8m.kfsDG2pQOi.54tiaw7eJe2wxg.h4UGvBff0P..EvJm'),
(282, 'PUTRIA ALMIRA DAMAYANTI', '2511333', '2511333@smk7.sch.id', '', 'X', 'PRODUKSI FILM', '2025-07-14', 'Islam', '', '2010-07-20', '', NULL, NULL, NULL, NULL, NULL, NULL, NULL, NULL, NULL, '$2y$10$qwwFBtaT8m.kfsDG2pQOi.54tiaw7eJe2wxg.h4UGvBff0P..EvJm'),
(283, 'RISANG SASADARA', '2511334', '2511334@smk7.sch.id', '', 'X', 'PRODUKSI FILM', '2025-07-14', 'Islam', '', '2009-05-04', '', NULL, NULL, NULL, NULL, NULL, NULL, NULL, NULL, NULL, '$2y$10$qwwFBtaT8m.kfsDG2pQOi.54tiaw7eJe2wxg.h4UGvBff0P..EvJm'),
(284, 'SABRINA FITRI NORMAYANA', '2511335', '2511335@smk7.sch.id', '', 'X', 'PRODUKSI FILM', '2025-07-14', 'Islam', '', '2009-02-16', '', NULL, NULL, NULL, NULL, NULL, NULL, NULL, NULL, NULL, '$2y$10$qwwFBtaT8m.kfsDG2pQOi.54tiaw7eJe2wxg.h4UGvBff0P..EvJm'),
(285, 'SAKURA CAHYA ROSIVA', '2511336', '2511336@smk7.sch.id', '', 'X', 'PRODUKSI FILM', '2025-07-14', 'Islam', '', '2010-12-01', '', NULL, NULL, NULL, NULL, NULL, NULL, NULL, NULL, NULL, '$2y$10$qwwFBtaT8m.kfsDG2pQOi.54tiaw7eJe2wxg.h4UGvBff0P..EvJm'),
(286, 'SYAHRINA ZUNIYARTI', '2511337', '2511337@smk7.sch.id', '', 'X', 'PRODUKSI FILM', '2025-07-14', 'Islam', '', '2010-09-15', '', NULL, NULL, NULL, NULL, NULL, NULL, NULL, NULL, NULL, '$2y$10$qwwFBtaT8m.kfsDG2pQOi.54tiaw7eJe2wxg.h4UGvBff0P..EvJm'),
(287, 'TOBIAS LEON WICAKSONO', '2511338', '2511338@smk7.sch.id', NULL, 'X', 'PRODUKSI FILM', '2025-07-14', 'Kristen', NULL, '2009-06-30', NULL, '', '', '', '', '', '', '', '', '', '$2y$10$qwwFBtaT8m.kfsDG2pQOi.54tiaw7eJe2wxg.h4UGvBff0P..EvJm'),
(288, 'VALENCIA ALMAIRA KIRANI', '2511339', '2511339@smk7.sch.id', '', 'X', 'PRODUKSI FILM', '2025-07-14', 'Islam', '', '2009-04-14', '', NULL, NULL, NULL, NULL, NULL, NULL, NULL, NULL, NULL, '$2y$10$qwwFBtaT8m.kfsDG2pQOi.54tiaw7eJe2wxg.h4UGvBff0P..EvJm'),
(289, 'WILIANSYAH PAMUNGKAS', '2511340', '2511340@smk7.sch.id', '', 'X', 'PRODUKSI FILM', '2025-07-14', 'Islam', '', '2010-01-26', '', NULL, NULL, NULL, NULL, NULL, NULL, NULL, NULL, NULL, '$2y$10$qwwFBtaT8m.kfsDG2pQOi.54tiaw7eJe2wxg.h4UGvBff0P..EvJm');

-- --------------------------------------------------------

--
-- Table structure for table `jadwal_mata_pelajaran`
--

CREATE TABLE `jadwal_mata_pelajaran` (
  `id` int NOT NULL,
  `kelas_jadwal_id` int NOT NULL,
  `nama_kelas` varchar(50) NOT NULL,
  `nama_mata_pelajaran` varchar(120) NOT NULL,
  `guru_pengampu` int DEFAULT NULL,
  `hari` enum('Senin','Selasa','Rabu','Kamis','Jumat','Sabtu','Minggu') NOT NULL,
  `jam_mulai` time NOT NULL,
  `jam_selesai` time NOT NULL,
  `ruang` varchar(80) DEFAULT NULL
) ENGINE=InnoDB DEFAULT CHARSET=utf8mb4 COLLATE=utf8mb4_0900_ai_ci;

--
-- Dumping data for table `jadwal_mata_pelajaran`
--

INSERT INTO `jadwal_mata_pelajaran` (`id`, `kelas_jadwal_id`, `nama_kelas`, `nama_mata_pelajaran`, `guru_pengampu`, `hari`, `jam_mulai`, `jam_selesai`, `ruang`) VALUES
(10, 1, 'X AKUNTANSI 1', 'Projek IPAS', 39, 'Senin', '07:00:00', '09:00:00', 'RB. 205'),
(11, 1, 'X AKUNTANSI 1', 'Pend. Agama', 15, 'Senin', '09:15:00', '11:15:00', 'RB. 205'),
(12, 1, 'X AKUNTANSI 1', 'S. Budaya', 29, 'Senin', '11:15:00', '13:05:00', 'RB. 205'),
(13, 1, 'X AKUNTANSI 1', 'B. Indo', 23, 'Senin', '13:05:00', '14:25:00', 'RB. 205'),
(14, 1, 'X AKUNTANSI 1', 'Informatika', 38, 'Selasa', '07:00:00', '09:55:00', 'RD.101/Lab. AK'),
(15, 1, 'X AKUNTANSI 1', 'Spreadsheet', 43, 'Selasa', '09:55:00', '11:55:00', 'RD.101/Lab. AK'),
(16, 1, 'X AKUNTANSI 1', 'B. Inggris', 33, 'Selasa', '12:25:00', '13:45:00', 'Lab. Bahasa'),
(17, 1, 'X AKUNTANSI 1', 'Sejarah', 28, 'Selasa', '13:45:00', '15:05:00', 'RB. 205'),
(18, 1, 'X AKUNTANSI 1', 'KKA', 66, 'Rabu', '07:00:00', '08:20:00', 'RD.101/Lab. AK'),
(19, 1, 'X AKUNTANSI 1', 'Matematika', 32, 'Rabu', '08:20:00', '09:55:00', 'RB. 205'),
(20, 1, 'X AKUNTANSI 1', 'B. Inggris', 33, 'Rabu', '09:55:00', '11:15:00', 'Lab. Bahasa'),
(21, 1, 'X AKUNTANSI 1', 'Desain Batik', 76, 'Rabu', '11:15:00', '13:05:00', 'RB. 205'),
(22, 1, 'X AKUNTANSI 1', 'DP.AK. Akuntansi Dasar', 42, 'Rabu', '13:05:00', '15:05:00', 'RB. 205'),
(23, 1, 'X AKUNTANSI 1', 'DP.AK. Akuntansi Dasar', 42, 'Kamis', '07:00:00', '09:00:00', 'RB. 205'),
(24, 1, 'X AKUNTANSI 1', 'Pendidikan Pancasila', 21, 'Kamis', '09:15:00', '10:35:00', 'RB. 205'),
(25, 1, 'X AKUNTANSI 1', 'Projek IPAS', 39, 'Kamis', '10:35:00', '13:05:00', 'RB. 205'),
(26, 1, 'X AKUNTANSI 1', 'DP.AK. Perbankan Dasar', 47, 'Kamis', '13:05:00', '15:05:00', 'RB. 205'),
(27, 1, 'X AKUNTANSI 1', 'B. Indo', 23, 'Jumat', '07:00:00', '08:20:00', 'RB. 205'),
(28, 1, 'X AKUNTANSI 1', 'PJOR', 25, 'Jumat', '08:20:00', '10:35:00', 'RB. 205'),
(29, 1, 'X AKUNTANSI 1', 'Matematika', 32, 'Jumat', '10:35:00', '11:55:00', 'RB. 205'),
(41, 2, 'X AKUNTANSI 2', 'Matematika', 32, 'Senin', '07:00:00', '08:20:00', 'RB. 301'),
(42, 2, 'X AKUNTANSI 2', 'B. Inggris', 33, 'Senin', '08:20:00', '09:55:00', '19. Lab. Bahasa'),
(43, 2, 'X AKUNTANSI 2', 'B. Indo', 24, 'Senin', '09:55:00', '11:15:00', 'RB. 301'),
(44, 2, 'X AKUNTANSI 2', 'Informatika', 38, 'Senin', '11:15:00', '14:25:00', '1. RD.101/Lab. AK'),
(45, 2, 'X AKUNTANSI 2', 'DP.AK. Akuntansi Dasar', 41, 'Selasa', '07:00:00', '09:15:00', 'RB. 301'),
(46, 2, 'X AKUNTANSI 2', 'Desain Batik', 76, 'Selasa', '09:15:00', '10:35:00', 'RB. 301'),
(47, 2, 'X AKUNTANSI 2', 'Projek IPAS', 39, 'Selasa', '10:35:00', '13:05:00', 'RB. 301'),
(48, 2, 'X AKUNTANSI 2', 'Spreadsheet', 43, 'Selasa', '13:05:00', '15:05:00', '1. RD.101/Lab. AK'),
(49, 2, 'X AKUNTANSI 2', 'B. Inggris', 33, 'Rabu', '07:00:00', '08:20:00', '19. Lab. Bahasa'),
(50, 2, 'X AKUNTANSI 2', 'KKA', 66, 'Rabu', '08:20:00', '09:55:00', '1. RD.101/Lab. AK'),
(51, 2, 'X AKUNTANSI 2', 'Projek IPAS', 39, 'Rabu', '09:55:00', '11:55:00', 'RB. 301'),
(52, 2, 'X AKUNTANSI 2', 'Sejarah', 28, 'Rabu', '12:25:00', '13:45:00', 'RB. 301'),
(53, 2, 'X AKUNTANSI 2', 'B. Indo', 24, 'Rabu', '13:45:00', '15:05:00', 'RB. 301'),
(54, 2, 'X AKUNTANSI 2', 'Matematika', 32, 'Kamis', '07:00:00', '08:20:00', 'RB. 301'),
(55, 2, 'X AKUNTANSI 2', 'PJOR', 25, 'Kamis', '08:20:00', '10:35:00', 'RB. 301'),
(56, 2, 'X AKUNTANSI 2', 'DP.AK. Perbankan Dasar', 47, 'Kamis', '10:35:00', '13:05:00', 'RB. 301'),
(57, 2, 'X AKUNTANSI 2', 'DP.AK. Akuntansi Dasar', 41, 'Kamis', '13:05:00', '15:05:00', 'RB. 301'),
(58, 2, 'X AKUNTANSI 2', 'Pend. Agama', 15, 'Jumat', '07:00:00', '09:00:00', 'RB. 301'),
(59, 2, 'X AKUNTANSI 2', 'Pendidikan Pancasila', 21, 'Jumat', '09:15:00', '10:35:00', 'RB. 301'),
(60, 2, 'X AKUNTANSI 2', 'S. Budaya', 29, 'Jumat', '10:35:00', '11:55:00', 'RB. 301'),
(72, 7, 'X BISNIPD DIGITAL', 'Desain Batik', 76, 'Senin', '07:00:00', '08:20:00', 'RI. 203'),
(73, 7, 'X BISNIPD DIGITAL', 'Matematika', 30, 'Senin', '08:20:00', '09:55:00', 'RI. 203'),
(74, 7, 'X BISNIPD DIGITAL', 'DP.BD. Kecakapan Kerja Dasar, K3 dan Budaya kerja', 56, 'Senin', '09:55:00', '11:55:00', 'RI. 203'),
(75, 7, 'X BISNIPD DIGITAL', 'DP.BD. Wawasan Dunia Kerja Bid. Pemasaran', 47, 'Senin', '12:25:00', '14:25:00', 'RI. 203'),
(76, 7, 'X BISNIPD DIGITAL', 'Pend. Agama', 17, 'Selasa', '07:00:00', '09:00:00', 'RI. 203'),
(77, 7, 'X BISNIPD DIGITAL', 'DP.BD. Kecakapan Kerja Dasar, K3 dan Budaya kerja', 56, 'Selasa', '09:15:00', '11:55:00', 'RI. 203'),
(78, 7, 'X BISNIPD DIGITAL', 'Pendidikan Pancasila', 21, 'Selasa', '12:25:00', '13:45:00', 'RI. 203'),
(79, 7, 'X BISNIPD DIGITAL', 'DP.BD. Wawasan Dunia Kerja Bid. Pemasaran', 47, 'Selasa', '13:45:00', '15:05:00', 'RI. 203'),
(80, 7, 'X BISNIPD DIGITAL', 'Matematika', 30, 'Rabu', '07:00:00', '08:20:00', 'RI. 203'),
(81, 7, 'X BISNIPD DIGITAL', 'PJOR', 25, 'Rabu', '08:20:00', '10:35:00', 'RI. 203'),
(82, 7, 'X BISNIPD DIGITAL', 'B. Indo', 23, 'Rabu', '10:35:00', '11:55:00', 'RI. 203'),
(83, 7, 'X BISNIPD DIGITAL', 'Sejarah', 27, 'Rabu', '12:25:00', '13:45:00', 'RI. 203'),
(84, 7, 'X BISNIPD DIGITAL', 'B. Inggris', 34, 'Rabu', '13:45:00', '15:05:00', '19. Lab. Bahasa'),
(85, 7, 'X BISNIPD DIGITAL', 'B. Indo', 23, 'Kamis', '07:00:00', '08:20:00', 'RI. 203'),
(86, 7, 'X BISNIPD DIGITAL', 'Projek IPAS', 39, 'Kamis', '08:20:00', '10:35:00', 'RI. 203'),
(87, 7, 'X BISNIPD DIGITAL', 'KKA', 38, 'Kamis', '10:35:00', '11:55:00', '3. RH. 202/Lab. E-Commerce'),
(88, 7, 'X BISNIPD DIGITAL', 'B. Inggris', 34, 'Kamis', '12:25:00', '13:45:00', '19. Lab. Bahasa'),
(89, 7, 'X BISNIPD DIGITAL', 'S. Budaya', 29, 'Kamis', '13:45:00', '15:05:00', 'RI. 203'),
(90, 7, 'X BISNIPD DIGITAL', 'Informatika', 38, 'Jumat', '07:00:00', '09:55:00', '3. RH. 202/Lab. E-Commerce'),
(91, 7, 'X BISNIPD DIGITAL', 'Projek IPAS', 39, 'Jumat', '09:55:00', '11:55:00', 'RI. 203'),
(103, 10, 'X DESAIN KOMUNIKASI VISUAL', 'Informatika', 66, 'Jumat', '09:55:00', '11:55:00', '10. RC.201/Lab. KJ'),
(104, 10, 'X DESAIN KOMUNIKASI VISUAL', 'Pend. Agama', 16, 'Jumat', '07:00:00', '09:00:00', 'RI. 104'),
(105, 10, 'X DESAIN KOMUNIKASI VISUAL', 'B. Indo', 24, 'Kamis', '07:00:00', '08:20:00', 'RI. 104'),
(106, 10, 'X DESAIN KOMUNIKASI VISUAL', 'B. Inggris', 37, 'Kamis', '08:20:00', '09:55:00', 'RI. 104'),
(107, 10, 'X DESAIN KOMUNIKASI VISUAL', 'Desain Batik', 76, 'Kamis', '10:35:00', '11:55:00', 'RI. 104'),
(108, 10, 'X DESAIN KOMUNIKASI VISUAL', 'DP.DKV. Komputer Grafis', 67, 'Kamis', '12:25:00', '15:05:00', '9. RD.201/Lab. DKV'),
(109, 10, 'X DESAIN KOMUNIKASI VISUAL', 'B. Indo', 24, 'Rabu', '09:15:00', '10:35:00', 'RI. 104'),
(110, 10, 'X DESAIN KOMUNIKASI VISUAL', 'Dasar Fotografi', 66, 'Rabu', '12:25:00', '13:45:00', '10. RC.201/Lab. KJ'),
(111, 10, 'X DESAIN KOMUNIKASI VISUAL', 'PJOR', 26, 'Rabu', '07:00:00', '09:00:00', 'RI. 104'),
(112, 10, 'X DESAIN KOMUNIKASI VISUAL', 'S. Budaya', 29, 'Rabu', '10:35:00', '11:55:00', 'RI. 104'),
(113, 10, 'X DESAIN KOMUNIKASI VISUAL', 'KKA', 66, 'Selasa', '13:45:00', '15:05:00', '10. RC.201/Lab. KJ'),
(114, 10, 'X DESAIN KOMUNIKASI VISUAL', 'Matematika', 32, 'Selasa', '12:25:00', '13:45:00', 'RI. 104'),
(115, 10, 'X DESAIN KOMUNIKASI VISUAL', 'Pendidikan Pancasila', 28, 'Selasa', '07:00:00', '08:20:00', 'RI. 104'),
(116, 10, 'X DESAIN KOMUNIKASI VISUAL', 'Projek IPAS', 40, 'Selasa', '10:35:00', '12:25:00', 'RI. 104'),
(117, 10, 'X DESAIN KOMUNIKASI VISUAL', 'Sejarah', 27, 'Selasa', '08:20:00', '09:55:00', 'RI. 104'),
(118, 10, 'X DESAIN KOMUNIKASI VISUAL', 'B. Inggris', 37, 'Senin', '10:35:00', '11:55:00', 'RI. 104'),
(119, 10, 'X DESAIN KOMUNIKASI VISUAL', 'DP.DKV. Tipografi, Sketsa dan Ilustrasi', 76, 'Senin', '12:25:00', '13:45:00', 'RI. 104'),
(120, 10, 'X DESAIN KOMUNIKASI VISUAL', 'Matematika', 32, 'Senin', '09:15:00', '10:35:00', 'RI. 104'),
(121, 10, 'X DESAIN KOMUNIKASI VISUAL', 'Projek IPAS', 40, 'Senin', '07:00:00', '08:20:00', 'RI. 104'),
(122, 11, 'X DESAIN DAN PRODUKSI BUSANA', 'Matematika', 30, 'Jumat', '10:35:00', '11:55:00', '13. RJ. 202/R. Desain'),
(123, 11, 'X DESAIN DAN PRODUKSI BUSANA', 'Pendidikan Pancasila', 28, 'Jumat', '09:55:00', '10:35:00', '13. RJ. 202/R. Desain'),
(124, 11, 'X DESAIN DAN PRODUKSI BUSANA', 'PJOR', 26, 'Jumat', '07:40:00', '09:55:00', '13. RJ. 202/R. Desain'),
(125, 11, 'X DESAIN DAN PRODUKSI BUSANA', 'B. Indo', 24, 'Kamis', '13:45:00', '15:05:00', '13. RJ. 202/R. Desain'),
(126, 11, 'X DESAIN DAN PRODUKSI BUSANA', 'Informatika', 66, 'Kamis', '07:00:00', '09:00:00', '3. RH. 202/Lab. E-Comerce'),
(127, 11, 'X DESAIN DAN PRODUKSI BUSANA', 'Matematika', 30, 'Kamis', '12:25:00', '13:45:00', '13. RJ. 202/R. Desain'),
(128, 11, 'X DESAIN DAN PRODUKSI BUSANA', 'Pend. Agama', 16, 'Kamis', '09:55:00', '11:55:00', '13. RJ. 202/R. Desain'),
(129, 11, 'X DESAIN DAN PRODUKSI BUSANA', 'B. Inggris', 37, 'Rabu', '12:25:00', '13:45:00', '13. RJ. 202/R. Desain'),
(130, 11, 'X DESAIN DAN PRODUKSI BUSANA', 'Desain Batik', 76, 'Rabu', '13:45:00', '15:05:00', '13. RJ. 202/R. Desain'),
(131, 11, 'X DESAIN DAN PRODUKSI BUSANA', 'Projek IPAS', 40, 'Rabu', '07:00:00', '08:20:00', '13. RJ. 202/R. Desain'),
(132, 11, 'X DESAIN DAN PRODUKSI BUSANA', 'S. Budaya', 29, 'Rabu', '09:15:00', '10:35:00', '13. RJ. 202/R. Desain'),
(133, 11, 'X DESAIN DAN PRODUKSI BUSANA', 'Sejarah', 27, 'Rabu', '10:35:00', '11:55:00', '13. RJ. 202/R. Desain'),
(134, 11, 'X DESAIN DAN PRODUKSI BUSANA', 'B. Indo', 24, 'Selasa', '10:35:00', '11:55:00', '13. RJ. 202/R. Desain'),
(135, 11, 'X DESAIN DAN PRODUKSI BUSANA', 'B. Inggris', 37, 'Selasa', '11:55:00', '13:05:00', '13. RJ. 202/R. Desain'),
(136, 11, 'X DESAIN DAN PRODUKSI BUSANA', 'Dasar Pola', 69, 'Selasa', '07:40:00', '09:55:00', '12. RJ. 201/R. Potong'),
(137, 11, 'X DESAIN DAN PRODUKSI BUSANA', 'Projek IPAS', 40, 'Selasa', '13:05:00', '15:05:00', '13. RJ. 202/R. Desain'),
(138, 11, 'X DESAIN DAN PRODUKSI BUSANA', 'Dasar Desain', 70, 'Senin', '13:05:00', '15:05:00', '13. RJ. 202/R. Desain'),
(139, 11, 'X DESAIN DAN PRODUKSI BUSANA', 'KKA', 66, 'Senin', '07:00:00', '08:20:00', '3. RH. 202/Lab. E-Comerce'),
(140, 11, 'X DESAIN DAN PRODUKSI BUSANA', 'Teknik Dasar Menjahit', 68, 'Senin', '09:15:00', '11:55:00', '11. RJ. 101/Lab. Jahit'),
(141, 3, 'X MANAJEMEN PERKANTORAN 1', 'KKA', 65, 'Jumat', '08:20:00', '09:55:00', '2. RG.201/Lab. MP'),
(142, 3, 'X MANAJEMEN PERKANTORAN 1', 'Matematika', 30, 'Jumat', '07:00:00', '08:20:00', 'RI. 301'),
(143, 3, 'X MANAJEMEN PERKANTORAN 1', 'Projek IPAS', 54, 'Jumat', '09:55:00', '11:55:00', 'RI. 301'),
(144, 3, 'X MANAJEMEN PERKANTORAN 1', 'B. Inggris', 36, 'Kamis', '10:35:00', '11:55:00', '19. Lab. Bahasa'),
(145, 3, 'X MANAJEMEN PERKANTORAN 1', 'Desain Batik', 76, 'Kamis', '12:25:00', '13:45:00', 'RI. 301'),
(146, 3, 'X MANAJEMEN PERKANTORAN 1', 'Pelayanan Prima', 51, 'Kamis', '13:45:00', '15:05:00', 'RI. 301'),
(147, 3, 'X MANAJEMEN PERKANTORAN 1', 'Pengelolaan dokumen berbasis digital', 50, 'Kamis', '09:15:00', '10:35:00', '2. RG.201/Lab. MP'),
(148, 3, 'X MANAJEMEN PERKANTORAN 1', 'Projek IPAS', 54, 'Kamis', '07:00:00', '09:00:00', 'RI. 301'),
(149, 3, 'X MANAJEMEN PERKANTORAN 1', 'B. Indo', 22, 'Rabu', '10:35:00', '11:55:00', 'RI. 301'),
(150, 3, 'X MANAJEMEN PERKANTORAN 1', 'Matematika', 30, 'Rabu', '09:15:00', '10:35:00', 'RI. 301'),
(151, 3, 'X MANAJEMEN PERKANTORAN 1', 'Pengelolaan Sistem Informasi dan Komunikasi Organisasi', 53, 'Rabu', '12:25:00', '13:45:00', 'RI. 301'),
(152, 3, 'X MANAJEMEN PERKANTORAN 1', 'Penggunaan peralatan dan aplikasi teknologi perkantoran', 48, 'Rabu', '07:00:00', '08:20:00', '2. RG.201/Lab. MP'),
(153, 3, 'X MANAJEMEN PERKANTORAN 1', 'S. Budaya', 29, 'Rabu', '13:45:00', '15:05:00', 'RI. 301'),
(154, 3, 'X MANAJEMEN PERKANTORAN 1', 'B. Indo', 22, 'Selasa', '07:00:00', '08:20:00', 'RI. 301'),
(155, 3, 'X MANAJEMEN PERKANTORAN 1', 'B. Inggris', 36, 'Selasa', '10:35:00', '11:55:00', '19. Lab. Bahasa'),
(156, 3, 'X MANAJEMEN PERKANTORAN 1', 'Informatika', 38, 'Selasa', '12:25:00', '13:45:00', '2. RG.201/Lab. MP'),
(157, 3, 'X MANAJEMEN PERKANTORAN 1', 'PJOR', 25, 'Selasa', '09:15:00', '10:35:00', 'RI. 301'),
(158, 3, 'X MANAJEMEN PERKANTORAN 1', 'Konsep layanan bisnis dan logistik', 49, 'Senin', '12:25:00', '13:45:00', 'RI. 301'),
(159, 3, 'X MANAJEMEN PERKANTORAN 1', 'Pend. Agama', 15, 'Senin', '07:00:00', '08:20:00', 'RI. 301'),
(160, 3, 'X MANAJEMEN PERKANTORAN 1', 'Pendidikan Pancasila', 28, 'Senin', '09:15:00', '10:35:00', 'RI. 301'),
(161, 3, 'X MANAJEMEN PERKANTORAN 1', 'Sejarah', 27, 'Senin', '10:35:00', '11:55:00', 'RI. 301'),
(162, 6, 'X MANAJEMEN PERKANTORAN 2', 'B. Inggris', 36, 'Jumat', '10:35:00', '11:55:00', '19. Lab. Bahasa'),
(163, 6, 'X MANAJEMEN PERKANTORAN 2', 'Konsep layanan bisnis dan logistik', 49, 'Jumat', '08:20:00', '09:55:00', 'RI. 302'),
(164, 6, 'X MANAJEMEN PERKANTORAN 2', 'Pengelolaan dokumen berbasis digital', 50, 'Jumat', '07:00:00', '08:20:00', '2. RG.201/Lab. MP'),
(165, 6, 'X MANAJEMEN PERKANTORAN 2', 'Matematika', 30, 'Kamis', '10:35:00', '11:15:00', 'RI. 302'),
(166, 6, 'X MANAJEMEN PERKANTORAN 2', 'Pelayanan Prima', 51, 'Kamis', '09:15:00', '10:35:00', 'RI. 302'),
(167, 6, 'X MANAJEMEN PERKANTORAN 2', 'Penggunaan peralatan dan aplikasi teknologi perkantoran', 48, 'Kamis', '07:00:00', '08:20:00', '2. RG.201/Lab. MP'),
(168, 6, 'X MANAJEMEN PERKANTORAN 2', 'S. Budaya', 29, 'Kamis', '11:15:00', '12:25:00', 'RI. 302'),
(169, 6, 'X MANAJEMEN PERKANTORAN 2', 'Sejarah', 27, 'Kamis', '13:45:00', '15:05:00', 'RI. 302'),
(170, 6, 'X MANAJEMEN PERKANTORAN 2', 'B. Indo', 22, 'Rabu', '09:15:00', '10:35:00', 'RI. 302'),
(171, 6, 'X MANAJEMEN PERKANTORAN 2', 'Informatika', 38, 'Rabu', '12:25:00', '13:45:00', '2. RG.201/Lab. MP'),
(172, 6, 'X MANAJEMEN PERKANTORAN 2', 'Pend. Agama', 15, 'Rabu', '07:00:00', '09:00:00', 'RI. 302'),
(173, 6, 'X MANAJEMEN PERKANTORAN 2', 'Pengelolaan Sistem Informasi dan Komunikasi Organisasi', 53, 'Rabu', '10:35:00', '11:55:00', 'RI. 302'),
(174, 6, 'X MANAJEMEN PERKANTORAN 2', 'B. Indo', 22, 'Selasa', '12:25:00', '13:45:00', 'RI. 302'),
(175, 6, 'X MANAJEMEN PERKANTORAN 2', 'B. Inggris', 36, 'Selasa', '13:45:00', '15:05:00', '19. Lab. Bahasa'),
(176, 6, 'X MANAJEMEN PERKANTORAN 2', 'Desain Batik', 76, 'Selasa', '10:35:00', '11:55:00', 'RI. 302'),
(177, 6, 'X MANAJEMEN PERKANTORAN 2', 'KKA', 65, 'Selasa', '09:15:00', '10:35:00', '2. RG.201/Lab. MP'),
(178, 6, 'X MANAJEMEN PERKANTORAN 2', 'Projek IPAS', 40, 'Selasa', '07:00:00', '08:20:00', 'RI. 302'),
(179, 6, 'X MANAJEMEN PERKANTORAN 2', 'Matematika', 30, 'Senin', '10:35:00', '11:55:00', 'RI. 302'),
(180, 6, 'X MANAJEMEN PERKANTORAN 2', 'Pendidikan Pancasila', 28, 'Senin', '07:00:00', '08:20:00', 'RI. 302'),
(181, 6, 'X MANAJEMEN PERKANTORAN 2', 'PJOR', 25, 'Senin', '08:20:00', '09:55:00', 'RI. 302'),
(182, 6, 'X MANAJEMEN PERKANTORAN 2', 'Projek IPAS', 40, 'Senin', '12:25:00', '13:45:00', 'RI. 302'),
(183, 9, 'X PRODUKSI FILM', 'B. Inggris', 34, 'Jumat', '08:20:00', '09:55:00', '19. Lab. Bahasa'),
(184, 9, 'X PRODUKSI FILM', 'Sejarah', 27, 'Jumat', '07:00:00', '08:20:00', 'RB. 302'),
(186, 9, 'X PRODUKSI FILM', 'B. Indo', 22, 'Kamis', '12:25:00', '13:45:00', 'RB. 302'),
(187, 9, 'X PRODUKSI FILM', 'Desain Batik', 76, 'Kamis', '07:00:00', '08:20:00', 'RB. 302'),
(188, 9, 'X PRODUKSI FILM', 'Matematika', 32, 'Kamis', '13:45:00', '15:05:00', 'RB. 302'),
(189, 9, 'X PRODUKSI FILM', 'Pend. Agama', 17, 'Kamis', '09:55:00', '11:55:00', 'RB. 302'),
(190, 9, 'X PRODUKSI FILM', 'Pendidikan Pancasila', 28, 'Kamis', '08:20:00', '09:55:00', 'RB. 302'),
(191, 9, 'X PRODUKSI FILM', 'B. Indo', 22, 'Rabu', '12:25:00', '13:45:00', 'RB. 302'),
(192, 9, 'X PRODUKSI FILM', 'Informatika', 64, 'Rabu', '08:20:00', '09:55:00', '10. RC.201/Lab. KJ'),
(193, 9, 'X PRODUKSI FILM', 'Matematika', 32, 'Rabu', '13:45:00', '15:05:00', 'RB. 302'),
(194, 9, 'X PRODUKSI FILM', 'Projek IPAS', 40, 'Rabu', '09:55:00', '11:15:00', 'RB. 302'),
(195, 9, 'X PRODUKSI FILM', 'B. Inggris', 34, 'Selasa', '09:15:00', '10:35:00', '19. Lab. Bahasa'),
(196, 9, 'X PRODUKSI FILM', 'PJOR', 26, 'Selasa', '07:00:00', '09:00:00', 'RB. 302'),
(197, 9, 'X PRODUKSI FILM', 'Teknik Audio Visual', 64, 'Selasa', '10:35:00', '12:25:00', '7. RD.202/Lab. PF'),
(199, 9, 'X PRODUKSI FILM', 'KKA', 66, 'Senin', '11:15:00', '13:05:00', '10. RC.201/Lab. KJ'),
(200, 9, 'X PRODUKSI FILM', 'Projek IPAS', 40, 'Senin', '09:15:00', '10:35:00', 'RB. 302'),
(201, 9, 'X PRODUKSI FILM', 'S. Budaya', 29, 'Senin', '13:05:00', '14:25:00', 'RB. 302'),
(202, 9, 'X PRODUKSI FILM', 'Teknik Dasar Produksi Audio Visual', 63, 'Senin', '07:00:00', '09:00:00', '7. RD.202/Lab. PF'),
(221, 8, 'X USAHA LAYANAN WISATA', 'KKA', 65, 'Jumat', '11:15:00', '12:25:00', '5. RF.201/Lab. ULW 1'),
(222, 8, 'X USAHA LAYANAN WISATA', 'Matematika', 31, 'Jumat', '09:15:00', '10:35:00', 'RI. 303'),
(223, 8, 'X USAHA LAYANAN WISATA', 'Projek IPAS', 39, 'Jumat', '07:00:00', '08:20:00', 'RI. 303'),
(224, 8, 'X USAHA LAYANAN WISATA', 'Alat Bantu Bisnis dalam Bidang Pariwisata', 61, 'Kamis', '09:55:00', '12:25:00', 'RF. 202/LAB UPL 2'),
(225, 8, 'X USAHA LAYANAN WISATA', 'B. Indo', 22, 'Kamis', '07:40:00', '09:00:00', 'RI. 303'),
(226, 8, 'X USAHA LAYANAN WISATA', 'B. Inggris', 34, 'Kamis', '07:00:00', '07:40:00', '19. Lab. Bahasa'),
(227, 8, 'X USAHA LAYANAN WISATA', 'Desain Batik', 76, 'Kamis', '13:45:00', '15:05:00', 'RI. 303'),
(228, 8, 'X USAHA LAYANAN WISATA', 'Sejarah', 27, 'Kamis', '13:05:00', '13:45:00', 'RI. 303'),
(229, 8, 'X USAHA LAYANAN WISATA', 'Alat Bantu Bisnis dalam Bidang Pariwisata', 61, 'Rabu', '09:55:00', '12:25:00', 'RF. 202/LAB UPL 2'),
(230, 8, 'X USAHA LAYANAN WISATA', 'Informatika', 72, 'Rabu', '13:05:00', '14:25:00', '5. RF.201/Lab. ULW 1'),
(231, 8, 'X USAHA LAYANAN WISATA', 'Kewirausahaan Bidang Pariwisata', 61, 'Rabu', '07:00:00', '09:00:00', 'RF. 202/LAB UPL 2'),
(232, 8, 'X USAHA LAYANAN WISATA', 'B. Indo', 22, 'Selasa', '13:45:00', '15:05:00', 'RI. 303'),
(233, 8, 'X USAHA LAYANAN WISATA', 'Matematika', 31, 'Selasa', '12:25:00', '13:45:00', 'RI. 303'),
(234, 8, 'X USAHA LAYANAN WISATA', 'Pend. Agama', 16, 'Selasa', '07:00:00', '09:00:00', 'RI. 303'),
(235, 8, 'X USAHA LAYANAN WISATA', 'Pendidikan Pancasila', 21, 'Selasa', '09:15:00', '10:35:00', 'RI. 303'),
(236, 8, 'X USAHA LAYANAN WISATA', 'S. Budaya', 29, 'Selasa', '11:15:00', '12:25:00', 'RI. 303'),
(237, 8, 'X USAHA LAYANAN WISATA', 'B. Inggris', 34, 'Senin', '11:15:00', '12:25:00', '19. Lab. Bahasa'),
(238, 8, 'X USAHA LAYANAN WISATA', 'PJOR', 26, 'Senin', '08:20:00', '09:55:00', 'RI. 303'),
(239, 8, 'X USAHA LAYANAN WISATA', 'Projek IPAS', 39, 'Senin', '12:25:00', '13:45:00', 'RI. 303'),
(240, 8, 'X USAHA LAYANAN WISATA', 'Prosedur K3 di Industri Pariwisata', 59, 'Senin', '07:00:00', '08:20:00', 'RI. 303'),
(241, 13, 'XI AKUNTANSI 1', 'B. Jawa', 74, 'Jumat', '10:35:00', '11:15:00', 'RB. 201'),
(242, 13, 'XI AKUNTANSI 1', 'Kreativitas, Inovasi, dan kewirausahaan AK', 46, 'Jumat', '07:40:00', '10:35:00', 'RB. 201'),
(243, 13, 'XI AKUNTANSI 1', 'B. Inggris', 35, 'Kamis', '07:40:00', '09:00:00', 'RB. 201'),
(244, 13, 'XI AKUNTANSI 1', 'Mapil AK (Akuntansi UMKM dan Koperasi)', 44, 'Kamis', '12:25:00', '15:05:00', 'RB. 201'),
(245, 13, 'XI AKUNTANSI 1', 'Matematika', 31, 'Kamis', '09:55:00', '11:15:00', 'RB. 201'),
(246, 13, 'XI AKUNTANSI 1', 'PJOR', 25, 'Kamis', '07:00:00', '07:40:00', 'RB. 201'),
(247, 13, 'XI AKUNTANSI 1', 'B. Inggris', 35, 'Rabu', '09:55:00', '11:15:00', 'RB. 201'),
(248, 13, 'XI AKUNTANSI 1', 'KAAK', 42, 'Rabu', '08:20:00', '09:55:00', 'RB. 201'),
(249, 13, 'XI AKUNTANSI 1', 'KK.AK. Komputer Akuntansi', 43, 'Rabu', '12:25:00', '13:45:00', '1. RD.101/Lab. AK'),
(250, 13, 'XI AKUNTANSI 1', 'KK.AK. Perpajakan', 45, 'Selasa', '09:55:00', '11:15:00', 'RB. 201'),
(251, 13, 'XI AKUNTANSI 1', 'Pend. Agama', 15, 'Selasa', '07:00:00', '08:20:00', 'RB. 201'),
(252, 13, 'XI AKUNTANSI 1', 'Pendidikan Pancasila', 21, 'Selasa', '13:45:00', '15:05:00', 'RB. 201'),
(253, 13, 'XI AKUNTANSI 1', 'Sejarah', 27, 'Selasa', '12:25:00', '13:45:00', 'RB. 201'),
(254, 13, 'XI AKUNTANSI 1', 'B. Indo', 23, 'Senin', '09:15:00', '10:35:00', 'RB. 201'),
(255, 13, 'XI AKUNTANSI 1', 'KK.AK. Praktikum AK. PJDM', 43, 'Senin', '10:35:00', '14:25:00', 'RB. 201'),
(256, 13, 'XI AKUNTANSI 1', 'KK.AK. Praktik Akuntansi Lembaga', 45, 'Senin', '07:00:00', '09:00:00', 'RB. 201'),
(257, 14, 'XI AKUNTANSI 2', 'KK.AK. Perpajakan', 45, 'Jumat', '07:40:00', '09:55:00', 'RB. 202'),
(258, 14, 'XI AKUNTANSI 2', 'Pendidikan Pancasila', 21, 'Jumat', '10:35:00', '11:55:00', 'RB. 202'),
(259, 14, 'XI AKUNTANSI 2', 'Sejarah', 27, 'Jumat', '09:55:00', '10:35:00', 'RB. 202'),
(260, 14, 'XI AKUNTANSI 2', 'B. Jawa', 74, 'Kamis', '10:35:00', '11:15:00', 'RB. 202'),
(261, 14, 'XI AKUNTANSI 2', 'KAAK', 42, 'Kamis', '12:25:00', '13:45:00', 'RB. 202'),
(262, 14, 'XI AKUNTANSI 2', 'Kreativitas, Inovasi, dan kewirausahaan AK', 46, 'Kamis', '07:00:00', '10:35:00', 'RB. 202'),
(263, 14, 'XI AKUNTANSI 2', 'B. Indo', 23, 'Rabu', '12:25:00', '13:45:00', 'RB. 202'),
(264, 14, 'XI AKUNTANSI 2', 'B. Inggris', 35, 'Rabu', '08:20:00', '09:55:00', 'RB. 202'),
(266, 14, 'XI AKUNTANSI 2', 'Pend. Agama', 15, 'Rabu', '09:55:00', '11:55:00', 'RB. 202'),
(267, 14, 'XI AKUNTANSI 2', 'PJOR', 25, 'Rabu', '07:00:00', '07:40:00', 'RB. 202'),
(268, 14, 'XI AKUNTANSI 2', 'B. Inggris', 35, 'Selasa', '07:00:00', '09:00:00', 'RB. 202'),
(269, 14, 'XI AKUNTANSI 2', 'KK.AK. Praktikum AK. PJDM', 42, 'Selasa', '10:35:00', '15:05:00', 'RB. 202'),
(270, 14, 'XI AKUNTANSI 2', 'Matematika', 31, 'Selasa', '09:15:00', '10:35:00', 'RB. 202'),
(271, 14, 'XI AKUNTANSI 2', 'KK.AK. Komputer Akuntansi', 43, 'Senin', '07:40:00', '09:55:00', '1. RD.101/Lab. AK'),
(272, 14, 'XI AKUNTANSI 2', 'Mapil AK (Akuntansi UMKM dan Koperasi)', 44, 'Senin', '11:55:00', '13:05:00', 'RB. 202'),
(273, 14, 'XI AKUNTANSI 2', 'KK.AK. Praktik Akuntansi Lembaga', 45, 'Senin', '09:55:00', '11:55:00', 'RB. 202'),
(329, 20, 'XI PRODUKSI FILM', 'Matematika', 32, 'Jumat', '09:15:00', '10:35:00', 'RB. 204'),
(330, 20, 'XI PRODUKSI FILM', 'Pendidikan Pancasila', 28, 'Jumat', '07:00:00', '08:20:00', 'RB. 204'),
(331, 20, 'XI PRODUKSI FILM', 'Sejarah', 27, 'Jumat', '10:35:00', '11:55:00', 'RB. 204'),
(332, 20, 'XI PRODUKSI FILM', 'B. Inggris', 37, 'Kamis', '13:45:00', '15:05:00', 'RB. 204'),
(333, 20, 'XI PRODUKSI FILM', 'KK.PF. Penulisan Naskah dan Penyutradaraan Film', 64, 'Kamis', '07:00:00', '09:00:00', '7. RD.202/Lab. PF'),
(334, 20, 'XI PRODUKSI FILM', 'KK.PF. Tata Kamera dan Tata Cahaya Film', 63, 'Kamis', '09:15:00', '11:55:00', '7. RD.202/Lab. PF'),
(335, 20, 'XI PRODUKSI FILM', 'KK.PF. Tata Suara Film', 63, 'Kamis', '12:25:00', '13:45:00', '7. RD.202/Lab. PF'),
(336, 20, 'XI PRODUKSI FILM', 'KK. PF. Editing Audio dan Video', 64, 'Rabu', '12:25:00', '13:45:00', '7. RD.202/Lab. PF'),
(337, 20, 'XI PRODUKSI FILM', 'KK.PF. Manajemen Produksi Film', 2, 'Rabu', '09:55:00', '11:55:00', '7. RD.202/Lab. PF'),
(338, 20, 'XI PRODUKSI FILM', 'MAPIL PF (Program Siaran TV)', 63, 'Rabu', '07:40:00', '09:55:00', '7. RD.202/Lab. PF'),
(339, 20, 'XI PRODUKSI FILM', 'B. Inggris', 37, 'Selasa', '13:05:00', '15:05:00', 'RB. 204'),
(340, 20, 'XI PRODUKSI FILM', 'KK. PF. Tata Artistik Film', 2, 'Selasa', '07:40:00', '09:55:00', '7. RD.202/Lab. PF'),
(341, 20, 'XI PRODUKSI FILM', 'Kreativitas, Inovasi, dan Kewirausahaan PF', 72, 'Selasa', '09:55:00', '11:55:00', 'RB. 204'),
(342, 20, 'XI PRODUKSI FILM', 'B. Indo', 22, 'Senin', '12:25:00', '13:45:00', 'RB. 204'),
(343, 20, 'XI PRODUKSI FILM', 'B. Jawa', 75, 'Senin', '08:20:00', '09:55:00', 'RB. 204'),
(344, 20, 'XI PRODUKSI FILM', 'Pend. Agama', 17, 'Senin', '09:55:00', '11:55:00', 'RB. 204'),
(345, 20, 'XI PRODUKSI FILM', 'PJOR', 25, 'Senin', '07:00:00', '08:20:00', 'RB. 204'),
(346, 18, 'XI USAHA LAYANAN WISATA 1', 'Kreativitas, Inovasi dan Kewirausahaan ULW', 61, 'Jumat', '09:15:00', '11:55:00', 'RI. 201'),
(347, 18, 'XI USAHA LAYANAN WISATA 1', 'Pendidikan Pancasila', 21, 'Jumat', '07:00:00', '08:20:00', 'RI. 201'),
(348, 18, 'XI USAHA LAYANAN WISATA 1', 'B. Inggris', 33, 'Kamis', '09:15:00', '10:35:00', '19. Lab. Bahasa'),
(349, 18, 'XI USAHA LAYANAN WISATA 1', 'Mapil ULW (Front Office)', 62, 'Kamis', '10:35:00', '12:25:00', 'RI. 201'),
(350, 18, 'XI USAHA LAYANAN WISATA 1', 'Pend. Agama', 16, 'Kamis', '13:45:00', '15:05:00', 'RI. 201'),
(351, 18, 'XI USAHA LAYANAN WISATA 1', 'PJOR', 26, 'Kamis', '07:00:00', '08:20:00', 'RI. 201'),
(352, 18, 'XI USAHA LAYANAN WISATA 1', 'B. Indo', 23, 'Rabu', '08:20:00', '09:55:00', 'RI. 201'),
(353, 18, 'XI USAHA LAYANAN WISATA 1', 'B. Jawa', 75, 'Rabu', '09:55:00', '10:35:00', 'RI. 201'),
(354, 18, 'XI USAHA LAYANAN WISATA 1', 'Matematika', 31, 'Rabu', '13:45:00', '15:05:00', 'RI. 201'),
(355, 18, 'XI USAHA LAYANAN WISATA 1', 'Sejarah', 28, 'Rabu', '10:35:00', '11:15:00', 'RI. 201'),
(356, 18, 'XI USAHA LAYANAN WISATA 1', 'KK.ULW. Perencanaan dan Pengelolaan Perjalanan Wisata', 59, 'Selasa', '07:40:00', '10:35:00', '5. RF.201/Lab. ULW 1'),
(357, 18, 'XI USAHA LAYANAN WISATA 1', 'Penghitungan tarif dan Pengelolaan Event', 58, 'Selasa', '11:15:00', '13:05:00', 'RF. 202/LAB UPL 2'),
(358, 18, 'XI USAHA LAYANAN WISATA 1', 'B. Inggris', 33, 'Senin', '07:00:00', '08:20:00', '19. Lab. Bahasa'),
(359, 18, 'XI USAHA LAYANAN WISATA 1', 'Pemanduan Wisata', 60, 'Senin', '09:15:00', '11:55:00', '6. RH.301/Lab. Guiding'),
(360, 18, 'XI USAHA LAYANAN WISATA 1', 'Penghitungan tarif dan Pengelolaan Event', 58, 'Senin', '13:05:00', '15:05:00', 'RF. 202/LAB UPL 2'),
(361, 19, 'XI USAHA LAYANAN WISATA 2', 'Pemanduan Wisata', 60, 'Jumat', '07:40:00', '10:35:00', '6. RH.301/Lab. Guiding'),
(362, 19, 'XI USAHA LAYANAN WISATA 2', 'Sejarah', 28, 'Jumat', '10:35:00', '11:55:00', 'RI. 202'),
(363, 19, 'XI USAHA LAYANAN WISATA 2', 'B. Inggris', 34, 'Kamis', '13:45:00', '15:05:00', '19. Lab. Bahasa'),
(364, 19, 'XI USAHA LAYANAN WISATA 2', 'Kreativitas, Inovasi dan Kewirausahaan ULW', 71, 'Kamis', '10:35:00', '12:25:00', '5. RF.201/Lab. ULW 1'),
(365, 19, 'XI USAHA LAYANAN WISATA 2', 'Mapil ULW (Front Office)', 62, 'Kamis', '07:40:00', '09:55:00', 'RI. 202'),
(366, 19, 'XI USAHA LAYANAN WISATA 2', 'B. Jawa', 75, 'Rabu', '12:25:00', '13:45:00', 'RI. 202'),
(367, 19, 'XI USAHA LAYANAN WISATA 2', 'KK.ULW. Perencanaan dan Pengelolaan Perjalanan Wisata', 59, 'Rabu', '07:40:00', '10:35:00', '5. RF.201/Lab. ULW 1'),
(368, 19, 'XI USAHA LAYANAN WISATA 2', 'Pendidikan Pancasila', 21, 'Rabu', '13:45:00', '15:05:00', 'RI. 202'),
(369, 19, 'XI USAHA LAYANAN WISATA 2', 'B. Indo', 23, 'Selasa', '12:25:00', '13:45:00', 'RI. 202'),
(370, 19, 'XI USAHA LAYANAN WISATA 2', 'Pend. Agama', 16, 'Selasa', '09:55:00', '11:55:00', 'RI. 202'),
(371, 19, 'XI USAHA LAYANAN WISATA 2', 'Penghitungan tarif dan Pengelolaan Event', 58, 'Selasa', '07:00:00', '09:00:00', 'RF. 202/LAB UPL 2'),
(372, 19, 'XI USAHA LAYANAN WISATA 2', 'B. Inggris', 34, 'Senin', '13:05:00', '14:25:00', '19. Lab. Bahasa'),
(373, 19, 'XI USAHA LAYANAN WISATA 2', 'Matematika', 31, 'Senin', '10:35:00', '11:55:00', 'RI. 202'),
(374, 19, 'XI USAHA LAYANAN WISATA 2', 'Penghitungan tarif dan Pengelolaan Event', 58, 'Senin', '08:20:00', '09:55:00', 'RF. 202/LAB UPL 2'),
(375, 19, 'XI USAHA LAYANAN WISATA 2', 'PJOR', 26, 'Senin', '07:00:00', '08:20:00', 'RI. 202'),
(614, 21, 'XI DESAIN KOMUNIKASI VISUAL', 'Sejarah', 27, 'Senin', '07:00:00', '08:20:00', 'RB. 203'),
(615, 21, 'XI DESAIN KOMUNIKASI VISUAL', 'B. Inggris', 37, 'Senin', '08:20:00', '09:55:00', 'RB. 203'),
(616, 21, 'XI DESAIN KOMUNIKASI VISUAL', 'Pend. Agama', 16, 'Senin', '09:55:00', '11:55:00', 'RB. 203'),
(617, 21, 'XI DESAIN KOMUNIKASI VISUAL', 'Matematika', 32, 'Senin', '12:25:00', '13:45:00', 'RB. 203'),
(618, 21, 'XI DESAIN KOMUNIKASI VISUAL', 'PJOR', 25, 'Selasa', '07:00:00', '08:20:00', 'RB. 203'),
(619, 21, 'XI DESAIN KOMUNIKASI VISUAL', 'Pendidikan Pancasila', 28, 'Selasa', '08:20:00', '09:55:00', 'RB. 203'),
(620, 21, 'XI DESAIN KOMUNIKASI VISUAL', 'KK.DKV Perencanaan Desain Kreatif', 66, 'Selasa', '09:55:00', '12:25:00', '9. RD.201/Lab. DKV'),
(621, 21, 'XI DESAIN KOMUNIKASI VISUAL', 'Prosedur Operasional Standar DKV', 65, 'Selasa', '13:45:00', '15:05:00', '9. RD.201/Lab. DKV'),
(622, 21, 'XI DESAIN KOMUNIKASI VISUAL', 'KK.DKV. Manajemen Proyek dan Kolaborasi Desain', 67, 'Rabu', '07:40:00', '09:55:00', '9. RD.201/Lab. DKV'),
(623, 21, 'XI DESAIN KOMUNIKASI VISUAL', 'KK.DKV. Produksi Desain Digital', 67, 'Rabu', '09:55:00', '12:25:00', '9. RD.201/Lab. DKV'),
(624, 21, 'XI DESAIN KOMUNIKASI VISUAL', 'B. Jawa', 75, 'Rabu', '13:45:00', '15:05:00', 'RB. 203'),
(625, 21, 'XI DESAIN KOMUNIKASI VISUAL', 'MAPIL DKV (Program Siaran TV)', 65, 'Kamis', '07:00:00', '09:55:00', '9. RD.201/Lab. DKV'),
(626, 21, 'XI DESAIN KOMUNIKASI VISUAL', 'B. Inggris', 37, 'Kamis', '09:55:00', '11:55:00', 'RB. 203'),
(627, 21, 'XI DESAIN KOMUNIKASI VISUAL', 'Kreativitas, Inovasi, dan Kewirausahaan DKV', 72, 'Kamis', '12:25:00', '15:05:00', '10. RC.201/Lab. KJ'),
(628, 21, 'XI DESAIN KOMUNIKASI VISUAL', 'Karya dan Portofolio Desain', 67, 'Jumat', '07:40:00', '09:55:00', '7. RD.202/Lab. PF'),
(629, 21, 'XI DESAIN KOMUNIKASI VISUAL', 'B. Indo', 23, 'Jumat', '09:55:00', '11:55:00', 'RB. 203'),
(630, 22, 'XI DESAIN DAN PRODUKSI BUSANA', 'B. Inggris', 37, 'Senin', '07:00:00', '08:20:00', 'RI. 304'),
(631, 22, 'XI DESAIN DAN PRODUKSI BUSANA', 'B. Indo', 22, 'Senin', '08:20:00', '09:55:00', 'RI. 304'),
(632, 22, 'XI DESAIN DAN PRODUKSI BUSANA', 'B. Jawa', 75, 'Senin', '10:35:00', '11:55:00', 'RI. 304'),
(633, 22, 'XI DESAIN DAN PRODUKSI BUSANA', 'Matematika', 30, 'Senin', '12:25:00', '13:45:00', 'RI. 304'),
(634, 22, 'XI DESAIN DAN PRODUKSI BUSANA', 'Sejarah', 27, 'Selasa', '07:00:00', '08:20:00', 'RI. 304'),
(635, 22, 'XI DESAIN DAN PRODUKSI BUSANA', 'B. Inggris', 37, 'Selasa', '08:20:00', '09:55:00', 'RI. 304'),
(636, 22, 'XI DESAIN DAN PRODUKSI BUSANA', 'Desain Busana', 68, 'Selasa', '09:55:00', '11:55:00', 'RI. 304'),
(637, 22, 'XI DESAIN DAN PRODUKSI BUSANA', 'Mapil DPB. Bisnis Digital', 54, 'Selasa', '13:05:00', '15:05:00', '3. RH. 202/Lab. E-Comerce'),
(638, 22, 'XI DESAIN DAN PRODUKSI BUSANA', 'Produksi Busana', 69, 'Rabu', '07:40:00', '10:35:00', '11. RJ. 101/Lab. Jahit'),
(639, 22, 'XI DESAIN DAN PRODUKSI BUSANA', 'Produksi Busana', 69, 'Rabu', '11:15:00', '13:45:00', '11. RJ. 101/Lab. Jahit'),
(640, 22, 'XI DESAIN DAN PRODUKSI BUSANA', 'Kreativitas, Inovasi dan Kewirausahaan DPB', 70, 'Kamis', '07:40:00', '10:35:00', '12. RJ. 201/R. Potong'),
(641, 22, 'XI DESAIN DAN PRODUKSI BUSANA', 'Eksperimen Tekstil dan Desain Hiasan', 70, 'Kamis', '11:15:00', '13:45:00', '12. RJ. 201/R. Potong'),
(642, 22, 'XI DESAIN DAN PRODUKSI BUSANA', 'Pendidikan Pancasila', 28, 'Kamis', '13:45:00', '15:05:00', 'RI. 304'),
(643, 22, 'XI DESAIN DAN PRODUKSI BUSANA', 'PJOR', 25, 'Jumat', '07:00:00', '08:20:00', 'RI. 304'),
(644, 22, 'XI DESAIN DAN PRODUKSI BUSANA', 'Mapil DPB. Bisnis Digital', 54, 'Jumat', '08:20:00', '09:55:00', 'RI. 304'),
(645, 22, 'XI DESAIN DAN PRODUKSI BUSANA', 'Pend. Agama', 17, 'Jumat', '09:55:00', '11:55:00', 'RI. 304'),
(646, 2, 'X AKUNTANSI 2', 'Pend. Agama Kristen', 19, 'Jumat', '07:00:00', '09:00:00', 'RF.202/R. Agama Kristen'),
(647, 2, 'X AKUNTANSI 2', 'Pend. Agama Katolik', 18, 'Jumat', '07:00:00', '09:00:00', 'RB. 107/R. Agama Katolik'),
(648, 7, 'X BISNIPD DIGITAL', 'Pend. Agama Kristen', 19, 'Selasa', '07:00:00', '09:00:00', 'RF.202/R. Agama Kristen'),
(649, 7, 'X BISNIPD DIGITAL', 'Pend. Agama Katolik', 18, 'Selasa', '07:00:00', '09:00:00', 'RB. 107/R. Agama Katolik'),
(650, 11, 'X DESAIN DAN PRODUKSI BUSANA', 'Pend. Agama Kristen', 19, 'Kamis', '09:55:00', '11:55:00', '16. RF.202/R. Agama Kristen '),
(651, 11, 'X DESAIN DAN PRODUKSI BUSANA', 'Pend. Agama Katolik', 18, 'Kamis', '09:55:00', '11:55:00', 'RB. 107/R. Agama Katolik'),
(652, 10, 'X DESAIN KOMUNIKASI VISUAL', 'Pend. Agama Katolik', 18, 'Jumat', '07:00:00', '09:00:00', 'RB. 107/R. Agama Katolik'),
(653, 10, 'X DESAIN KOMUNIKASI VISUAL', 'Pend. Agama Kristen', 19, 'Jumat', '07:00:00', '09:00:00', 'RF.202/R. Agama Kristen'),
(654, 6, 'X MANAJEMEN PERKANTORAN 2', 'Pend. Agama Kristen', 19, 'Rabu', '07:00:00', '09:00:00', 'RF.202/R. Agama Kristen'),
(655, 6, 'X MANAJEMEN PERKANTORAN 2', 'Pend. Agama Katolik', 18, 'Rabu', '07:00:00', '09:00:00', 'RB. 107/R. Agama Katolik'),
(658, 9, 'X PRODUKSI FILM', 'Teknik Audio Visual', 63, 'Selasa', '13:05:00', '15:05:00', 'RD.202/Lab. PF'),
(659, 9, 'X PRODUKSI FILM', 'Pend. Agama Kristen', 19, 'Kamis', '09:55:00', '11:55:00', 'RF.202/R. Agama Kristen'),
(660, 9, 'X PRODUKSI FILM', 'Pend. Agama Katolik', 18, 'Kamis', '09:55:00', '11:55:00', 'RB. 107/R. Agama Katolik'),
(661, 9, 'X PRODUKSI FILM', 'Teknik Dasar Produksi Audio Visual', 64, 'Jumat', '09:55:00', '11:55:00', 'RD.202/Lab. PF'),
(662, 8, 'X USAHA LAYANAN WISATA', 'Pend. Agama Katolik', 18, 'Selasa', '07:00:00', '09:00:00', 'RB. 107/R. Agama Katolik'),
(663, 8, 'X USAHA LAYANAN WISATA', 'Pend. Agama Kristen', 19, 'Selasa', '07:00:00', '09:00:00', 'RF.202/R. Agama Kristen'),
(664, 14, 'XI AKUNTANSI 2', 'Pend. Agama Kristen', 19, 'Rabu', '09:55:00', '11:55:00', 'RF.202/R. Agama Kristen'),
(665, 14, 'XI AKUNTANSI 2', 'Pend. Agama Katolik', 18, 'Rabu', '09:55:00', '11:55:00', 'RB. 107/R. Agama Katolik'),
(666, 14, 'XI AKUNTANSI 2', 'Pend. Agama Katolik', 18, 'Rabu', '09:55:00', '11:55:00', 'RB. 107/R. Agama Katolik'),
(667, 22, 'XI DESAIN DAN PRODUKSI BUSANA', 'Pend. Agama Katolik', 18, 'Jumat', '09:55:00', '11:55:00', 'RB. 107/R. Agama Katolik'),
(668, 22, 'XI DESAIN DAN PRODUKSI BUSANA', 'Pend. Agama Kristen', 19, 'Jumat', '09:55:00', '11:55:00', 'RF.202/R. Agama Kristen'),
(669, 21, 'XI DESAIN KOMUNIKASI VISUAL', 'Pend. Agama Kristen', 19, 'Senin', '09:55:00', '11:55:00', 'RF.202/R. Agama Kristen'),
(670, 21, 'XI DESAIN KOMUNIKASI VISUAL', 'Pend. Agama Katolik', 18, 'Senin', '09:55:00', '11:55:00', 'RB. 107/R. Agama Katolik'),
(671, 20, 'XI PRODUKSI FILM', 'Pend. Agama Katolik', 18, 'Senin', '09:55:00', '11:55:00', 'RB. 107/R. Agama Katolik'),
(672, 20, 'XI PRODUKSI FILM', 'Pend. Agama Kristen', 19, 'Senin', '09:55:00', '11:55:00', 'RF.202/R. Agama Kristen'),
(673, 19, 'XI USAHA LAYANAN WISATA 2', 'Pend. Agama Kristen', 19, 'Selasa', '09:55:00', '11:55:00', 'RF.202/R. Agama Kristen'),
(674, 19, 'XI USAHA LAYANAN WISATA 2', 'Pend. Agama Katolik', 18, 'Selasa', '09:55:00', '11:55:00', 'RB. 107/R. Agama Katolik'),
(803, 12, 'XI BISNIPD DIGITAL', 'KK.BD. Perencanaan Bisnis', 56, 'Senin', '07:00:00', '08:20:00', 'RI. 101'),
(804, 12, 'XI BISNIPD DIGITAL', 'KK.BD. Digital Marketing', 47, 'Senin', '08:20:00', '11:15:00', '3. RH. 202/Lab. E-Comerce'),
(805, 12, 'XI BISNIPD DIGITAL', 'Pendidikan Pancasila', 28, 'Senin', '11:15:00', '13:05:00', 'RI. 101'),
(806, 12, 'XI BISNIPD DIGITAL', 'Sejarah', 27, 'Senin', '13:05:00', '14:25:00', 'RI. 101'),
(807, 12, 'XI BISNIPD DIGITAL', 'KK.BD. Komunikasi Bisnis', 56, 'Selasa', '07:00:00', '08:20:00', 'RI. 101'),
(808, 12, 'XI BISNIPD DIGITAL', 'B. Inggris', 35, 'Selasa', '08:20:00', '09:55:00', 'RI. 101'),
(809, 12, 'XI BISNIPD DIGITAL', 'Pend. Agama', 17, 'Selasa', '09:55:00', '11:55:00', 'RI. 101'),
(810, 12, 'XI BISNIPD DIGITAL', 'Pend. Agama Kristen', 19, 'Selasa', '09:55:00', '11:55:00', '16. RF.202/R. Agama Kristen'),
(811, 12, 'XI BISNIPD DIGITAL', 'Pend. Agama Katolik', 18, 'Selasa', '09:55:00', '11:55:00', '17. RB. 107/R. Agama Katolik'),
(812, 12, 'XI BISNIPD DIGITAL', 'KK.BD. Marketing', 56, 'Selasa', '12:25:00', '14:25:00', 'RI. 101'),
(813, 12, 'XI BISNIPD DIGITAL', 'KK.BD. Digital Branding', 55, 'Rabu', '07:00:00', '09:00:00', '3. RH. 202/Lab. E-Comerce'),
(814, 12, 'XI BISNIPD DIGITAL', 'PJOR', 26, 'Rabu', '09:15:00', '10:35:00', 'RI. 101'),
(815, 12, 'XI BISNIPD DIGITAL', 'Matematika', 30, 'Rabu', '10:35:00', '13:05:00', 'RI. 101'),
(816, 12, 'XI BISNIPD DIGITAL', 'KK.BD. Digital Operation', 46, 'Rabu', '13:05:00', '14:25:00', '3. RH. 202/Lab. E-Comerce'),
(817, 12, 'XI BISNIPD DIGITAL', 'B. Inggris', 35, 'Kamis', '07:00:00', '08:20:00', 'RI. 101'),
(818, 12, 'XI BISNIPD DIGITAL', 'MAPIL BD. Administrasi Transaksi', 47, 'Kamis', '08:20:00', '09:55:00', 'RI. 101'),
(819, 12, 'XI BISNIPD DIGITAL', 'B. Indo', 24, 'Kamis', '09:55:00', '11:55:00', 'RI. 101'),
(820, 12, 'XI BISNIPD DIGITAL', 'KK.BD. Digital onboarding', 55, 'Kamis', '12:25:00', '13:45:00', '3. RH. 202/Lab. E-Comerce'),
(821, 12, 'XI BISNIPD DIGITAL', 'B. Jawa', 74, 'Kamis', '13:45:00', '15:05:00', 'RI. 101'),
(822, 12, 'XI BISNIPD DIGITAL', 'MAPIL BD. Administrasi Transaksi', 47, 'Jumat', '07:00:00', '08:20:00', 'RI. 101'),
(823, 12, 'XI BISNIPD DIGITAL', 'Kreativitas, Inovasi dan Kewirausahaan BD', 73, 'Jumat', '08:20:00', '11:55:00', 'RI. 101'),
(824, 15, 'XI MANAJEMEN PERKANTORAN 1', 'Matematika', 31, 'Senin', '07:00:00', '09:00:00', 'RI. 102'),
(825, 15, 'XI MANAJEMEN PERKANTORAN 1', 'MAPIL MP (Public speaking)', 54, 'Senin', '09:15:00', '10:35:00', 'RI. 102'),
(826, 15, 'XI MANAJEMEN PERKANTORAN 1', 'KK.MP. Pengelolaan Rapat Pertemuan', 51, 'Senin', '10:35:00', '11:55:00', '2. RG.201/Lab. MP'),
(827, 15, 'XI MANAJEMEN PERKANTORAN 1', 'B. Indo', 24, 'Senin', '12:25:00', '14:25:00', 'RI. 102'),
(828, 15, 'XI MANAJEMEN PERKANTORAN 1', 'Pengelolaan Perjalanan Pimpinan', 50, 'Selasa', '07:00:00', '09:00:00', '2. RG.201/Lab. MP'),
(829, 15, 'XI MANAJEMEN PERKANTORAN 1', 'PJOR', 26, 'Selasa', '09:15:00', '10:35:00', 'RI. 102'),
(830, 15, 'XI MANAJEMEN PERKANTORAN 1', 'Kreativitas, Inovasi dan Kewirausahaan MP', 52, 'Selasa', '10:35:00', '11:55:00', '2. RG.201/Lab. MP'),
(831, 15, 'XI MANAJEMEN PERKANTORAN 1', 'Pengelolaan Keuangan Sederhana', 53, 'Selasa', '12:25:00', '14:25:00', 'RI. 102'),
(832, 15, 'XI MANAJEMEN PERKANTORAN 1', 'KK.MP. Pengelolaan Rapat/Pertemuan', 51, 'Rabu', '07:00:00', '08:20:00', 'RI. 102'),
(833, 15, 'XI MANAJEMEN PERKANTORAN 1', 'Sejarah', 27, 'Rabu', '08:20:00', '09:55:00', 'RI. 102'),
(834, 15, 'XI MANAJEMEN PERKANTORAN 1', 'Pendidikan Pancasila', 21, 'Rabu', '09:55:00', '11:15:00', 'RI. 102'),
(835, 15, 'XI MANAJEMEN PERKANTORAN 1', 'B. Inggris', 36, 'Rabu', '11:15:00', '13:05:00', '19. Lab. Bahasa'),
(836, 15, 'XI MANAJEMEN PERKANTORAN 1', 'Pengelolaan Perjalanan Pimpinan', 50, 'Rabu', '13:05:00', '14:25:00', 'RI. 102'),
(837, 15, 'XI MANAJEMEN PERKANTORAN 1', 'Kreativitas, Inovasi dan Kewirausahaan MP', 52, 'Kamis', '07:00:00', '09:00:00', 'RI. 102'),
(838, 15, 'XI MANAJEMEN PERKANTORAN 1', 'MAPIL MP (Public speaking)', 54, 'Kamis', '09:15:00', '10:35:00', 'RI. 102'),
(839, 15, 'XI MANAJEMEN PERKANTORAN 1', 'Pengelolaan Keuangan Sederhana', 53, 'Kamis', '10:35:00', '13:05:00', '2. RG.201/Lab. MP'),
(840, 15, 'XI MANAJEMEN PERKANTORAN 1', 'KK.MP. Komunikasi di tempat kerja', 48, 'Kamis', '13:05:00', '15:05:00', '2. RG.201/Lab. MP'),
(841, 15, 'XI MANAJEMEN PERKANTORAN 1', 'B. Inggris', 36, 'Jumat', '07:00:00', '08:20:00', '19. Lab. Bahasa'),
(842, 15, 'XI MANAJEMEN PERKANTORAN 1', 'B. Jawa', 74, 'Jumat', '08:20:00', '09:55:00', 'RI. 102'),
(843, 15, 'XI MANAJEMEN PERKANTORAN 1', 'Pend. Agama', 15, 'Jumat', '09:55:00', '11:55:00', 'RI. 102'),
(844, 16, 'XI MANAJEMEN PERKANTORAN 2', 'Pengelolaan Keuangan Sederhana', 53, 'Senin', '07:00:00', '09:00:00', '2. RG.201/Lab. MP'),
(845, 16, 'XI MANAJEMEN PERKANTORAN 2', 'Kreativitas, Inovasi dan Kewirausahaan MP', 52, 'Senin', '09:15:00', '10:35:00', '2. RG.201/Lab. MP'),
(846, 16, 'XI MANAJEMEN PERKANTORAN 2', 'MAPIL MP (Public speaking)', 54, 'Senin', '10:35:00', '11:55:00', 'RI. 103'),
(847, 16, 'XI MANAJEMEN PERKANTORAN 2', 'Pengelolaan Perjalanan Pimpinan', 50, 'Senin', '12:25:00', '14:25:00', '2. RG.201/Lab. MP'),
(848, 16, 'XI MANAJEMEN PERKANTORAN 2', 'B. Inggris', 36, 'Selasa', '07:00:00', '08:20:00', '19. Lab. Bahasa'),
(849, 16, 'XI MANAJEMEN PERKANTORAN 2', 'MAPIL MP (Public speaking)', 54, 'Selasa', '08:20:00', '09:55:00', 'RI. 103'),
(850, 16, 'XI MANAJEMEN PERKANTORAN 2', 'Pend. Agama', 15, 'Selasa', '09:55:00', '11:55:00', 'RI. 103'),
(851, 16, 'XI MANAJEMEN PERKANTORAN 2', 'Matematika', 30, 'Selasa', '12:25:00', '14:25:00', 'RI. 103'),
(852, 16, 'XI MANAJEMEN PERKANTORAN 2', 'Pengelolaan Perjalanan Pimpinan', 50, 'Rabu', '07:00:00', '08:20:00', 'RI. 103'),
(853, 16, 'XI MANAJEMEN PERKANTORAN 2', 'B. Inggris', 36, 'Rabu', '08:20:00', '09:55:00', '19. Lab. Bahasa'),
(854, 16, 'XI MANAJEMEN PERKANTORAN 2', 'KK.MP. Komunikasi di tempat kerja', 48, 'Rabu', '09:55:00', '11:55:00', '2. RG.201/Lab. MP'),
(855, 16, 'XI MANAJEMEN PERKANTORAN 2', 'Kreativitas, Inovasi dan Kewirausahaan MP', 52, 'Rabu', '12:25:00', '14:25:00', 'RI. 103'),
(856, 16, 'XI MANAJEMEN PERKANTORAN 2', 'Pendidikan Pancasila', 21, 'Kamis', '07:00:00', '08:20:00', 'RI. 103'),
(857, 16, 'XI MANAJEMEN PERKANTORAN 2', 'B. Jawa', 74, 'Kamis', '08:20:00', '09:55:00', 'RI. 103'),
(858, 16, 'XI MANAJEMEN PERKANTORAN 2', 'Sejarah', 27, 'Kamis', '09:55:00', '11:15:00', 'RI. 103'),
(859, 16, 'XI MANAJEMEN PERKANTORAN 2', 'KK.MP. Pengelolaan Rapat Pertemuan', 51, 'Kamis', '11:15:00', '13:05:00', 'RI. 103'),
(860, 16, 'XI MANAJEMEN PERKANTORAN 2', 'Pengelolaan Keuangan Sederhana', 53, 'Kamis', '13:05:00', '15:05:00', 'RI. 103'),
(861, 16, 'XI MANAJEMEN PERKANTORAN 2', 'B. Indo', 24, 'Jumat', '07:00:00', '09:00:00', 'RI. 103'),
(862, 16, 'XI MANAJEMEN PERKANTORAN 2', 'PJOR', 26, 'Jumat', '09:15:00', '10:35:00', 'RI. 103'),
(863, 16, 'XI MANAJEMEN PERKANTORAN 2', 'KK.MP. Pengelolaan Rapat Pertemuan', 51, 'Jumat', '10:35:00', '11:55:00', '2. RG.201/Lab. MP');

-- --------------------------------------------------------

--
-- Table structure for table `jadwal_mata_pelajaran_siswa`
--

CREATE TABLE `jadwal_mata_pelajaran_siswa` (
  `id` int NOT NULL,
  `jadwal_mata_pelajaran_id` int NOT NULL,
  `siswa_id` int NOT NULL
) ENGINE=InnoDB DEFAULT CHARSET=utf8mb4 COLLATE=utf8mb4_0900_ai_ci;

--
-- Dumping data for table `jadwal_mata_pelajaran_siswa`
--

INSERT INTO `jadwal_mata_pelajaran_siswa` (`id`, `jadwal_mata_pelajaran_id`, `siswa_id`) VALUES
(2572, 103, 195),
(2574, 103, 196),
(2575, 103, 197),
(2576, 103, 198),
(2577, 103, 199),
(2578, 103, 200),
(2579, 103, 201),
(2580, 103, 202),
(2581, 103, 203),
(2571, 103, 204),
(2582, 103, 205),
(2583, 103, 206),
(2584, 103, 207),
(2585, 103, 208),
(2573, 103, 209),
(2586, 103, 210),
(2587, 103, 211),
(2588, 103, 212),
(2589, 103, 213),
(2590, 103, 214),
(2591, 103, 215),
(2592, 103, 216),
(2593, 103, 217),
(2594, 103, 218),
(2595, 103, 219),
(2596, 103, 220),
(2597, 103, 221),
(2598, 103, 222),
(2599, 103, 223),
(2600, 103, 224),
(2601, 103, 225),
(2602, 103, 226),
(2603, 103, 227),
(2604, 103, 228),
(2605, 103, 229),
(2606, 103, 230),
(2535, 104, 196),
(2536, 104, 197),
(2537, 104, 198),
(2538, 104, 199),
(2539, 104, 200),
(2540, 104, 201),
(2541, 104, 202),
(2542, 104, 203),
(2543, 104, 205),
(2544, 104, 206),
(2545, 104, 207),
(2546, 104, 208),
(2547, 104, 210),
(2548, 104, 211),
(2549, 104, 212),
(2550, 104, 213),
(2551, 104, 214),
(2552, 104, 215),
(2553, 104, 216),
(2554, 104, 217),
(2555, 104, 218),
(2556, 104, 219),
(2557, 104, 220),
(2558, 104, 221),
(2559, 104, 222),
(2560, 104, 223),
(2561, 104, 224),
(2562, 104, 225),
(2563, 104, 226),
(2564, 104, 227),
(2565, 104, 228),
(2566, 104, 229),
(2567, 104, 230),
(2318, 105, 195),
(2322, 105, 196),
(2324, 105, 197),
(2326, 105, 198),
(2328, 105, 199),
(2330, 105, 200),
(2332, 105, 201),
(2334, 105, 202),
(2336, 105, 203),
(2316, 105, 204),
(2338, 105, 205),
(2340, 105, 206),
(2342, 105, 207),
(2344, 105, 208),
(2320, 105, 209),
(2346, 105, 210),
(2348, 105, 211),
(2350, 105, 212),
(2352, 105, 213),
(2354, 105, 214),
(2356, 105, 215),
(2358, 105, 216),
(2360, 105, 217),
(2362, 105, 218),
(2364, 105, 219),
(2366, 105, 220),
(2368, 105, 221),
(2370, 105, 222),
(2372, 105, 223),
(2374, 105, 224),
(2376, 105, 225),
(2378, 105, 226),
(2380, 105, 227),
(2382, 105, 228),
(2384, 105, 229),
(2386, 105, 230),
(2066, 106, 195),
(2070, 106, 196),
(2072, 106, 197),
(2074, 106, 198),
(2076, 106, 199),
(2078, 106, 200),
(2080, 106, 201),
(2082, 106, 202),
(2084, 106, 203),
(2064, 106, 204),
(2086, 106, 205),
(2088, 106, 206),
(2090, 106, 207),
(2092, 106, 208),
(2068, 106, 209),
(2094, 106, 210),
(2096, 106, 211),
(2098, 106, 212),
(2100, 106, 213),
(2102, 106, 214),
(2104, 106, 215),
(2106, 106, 216),
(2108, 106, 217),
(2110, 106, 218),
(2112, 106, 219),
(2114, 106, 220),
(2116, 106, 221),
(2118, 106, 222),
(2120, 106, 223),
(2122, 106, 224),
(2124, 106, 225),
(2126, 106, 226),
(2128, 106, 227),
(2130, 106, 228),
(2132, 106, 229),
(2134, 106, 230),
(2461, 107, 195),
(2463, 107, 196),
(2464, 107, 197),
(2465, 107, 198),
(2466, 107, 199),
(2467, 107, 200),
(2468, 107, 201),
(2469, 107, 202),
(2470, 107, 203),
(2460, 107, 204),
(2471, 107, 205),
(2472, 107, 206),
(2473, 107, 207),
(2474, 107, 208),
(2462, 107, 209),
(2475, 107, 210),
(2476, 107, 211),
(2477, 107, 212),
(2478, 107, 213),
(2479, 107, 214),
(2480, 107, 215),
(2481, 107, 216),
(2482, 107, 217),
(2483, 107, 218),
(2484, 107, 219),
(2485, 107, 220),
(2486, 107, 221),
(2487, 107, 222),
(2488, 107, 223),
(2489, 107, 224),
(2490, 107, 225),
(2491, 107, 226),
(2492, 107, 227),
(2493, 107, 228),
(2494, 107, 229),
(2495, 107, 230),
(2497, 108, 195),
(2499, 108, 196),
(2500, 108, 197),
(2501, 108, 198),
(2502, 108, 199),
(2503, 108, 200),
(2504, 108, 201),
(2505, 108, 202),
(2506, 108, 203),
(2496, 108, 204),
(2507, 108, 205),
(2508, 108, 206),
(2509, 108, 207),
(2510, 108, 208),
(2498, 108, 209),
(2511, 108, 210),
(2512, 108, 211),
(2513, 108, 212),
(2514, 108, 213),
(2515, 108, 214),
(2516, 108, 215),
(2517, 108, 216),
(2518, 108, 217),
(2519, 108, 218),
(2520, 108, 219),
(2521, 108, 220),
(2522, 108, 221),
(2523, 108, 222),
(2524, 108, 223),
(2525, 108, 224),
(2526, 108, 225),
(2527, 108, 226),
(2528, 108, 227),
(2529, 108, 228),
(2530, 108, 229),
(2531, 108, 230),
(2319, 109, 195),
(2323, 109, 196),
(2325, 109, 197),
(2327, 109, 198),
(2329, 109, 199),
(2331, 109, 200),
(2333, 109, 201),
(2335, 109, 202),
(2337, 109, 203),
(2317, 109, 204),
(2339, 109, 205),
(2341, 109, 206),
(2343, 109, 207),
(2345, 109, 208),
(2321, 109, 209),
(2347, 109, 210),
(2349, 109, 211),
(2351, 109, 212),
(2353, 109, 213),
(2355, 109, 214),
(2357, 109, 215),
(2359, 109, 216),
(2361, 109, 217),
(2363, 109, 218),
(2365, 109, 219),
(2367, 109, 220),
(2369, 109, 221),
(2371, 109, 222),
(2373, 109, 223),
(2375, 109, 224),
(2377, 109, 225),
(2379, 109, 226),
(2381, 109, 227),
(2383, 109, 228),
(2385, 109, 229),
(2387, 109, 230),
(2425, 110, 195),
(2427, 110, 196),
(2428, 110, 197),
(2429, 110, 198),
(2430, 110, 199),
(2431, 110, 200),
(2432, 110, 201),
(2433, 110, 202),
(2434, 110, 203),
(2424, 110, 204),
(2435, 110, 205),
(2436, 110, 206),
(2437, 110, 207),
(2438, 110, 208),
(2426, 110, 209),
(2439, 110, 210),
(2440, 110, 211),
(2441, 110, 212),
(2442, 110, 213),
(2443, 110, 214),
(2444, 110, 215),
(2445, 110, 216),
(2446, 110, 217),
(2447, 110, 218),
(2448, 110, 219),
(2449, 110, 220),
(2450, 110, 221),
(2451, 110, 222),
(2452, 110, 223),
(2453, 110, 224),
(2454, 110, 225),
(2455, 110, 226),
(2456, 110, 227),
(2457, 110, 228),
(2458, 110, 229),
(2459, 110, 230),
(2281, 111, 195),
(2283, 111, 196),
(2284, 111, 197),
(2285, 111, 198),
(2286, 111, 199),
(2287, 111, 200),
(2288, 111, 201),
(2289, 111, 202),
(2290, 111, 203),
(2280, 111, 204),
(2291, 111, 205),
(2292, 111, 206),
(2293, 111, 207),
(2294, 111, 208),
(2282, 111, 209),
(2295, 111, 210),
(2296, 111, 211),
(2297, 111, 212),
(2298, 111, 213),
(2299, 111, 214),
(2300, 111, 215),
(2301, 111, 216),
(2302, 111, 217),
(2303, 111, 218),
(2304, 111, 219),
(2305, 111, 220),
(2306, 111, 221),
(2307, 111, 222),
(2308, 111, 223),
(2309, 111, 224),
(2310, 111, 225),
(2311, 111, 226),
(2312, 111, 227),
(2313, 111, 228),
(2314, 111, 229),
(2315, 111, 230),
(2389, 112, 195),
(2391, 112, 196),
(2392, 112, 197),
(2393, 112, 198),
(2394, 112, 199),
(2395, 112, 200),
(2396, 112, 201),
(2397, 112, 202),
(2398, 112, 203),
(2388, 112, 204),
(2399, 112, 205),
(2400, 112, 206),
(2401, 112, 207),
(2402, 112, 208),
(2390, 112, 209),
(2403, 112, 210),
(2404, 112, 211),
(2405, 112, 212),
(2406, 112, 213),
(2407, 112, 214),
(2408, 112, 215),
(2409, 112, 216),
(2410, 112, 217),
(2411, 112, 218),
(2412, 112, 219),
(2413, 112, 220),
(2414, 112, 221),
(2415, 112, 222),
(2416, 112, 223),
(2417, 112, 224),
(2418, 112, 225),
(2419, 112, 226),
(2420, 112, 227),
(2421, 112, 228),
(2422, 112, 229),
(2423, 112, 230),
(2245, 113, 195),
(2247, 113, 196),
(2248, 113, 197),
(2249, 113, 198),
(2250, 113, 199),
(2251, 113, 200),
(2252, 113, 201),
(2253, 113, 202),
(2254, 113, 203),
(2244, 113, 204),
(2255, 113, 205),
(2256, 113, 206),
(2257, 113, 207),
(2258, 113, 208),
(2246, 113, 209),
(2259, 113, 210),
(2260, 113, 211),
(2261, 113, 212),
(2262, 113, 213),
(2263, 113, 214),
(2264, 113, 215),
(2265, 113, 216),
(2266, 113, 217),
(2267, 113, 218),
(2268, 113, 219),
(2269, 113, 220),
(2270, 113, 221),
(2271, 113, 222),
(2272, 113, 223),
(2273, 113, 224),
(2274, 113, 225),
(2275, 113, 226),
(2276, 113, 227),
(2277, 113, 228),
(2278, 113, 229),
(2279, 113, 230),
(1994, 114, 195),
(1998, 114, 196),
(2000, 114, 197),
(2002, 114, 198),
(2004, 114, 199),
(2006, 114, 200),
(2008, 114, 201),
(2010, 114, 202),
(2012, 114, 203),
(1992, 114, 204),
(2014, 114, 205),
(2016, 114, 206),
(2018, 114, 207),
(2020, 114, 208),
(1996, 114, 209),
(2022, 114, 210),
(2024, 114, 211),
(2026, 114, 212),
(2028, 114, 213),
(2030, 114, 214),
(2032, 114, 215),
(2034, 114, 216),
(2036, 114, 217),
(2038, 114, 218),
(2040, 114, 219),
(2042, 114, 220),
(2044, 114, 221),
(2046, 114, 222),
(2048, 114, 223),
(2050, 114, 224),
(2052, 114, 225),
(2054, 114, 226),
(2056, 114, 227),
(2058, 114, 228),
(2060, 114, 229),
(2062, 114, 230),
(2173, 115, 195),
(2175, 115, 196),
(2176, 115, 197),
(2177, 115, 198),
(2178, 115, 199),
(2179, 115, 200),
(2180, 115, 201),
(2181, 115, 202),
(2182, 115, 203),
(2172, 115, 204),
(2183, 115, 205),
(2184, 115, 206),
(2185, 115, 207),
(2186, 115, 208),
(2174, 115, 209),
(2187, 115, 210),
(2188, 115, 211),
(2189, 115, 212),
(2190, 115, 213),
(2191, 115, 214),
(2192, 115, 215),
(2193, 115, 216),
(2194, 115, 217),
(2195, 115, 218),
(2196, 115, 219),
(2197, 115, 220),
(2198, 115, 221),
(2199, 115, 222),
(2200, 115, 223),
(2201, 115, 224),
(2202, 115, 225),
(2203, 115, 226),
(2204, 115, 227),
(2205, 115, 228),
(2206, 115, 229),
(2207, 115, 230),
(1922, 116, 195),
(1926, 116, 196),
(1928, 116, 197),
(1930, 116, 198),
(1932, 116, 199),
(1934, 116, 200),
(1936, 116, 201),
(1938, 116, 202),
(1940, 116, 203),
(1920, 116, 204),
(1942, 116, 205),
(1944, 116, 206),
(1946, 116, 207),
(1948, 116, 208),
(1924, 116, 209),
(1950, 116, 210),
(1952, 116, 211),
(1954, 116, 212),
(1956, 116, 213),
(1958, 116, 214),
(1960, 116, 215),
(1962, 116, 216),
(1964, 116, 217),
(1966, 116, 218),
(1968, 116, 219),
(1970, 116, 220),
(1972, 116, 221),
(1974, 116, 222),
(1976, 116, 223),
(1978, 116, 224),
(1980, 116, 225),
(1982, 116, 226),
(1984, 116, 227),
(1986, 116, 228),
(1988, 116, 229),
(1990, 116, 230),
(2209, 117, 195),
(2211, 117, 196),
(2212, 117, 197),
(2213, 117, 198),
(2214, 117, 199),
(2215, 117, 200),
(2216, 117, 201),
(2217, 117, 202),
(2218, 117, 203),
(2208, 117, 204),
(2219, 117, 205),
(2220, 117, 206),
(2221, 117, 207),
(2222, 117, 208),
(2210, 117, 209),
(2223, 117, 210),
(2224, 117, 211),
(2225, 117, 212),
(2226, 117, 213),
(2227, 117, 214),
(2228, 117, 215),
(2229, 117, 216),
(2230, 117, 217),
(2231, 117, 218),
(2232, 117, 219),
(2233, 117, 220),
(2234, 117, 221),
(2235, 117, 222),
(2236, 117, 223),
(2237, 117, 224),
(2238, 117, 225),
(2239, 117, 226),
(2240, 117, 227),
(2241, 117, 228),
(2242, 117, 229),
(2243, 117, 230),
(2067, 118, 195),
(2071, 118, 196),
(2073, 118, 197),
(2075, 118, 198),
(2077, 118, 199),
(2079, 118, 200),
(2081, 118, 201),
(2083, 118, 202),
(2085, 118, 203),
(2065, 118, 204),
(2087, 118, 205),
(2089, 118, 206),
(2091, 118, 207),
(2093, 118, 208),
(2069, 118, 209),
(2095, 118, 210),
(2097, 118, 211),
(2099, 118, 212),
(2101, 118, 213),
(2103, 118, 214),
(2105, 118, 215),
(2107, 118, 216),
(2109, 118, 217),
(2111, 118, 218),
(2113, 118, 219),
(2115, 118, 220),
(2117, 118, 221),
(2119, 118, 222),
(2121, 118, 223),
(2123, 118, 224),
(2125, 118, 225),
(2127, 118, 226),
(2129, 118, 227),
(2131, 118, 228),
(2133, 118, 229),
(2135, 118, 230),
(2137, 119, 195),
(2139, 119, 196),
(2140, 119, 197),
(2141, 119, 198),
(2142, 119, 199),
(2143, 119, 200),
(2144, 119, 201),
(2145, 119, 202),
(2146, 119, 203),
(2136, 119, 204),
(2147, 119, 205),
(2148, 119, 206),
(2149, 119, 207),
(2150, 119, 208),
(2138, 119, 209),
(2151, 119, 210),
(2152, 119, 211),
(2153, 119, 212),
(2154, 119, 213),
(2155, 119, 214),
(2156, 119, 215),
(2157, 119, 216),
(2158, 119, 217),
(2159, 119, 218),
(2160, 119, 219),
(2161, 119, 220),
(2162, 119, 221),
(2163, 119, 222),
(2164, 119, 223),
(2165, 119, 224),
(2166, 119, 225),
(2167, 119, 226),
(2168, 119, 227),
(2169, 119, 228),
(2170, 119, 229),
(2171, 119, 230),
(1995, 120, 195),
(1999, 120, 196),
(2001, 120, 197),
(2003, 120, 198),
(2005, 120, 199),
(2007, 120, 200),
(2009, 120, 201),
(2011, 120, 202),
(2013, 120, 203),
(1993, 120, 204),
(2015, 120, 205),
(2017, 120, 206),
(2019, 120, 207),
(2021, 120, 208),
(1997, 120, 209),
(2023, 120, 210),
(2025, 120, 211),
(2027, 120, 212),
(2029, 120, 213),
(2031, 120, 214),
(2033, 120, 215),
(2035, 120, 216),
(2037, 120, 217),
(2039, 120, 218),
(2041, 120, 219),
(2043, 120, 220),
(2045, 120, 221),
(2047, 120, 222),
(2049, 120, 223),
(2051, 120, 224),
(2053, 120, 225),
(2055, 120, 226),
(2057, 120, 227),
(2059, 120, 228),
(2061, 120, 229),
(2063, 120, 230),
(1923, 121, 195),
(1927, 121, 196),
(1929, 121, 197),
(1931, 121, 198),
(1933, 121, 199),
(1935, 121, 200),
(1937, 121, 201),
(1939, 121, 202),
(1941, 121, 203),
(1921, 121, 204),
(1943, 121, 205),
(1945, 121, 206),
(1947, 121, 207),
(1949, 121, 208),
(1925, 121, 209),
(1951, 121, 210),
(1953, 121, 211),
(1955, 121, 212),
(1957, 121, 213),
(1959, 121, 214),
(1961, 121, 215),
(1963, 121, 216),
(1965, 121, 217),
(1967, 121, 218),
(1969, 121, 219),
(1971, 121, 220),
(1973, 121, 221),
(1975, 121, 222),
(1977, 121, 223),
(1979, 121, 224),
(1981, 121, 225),
(1983, 121, 226),
(1985, 121, 227),
(1987, 121, 228),
(1989, 121, 229),
(1991, 121, 230),
(1527, 162, 132),
(1513, 162, 133),
(1533, 162, 134),
(1535, 162, 135),
(1537, 162, 136),
(1515, 162, 137),
(1539, 162, 138),
(1529, 162, 139),
(1541, 162, 140),
(1543, 162, 141),
(1545, 162, 142),
(1547, 162, 143),
(1549, 162, 144),
(1517, 162, 145),
(1551, 162, 146),
(1531, 162, 147),
(1553, 162, 148),
(1519, 162, 149),
(1555, 162, 150),
(1557, 162, 151),
(1559, 162, 152),
(1521, 162, 153),
(1561, 162, 154),
(1563, 162, 155),
(1565, 162, 156),
(1567, 162, 157),
(1569, 162, 158),
(1571, 162, 159),
(1573, 162, 160),
(1575, 162, 161),
(1523, 162, 162),
(1577, 162, 163),
(1525, 162, 164),
(1579, 162, 165),
(1581, 162, 166),
(1583, 162, 167),
(1892, 163, 132),
(1884, 163, 133),
(1885, 163, 134),
(1895, 163, 135),
(1896, 163, 136),
(1886, 163, 137),
(1897, 163, 138),
(1893, 163, 139),
(1898, 163, 140),
(1899, 163, 141),
(1900, 163, 142),
(1901, 163, 143),
(1902, 163, 144),
(1887, 163, 145),
(1903, 163, 146),
(1894, 163, 147),
(1904, 163, 148),
(1888, 163, 149),
(1905, 163, 150),
(1906, 163, 151),
(1907, 163, 152),
(1889, 163, 153),
(1908, 163, 154),
(1909, 163, 155),
(1910, 163, 156),
(1911, 163, 157),
(1912, 163, 158),
(1913, 163, 159),
(1914, 163, 160),
(1915, 163, 161),
(1890, 163, 162),
(1916, 163, 163),
(1891, 163, 164),
(1917, 163, 165),
(1918, 163, 166),
(1919, 163, 167),
(1856, 164, 132),
(1848, 164, 133),
(1849, 164, 134),
(1859, 164, 135),
(1860, 164, 136),
(1850, 164, 137),
(1861, 164, 138),
(1857, 164, 139),
(1862, 164, 140),
(1863, 164, 141),
(1864, 164, 142),
(1865, 164, 143),
(1866, 164, 144),
(1851, 164, 145),
(1867, 164, 146),
(1858, 164, 147),
(1868, 164, 148),
(1852, 164, 149),
(1869, 164, 150),
(1870, 164, 151),
(1871, 164, 152),
(1853, 164, 153),
(1872, 164, 154),
(1873, 164, 155),
(1874, 164, 156),
(1875, 164, 157),
(1876, 164, 158),
(1877, 164, 159),
(1878, 164, 160),
(1879, 164, 161),
(1854, 164, 162),
(1880, 164, 163),
(1855, 164, 164),
(1881, 164, 165),
(1882, 164, 166),
(1883, 164, 167),
(1239, 165, 132),
(1225, 165, 133),
(1245, 165, 134),
(1247, 165, 135),
(1249, 165, 136),
(1227, 165, 137),
(1251, 165, 138),
(1241, 165, 139),
(1253, 165, 140),
(1255, 165, 141),
(1257, 165, 142),
(1259, 165, 143),
(1261, 165, 144),
(1229, 165, 145),
(1263, 165, 146),
(1243, 165, 147),
(1265, 165, 148),
(1231, 165, 149),
(1267, 165, 150),
(1269, 165, 151),
(1271, 165, 152),
(1233, 165, 153),
(1273, 165, 154),
(1275, 165, 155),
(1277, 165, 156),
(1279, 165, 157),
(1281, 165, 158),
(1283, 165, 159),
(1285, 165, 160),
(1287, 165, 161),
(1235, 165, 162),
(1289, 165, 163),
(1237, 165, 164),
(1291, 165, 165),
(1293, 165, 166),
(1295, 165, 167),
(1748, 166, 132),
(1740, 166, 133),
(1741, 166, 134),
(1751, 166, 135),
(1752, 166, 136),
(1742, 166, 137),
(1753, 166, 138),
(1749, 166, 139),
(1754, 166, 140),
(1755, 166, 141),
(1756, 166, 142),
(1757, 166, 143),
(1758, 166, 144),
(1743, 166, 145),
(1759, 166, 146),
(1750, 166, 147),
(1760, 166, 148),
(1744, 166, 149),
(1761, 166, 150),
(1762, 166, 151),
(1763, 166, 152),
(1745, 166, 153),
(1764, 166, 154),
(1765, 166, 155),
(1766, 166, 156),
(1767, 166, 157),
(1768, 166, 158),
(1769, 166, 159),
(1770, 166, 160),
(1771, 166, 161),
(1746, 166, 162),
(1772, 166, 163),
(1747, 166, 164),
(1773, 166, 165),
(1774, 166, 166),
(1775, 166, 167),
(1712, 167, 132),
(1704, 167, 133),
(1705, 167, 134),
(1715, 167, 135),
(1716, 167, 136),
(1706, 167, 137),
(1717, 167, 138),
(1713, 167, 139),
(1718, 167, 140),
(1719, 167, 141),
(1720, 167, 142),
(1721, 167, 143),
(1722, 167, 144),
(1707, 167, 145),
(1723, 167, 146),
(1714, 167, 147),
(1724, 167, 148),
(1708, 167, 149),
(1725, 167, 150),
(1726, 167, 151),
(1727, 167, 152),
(1709, 167, 153),
(1728, 167, 154),
(1729, 167, 155),
(1730, 167, 156),
(1731, 167, 157),
(1732, 167, 158),
(1733, 167, 159),
(1734, 167, 160),
(1735, 167, 161),
(1710, 167, 162),
(1736, 167, 163),
(1711, 167, 164),
(1737, 167, 165),
(1738, 167, 166),
(1739, 167, 167),
(1784, 168, 132),
(1776, 168, 133),
(1777, 168, 134),
(1787, 168, 135),
(1788, 168, 136),
(1778, 168, 137),
(1789, 168, 138),
(1785, 168, 139),
(1790, 168, 140),
(1791, 168, 141),
(1792, 168, 142),
(1793, 168, 143),
(1794, 168, 144),
(1779, 168, 145),
(1795, 168, 146),
(1786, 168, 147),
(1796, 168, 148),
(1780, 168, 149),
(1797, 168, 150),
(1798, 168, 151),
(1799, 168, 152),
(1781, 168, 153),
(1800, 168, 154),
(1801, 168, 155),
(1802, 168, 156),
(1803, 168, 157),
(1804, 168, 158),
(1805, 168, 159),
(1806, 168, 160),
(1807, 168, 161),
(1782, 168, 162),
(1808, 168, 163),
(1783, 168, 164),
(1809, 168, 165),
(1810, 168, 166),
(1811, 168, 167),
(1820, 169, 132),
(1812, 169, 133),
(1813, 169, 134),
(1823, 169, 135),
(1824, 169, 136),
(1814, 169, 137),
(1825, 169, 138),
(1821, 169, 139),
(1826, 169, 140),
(1827, 169, 141),
(1828, 169, 142),
(1829, 169, 143),
(1830, 169, 144),
(1815, 169, 145),
(1831, 169, 146),
(1822, 169, 147),
(1832, 169, 148),
(1816, 169, 149),
(1833, 169, 150),
(1834, 169, 151),
(1835, 169, 152),
(1817, 169, 153),
(1836, 169, 154),
(1837, 169, 155),
(1838, 169, 156),
(1839, 169, 157),
(1840, 169, 158),
(1841, 169, 159),
(1842, 169, 160),
(1843, 169, 161),
(1818, 169, 162),
(1844, 169, 163),
(1819, 169, 164),
(1845, 169, 165),
(1846, 169, 166),
(1847, 169, 167),
(1455, 170, 132),
(1441, 170, 133),
(1461, 170, 134),
(1463, 170, 135),
(1465, 170, 136),
(1443, 170, 137),
(1467, 170, 138),
(1457, 170, 139),
(1469, 170, 140),
(1471, 170, 141),
(1473, 170, 142),
(1475, 170, 143),
(1477, 170, 144),
(1445, 170, 145),
(1479, 170, 146),
(1459, 170, 147),
(1481, 170, 148),
(1447, 170, 149),
(1483, 170, 150),
(1485, 170, 151),
(1487, 170, 152),
(1449, 170, 153),
(1489, 170, 154),
(1491, 170, 155),
(1493, 170, 156),
(1495, 170, 157),
(1497, 170, 158),
(1499, 170, 159),
(1501, 170, 160),
(1503, 170, 161),
(1451, 170, 162),
(1505, 170, 163),
(1453, 170, 164),
(1507, 170, 165),
(1509, 170, 166),
(1511, 170, 167),
(1676, 171, 132),
(1668, 171, 133),
(1669, 171, 134),
(1679, 171, 135),
(1680, 171, 136),
(1670, 171, 137),
(1681, 171, 138),
(1677, 171, 139),
(1682, 171, 140),
(1683, 171, 141),
(1684, 171, 142),
(1685, 171, 143),
(1686, 171, 144),
(1671, 171, 145),
(1687, 171, 146),
(1678, 171, 147),
(1688, 171, 148),
(1672, 171, 149),
(1689, 171, 150),
(1690, 171, 151),
(1691, 171, 152),
(1673, 171, 153),
(1692, 171, 154),
(1693, 171, 155),
(1694, 171, 156),
(1695, 171, 157),
(1696, 171, 158),
(1697, 171, 159),
(1698, 171, 160),
(1699, 171, 161),
(1674, 171, 162),
(1700, 171, 163),
(1675, 171, 164),
(1701, 171, 165),
(1702, 171, 166),
(1703, 171, 167),
(1596, 172, 135),
(1597, 172, 136),
(1598, 172, 138),
(1599, 172, 140),
(1600, 172, 141),
(1601, 172, 142),
(1602, 172, 143),
(1603, 172, 144),
(1604, 172, 146),
(1605, 172, 148),
(1606, 172, 150),
(1607, 172, 151),
(1608, 172, 152),
(1609, 172, 154),
(1610, 172, 155),
(1611, 172, 156),
(1612, 172, 157),
(1613, 172, 158),
(1614, 172, 159),
(1615, 172, 160),
(1616, 172, 161),
(1617, 172, 163),
(1618, 172, 165),
(1619, 172, 166),
(1620, 172, 167),
(1640, 173, 132),
(1632, 173, 133),
(1633, 173, 134),
(1643, 173, 135),
(1644, 173, 136),
(1634, 173, 137),
(1645, 173, 138),
(1641, 173, 139),
(1646, 173, 140),
(1647, 173, 141),
(1648, 173, 142),
(1649, 173, 143),
(1650, 173, 144),
(1635, 173, 145),
(1651, 173, 146),
(1642, 173, 147),
(1652, 173, 148),
(1636, 173, 149),
(1653, 173, 150),
(1654, 173, 151),
(1655, 173, 152),
(1637, 173, 153),
(1656, 173, 154),
(1657, 173, 155),
(1658, 173, 156),
(1659, 173, 157),
(1660, 173, 158),
(1661, 173, 159),
(1662, 173, 160),
(1663, 173, 161),
(1638, 173, 162),
(1664, 173, 163),
(1639, 173, 164),
(1665, 173, 165),
(1666, 173, 166),
(1667, 173, 167),
(1456, 174, 132),
(1442, 174, 133),
(1462, 174, 134),
(1464, 174, 135),
(1466, 174, 136),
(1444, 174, 137),
(1468, 174, 138),
(1458, 174, 139),
(1470, 174, 140),
(1472, 174, 141),
(1474, 174, 142),
(1476, 174, 143),
(1478, 174, 144),
(1446, 174, 145),
(1480, 174, 146),
(1460, 174, 147),
(1482, 174, 148),
(1448, 174, 149),
(1484, 174, 150),
(1486, 174, 151),
(1488, 174, 152),
(1450, 174, 153),
(1490, 174, 154),
(1492, 174, 155),
(1494, 174, 156),
(1496, 174, 157),
(1498, 174, 158),
(1500, 174, 159),
(1502, 174, 160),
(1504, 174, 161),
(1452, 174, 162),
(1506, 174, 163),
(1454, 174, 164),
(1508, 174, 165),
(1510, 174, 166),
(1512, 174, 167),
(1528, 175, 132),
(1514, 175, 133),
(1534, 175, 134),
(1536, 175, 135),
(1538, 175, 136),
(1516, 175, 137),
(1540, 175, 138),
(1530, 175, 139),
(1542, 175, 140),
(1544, 175, 141),
(1546, 175, 142),
(1548, 175, 143),
(1550, 175, 144),
(1518, 175, 145),
(1552, 175, 146),
(1532, 175, 147),
(1554, 175, 148),
(1520, 175, 149),
(1556, 175, 150),
(1558, 175, 151),
(1560, 175, 152),
(1522, 175, 153),
(1562, 175, 154),
(1564, 175, 155),
(1566, 175, 156),
(1568, 175, 157),
(1570, 175, 158),
(1572, 175, 159),
(1574, 175, 160),
(1576, 175, 161),
(1524, 175, 162),
(1578, 175, 163),
(1526, 175, 164),
(1580, 175, 165),
(1582, 175, 166),
(1584, 175, 167),
(1412, 176, 132),
(1405, 176, 133),
(1415, 176, 134),
(1416, 176, 135),
(1417, 176, 136),
(1406, 176, 137),
(1418, 176, 138),
(1413, 176, 139),
(1419, 176, 140),
(1420, 176, 141),
(1421, 176, 142),
(1422, 176, 143),
(1423, 176, 144),
(1407, 176, 145),
(1424, 176, 146),
(1414, 176, 147),
(1425, 176, 148),
(1408, 176, 149),
(1426, 176, 150),
(1427, 176, 151),
(1428, 176, 152),
(1409, 176, 153),
(1429, 176, 154),
(1430, 176, 155),
(1431, 176, 156),
(1432, 176, 157),
(1433, 176, 158),
(1434, 176, 159),
(1435, 176, 160),
(1436, 176, 161),
(1410, 176, 162),
(1437, 176, 163),
(1411, 176, 164),
(1438, 176, 165),
(1439, 176, 166),
(1440, 176, 167),
(1376, 177, 132),
(1369, 177, 133),
(1379, 177, 134),
(1380, 177, 135),
(1381, 177, 136),
(1370, 177, 137),
(1382, 177, 138),
(1377, 177, 139),
(1383, 177, 140),
(1384, 177, 141),
(1385, 177, 142),
(1386, 177, 143),
(1387, 177, 144),
(1371, 177, 145),
(1388, 177, 146),
(1378, 177, 147),
(1389, 177, 148),
(1372, 177, 149),
(1390, 177, 150),
(1391, 177, 151),
(1392, 177, 152),
(1373, 177, 153),
(1393, 177, 154),
(1394, 177, 155),
(1395, 177, 156),
(1396, 177, 157),
(1397, 177, 158),
(1398, 177, 159),
(1399, 177, 160),
(1400, 177, 161),
(1374, 177, 162),
(1401, 177, 163),
(1375, 177, 164),
(1402, 177, 165),
(1403, 177, 166),
(1404, 177, 167),
(1311, 178, 132),
(1297, 178, 133),
(1317, 178, 134),
(1319, 178, 135),
(1321, 178, 136),
(1299, 178, 137),
(1323, 178, 138),
(1313, 178, 139),
(1325, 178, 140),
(1327, 178, 141),
(1329, 178, 142),
(1331, 178, 143),
(1333, 178, 144),
(1301, 178, 145),
(1335, 178, 146),
(1315, 178, 147),
(1337, 178, 148),
(1303, 178, 149),
(1339, 178, 150),
(1341, 178, 151),
(1343, 178, 152),
(1305, 178, 153),
(1345, 178, 154),
(1347, 178, 155),
(1349, 178, 156),
(1351, 178, 157),
(1353, 178, 158),
(1355, 178, 159),
(1357, 178, 160),
(1359, 178, 161),
(1307, 178, 162),
(1361, 178, 163),
(1309, 178, 164),
(1363, 178, 165),
(1365, 178, 166),
(1367, 178, 167),
(1240, 179, 132),
(1226, 179, 133),
(1246, 179, 134),
(1248, 179, 135),
(1250, 179, 136),
(1228, 179, 137),
(1252, 179, 138),
(1242, 179, 139),
(1254, 179, 140),
(1256, 179, 141),
(1258, 179, 142),
(1260, 179, 143),
(1262, 179, 144),
(1230, 179, 145),
(1264, 179, 146),
(1244, 179, 147),
(1266, 179, 148),
(1232, 179, 149),
(1268, 179, 150),
(1270, 179, 151),
(1272, 179, 152),
(1234, 179, 153),
(1274, 179, 154),
(1276, 179, 155),
(1278, 179, 156),
(1280, 179, 157),
(1282, 179, 158),
(1284, 179, 159),
(1286, 179, 160),
(1288, 179, 161),
(1236, 179, 162),
(1290, 179, 163),
(1238, 179, 164),
(1292, 179, 165),
(1294, 179, 166),
(1296, 179, 167),
(1160, 180, 132),
(1153, 180, 133),
(1163, 180, 134),
(1164, 180, 135),
(1165, 180, 136),
(1154, 180, 137),
(1166, 180, 138),
(1161, 180, 139),
(1167, 180, 140),
(1168, 180, 141),
(1169, 180, 142),
(1170, 180, 143),
(1171, 180, 144),
(1155, 180, 145),
(1172, 180, 146),
(1162, 180, 147),
(1173, 180, 148),
(1156, 180, 149),
(1174, 180, 150),
(1175, 180, 151),
(1176, 180, 152),
(1157, 180, 153),
(1177, 180, 154),
(1178, 180, 155),
(1179, 180, 156),
(1180, 180, 157),
(1181, 180, 158),
(1182, 180, 159),
(1183, 180, 160),
(1184, 180, 161),
(1158, 180, 162),
(1185, 180, 163),
(1159, 180, 164),
(1186, 180, 165),
(1187, 180, 166),
(1188, 180, 167),
(1196, 181, 132),
(1189, 181, 133),
(1199, 181, 134),
(1200, 181, 135),
(1201, 181, 136),
(1190, 181, 137),
(1202, 181, 138),
(1197, 181, 139),
(1203, 181, 140),
(1204, 181, 141),
(1205, 181, 142),
(1206, 181, 143),
(1207, 181, 144),
(1191, 181, 145),
(1208, 181, 146),
(1198, 181, 147),
(1209, 181, 148),
(1192, 181, 149),
(1210, 181, 150),
(1211, 181, 151),
(1212, 181, 152),
(1193, 181, 153),
(1213, 181, 154),
(1214, 181, 155),
(1215, 181, 156),
(1216, 181, 157),
(1217, 181, 158),
(1218, 181, 159),
(1219, 181, 160),
(1220, 181, 161),
(1194, 181, 162),
(1221, 181, 163),
(1195, 181, 164),
(1222, 181, 165),
(1223, 181, 166),
(1224, 181, 167),
(1312, 182, 132),
(1298, 182, 133),
(1318, 182, 134),
(1320, 182, 135),
(1322, 182, 136),
(1300, 182, 137),
(1324, 182, 138),
(1314, 182, 139),
(1326, 182, 140),
(1328, 182, 141),
(1330, 182, 142),
(1332, 182, 143),
(1334, 182, 144),
(1302, 182, 145),
(1336, 182, 146),
(1316, 182, 147),
(1338, 182, 148),
(1304, 182, 149),
(1340, 182, 150),
(1342, 182, 151),
(1344, 182, 152),
(1306, 182, 153),
(1346, 182, 154),
(1348, 182, 155),
(1350, 182, 156),
(1352, 182, 157),
(1354, 182, 158),
(1356, 182, 159),
(1358, 182, 160),
(1360, 182, 161),
(1308, 182, 162),
(1362, 182, 163),
(1310, 182, 164),
(1364, 182, 165),
(1366, 182, 166),
(1368, 182, 167),
(2807, 183, 258),
(2809, 183, 259),
(2811, 183, 260),
(2813, 183, 261),
(2815, 183, 262),
(2817, 183, 263),
(2819, 183, 264),
(2821, 183, 265),
(2799, 183, 266),
(2823, 183, 267),
(2825, 183, 268),
(2827, 183, 269),
(2829, 183, 270),
(2831, 183, 271),
(2801, 183, 272),
(2833, 183, 273),
(2835, 183, 274),
(2803, 183, 275),
(2837, 183, 276),
(2839, 183, 277),
(2841, 183, 278),
(2843, 183, 279),
(2845, 183, 280),
(2847, 183, 281),
(2849, 183, 282),
(2851, 183, 283),
(2853, 183, 284),
(2855, 183, 285),
(2857, 183, 286),
(2805, 183, 287),
(2859, 183, 288),
(2861, 183, 289),
(3191, 184, 258),
(3192, 184, 259),
(3193, 184, 260),
(3194, 184, 261),
(3195, 184, 262),
(3196, 184, 263),
(3197, 184, 264),
(3198, 184, 265),
(3187, 184, 266),
(3199, 184, 267),
(3200, 184, 268),
(3201, 184, 269),
(3202, 184, 270),
(3203, 184, 271),
(3188, 184, 272),
(3204, 184, 273),
(3205, 184, 274),
(3189, 184, 275),
(3206, 184, 276),
(3207, 184, 277),
(3208, 184, 278),
(3209, 184, 279),
(3210, 184, 280),
(3211, 184, 281),
(3212, 184, 282),
(3213, 184, 283),
(3214, 184, 284),
(3215, 184, 285),
(3216, 184, 286),
(3190, 184, 287),
(3217, 184, 288),
(3218, 184, 289),
(2967, 186, 258),
(2969, 186, 259),
(2971, 186, 260),
(2973, 186, 261),
(2975, 186, 262),
(2977, 186, 263),
(2979, 186, 264),
(2981, 186, 265),
(2959, 186, 266),
(2983, 186, 267),
(2985, 186, 268),
(2987, 186, 269),
(2989, 186, 270),
(2991, 186, 271),
(2961, 186, 272),
(2993, 186, 273),
(2995, 186, 274),
(2963, 186, 275),
(2997, 186, 276),
(2999, 186, 277),
(3001, 186, 278),
(3003, 186, 279),
(3005, 186, 280),
(3007, 186, 281),
(3009, 186, 282),
(3011, 186, 283),
(3013, 186, 284),
(3015, 186, 285),
(3017, 186, 286),
(2965, 186, 287),
(3019, 186, 288),
(3021, 186, 289),
(3091, 187, 258),
(3092, 187, 259),
(3093, 187, 260),
(3094, 187, 261),
(3095, 187, 262),
(3096, 187, 263),
(3097, 187, 264),
(3098, 187, 265),
(3087, 187, 266),
(3099, 187, 267),
(3100, 187, 268),
(3101, 187, 269),
(3102, 187, 270),
(3103, 187, 271),
(3088, 187, 272),
(3104, 187, 273),
(3105, 187, 274),
(3089, 187, 275),
(3106, 187, 276),
(3107, 187, 277),
(3108, 187, 278),
(3109, 187, 279),
(3110, 187, 280),
(3111, 187, 281),
(3112, 187, 282),
(3113, 187, 283),
(3114, 187, 284),
(3115, 187, 285),
(3116, 187, 286),
(3090, 187, 287),
(3117, 187, 288),
(3118, 187, 289),
(3031, 188, 258),
(3033, 188, 259),
(3035, 188, 260),
(3037, 188, 261),
(3039, 188, 262),
(3041, 188, 263),
(3043, 188, 264),
(3045, 188, 265),
(3023, 188, 266),
(3047, 188, 267),
(3049, 188, 268),
(3051, 188, 269),
(3053, 188, 270),
(3055, 188, 271),
(3025, 188, 272),
(3057, 188, 273),
(3059, 188, 274),
(3027, 188, 275),
(3061, 188, 276),
(3063, 188, 277),
(3065, 188, 278),
(3067, 188, 279),
(3069, 188, 280),
(3071, 188, 281),
(3073, 188, 282),
(3075, 188, 283),
(3077, 188, 284),
(3079, 188, 285),
(3081, 188, 286),
(3029, 188, 287),
(3083, 188, 288),
(3085, 188, 289),
(3155, 189, 258),
(3156, 189, 259),
(3157, 189, 260),
(3158, 189, 261),
(3159, 189, 262),
(3160, 189, 263),
(3161, 189, 264),
(3162, 189, 265),
(3163, 189, 267),
(3164, 189, 268),
(3165, 189, 269),
(3166, 189, 270),
(3167, 189, 271),
(3168, 189, 273),
(3169, 189, 274),
(3170, 189, 276),
(3171, 189, 277),
(3172, 189, 278),
(3173, 189, 279),
(3174, 189, 280),
(3175, 189, 281),
(3176, 189, 282),
(3177, 189, 283),
(3178, 189, 284),
(3179, 189, 285),
(3180, 189, 286),
(3181, 189, 288),
(3182, 189, 289),
(3123, 190, 258),
(3124, 190, 259),
(3125, 190, 260),
(3126, 190, 261),
(3127, 190, 262),
(3128, 190, 263),
(3129, 190, 264),
(3130, 190, 265),
(3119, 190, 266),
(3131, 190, 267),
(3132, 190, 268),
(3133, 190, 269),
(3134, 190, 270),
(3135, 190, 271),
(3120, 190, 272),
(3136, 190, 273),
(3137, 190, 274),
(3121, 190, 275),
(3138, 190, 276),
(3139, 190, 277),
(3140, 190, 278),
(3141, 190, 279),
(3142, 190, 280),
(3143, 190, 281),
(3144, 190, 282),
(3145, 190, 283),
(3146, 190, 284),
(3147, 190, 285),
(3148, 190, 286),
(3122, 190, 287),
(3149, 190, 288),
(3150, 190, 289),
(2968, 191, 258),
(2970, 191, 259),
(2972, 191, 260),
(2974, 191, 261),
(2976, 191, 262),
(2978, 191, 263),
(2980, 191, 264),
(2982, 191, 265),
(2960, 191, 266),
(2984, 191, 267),
(2986, 191, 268),
(2988, 191, 269),
(2990, 191, 270),
(2992, 191, 271),
(2962, 191, 272),
(2994, 191, 273),
(2996, 191, 274),
(2964, 191, 275),
(2998, 191, 276),
(3000, 191, 277),
(3002, 191, 278),
(3004, 191, 279),
(3006, 191, 280),
(3008, 191, 281),
(3010, 191, 282),
(3012, 191, 283),
(3014, 191, 284),
(3016, 191, 285),
(3018, 191, 286),
(2966, 191, 287),
(3020, 191, 288),
(3022, 191, 289),
(2931, 192, 258),
(2932, 192, 259),
(2933, 192, 260),
(2934, 192, 261),
(2935, 192, 262),
(2936, 192, 263),
(2937, 192, 264),
(2938, 192, 265),
(2927, 192, 266),
(2939, 192, 267),
(2940, 192, 268),
(2941, 192, 269),
(2942, 192, 270),
(2943, 192, 271),
(2928, 192, 272),
(2944, 192, 273),
(2945, 192, 274),
(2929, 192, 275),
(2946, 192, 276),
(2947, 192, 277),
(2948, 192, 278),
(2949, 192, 279),
(2950, 192, 280),
(2951, 192, 281),
(2952, 192, 282),
(2953, 192, 283),
(2954, 192, 284),
(2955, 192, 285),
(2956, 192, 286),
(2930, 192, 287),
(2957, 192, 288),
(2958, 192, 289),
(3032, 193, 258),
(3034, 193, 259),
(3036, 193, 260),
(3038, 193, 261),
(3040, 193, 262),
(3042, 193, 263),
(3044, 193, 264),
(3046, 193, 265),
(3024, 193, 266),
(3048, 193, 267),
(3050, 193, 268),
(3052, 193, 269),
(3054, 193, 270),
(3056, 193, 271),
(3026, 193, 272),
(3058, 193, 273),
(3060, 193, 274),
(3028, 193, 275),
(3062, 193, 276),
(3064, 193, 277),
(3066, 193, 278),
(3068, 193, 279),
(3070, 193, 280),
(3072, 193, 281),
(3074, 193, 282),
(3076, 193, 283),
(3078, 193, 284),
(3080, 193, 285),
(3082, 193, 286),
(3030, 193, 287),
(3084, 193, 288),
(3086, 193, 289),
(2647, 194, 258),
(2649, 194, 259),
(2651, 194, 260),
(2653, 194, 261),
(2655, 194, 262),
(2657, 194, 263),
(2659, 194, 264),
(2661, 194, 265),
(2639, 194, 266),
(2663, 194, 267),
(2665, 194, 268),
(2667, 194, 269),
(2669, 194, 270),
(2671, 194, 271),
(2641, 194, 272),
(2673, 194, 273),
(2675, 194, 274),
(2643, 194, 275),
(2677, 194, 276),
(2679, 194, 277),
(2681, 194, 278),
(2683, 194, 279),
(2685, 194, 280),
(2687, 194, 281),
(2689, 194, 282),
(2691, 194, 283),
(2693, 194, 284),
(2695, 194, 285),
(2697, 194, 286),
(2645, 194, 287),
(2699, 194, 288),
(2701, 194, 289),
(2808, 195, 258),
(2810, 195, 259),
(2812, 195, 260),
(2814, 195, 261),
(2816, 195, 262),
(2818, 195, 263),
(2820, 195, 264),
(2822, 195, 265),
(2800, 195, 266),
(2824, 195, 267),
(2826, 195, 268),
(2828, 195, 269),
(2830, 195, 270),
(2832, 195, 271),
(2802, 195, 272),
(2834, 195, 273),
(2836, 195, 274),
(2804, 195, 275),
(2838, 195, 276),
(2840, 195, 277),
(2842, 195, 278),
(2844, 195, 279),
(2846, 195, 280),
(2848, 195, 281),
(2850, 195, 282),
(2852, 195, 283),
(2854, 195, 284),
(2856, 195, 285),
(2858, 195, 286),
(2806, 195, 287),
(2860, 195, 288),
(2862, 195, 289),
(2771, 196, 258),
(2772, 196, 259),
(2773, 196, 260),
(2774, 196, 261),
(2775, 196, 262),
(2776, 196, 263),
(2777, 196, 264),
(2778, 196, 265),
(2767, 196, 266),
(2779, 196, 267),
(2780, 196, 268),
(2781, 196, 269),
(2782, 196, 270),
(2783, 196, 271),
(2768, 196, 272),
(2784, 196, 273),
(2785, 196, 274),
(2769, 196, 275),
(2786, 196, 276),
(2787, 196, 277),
(2788, 196, 278),
(2789, 196, 279),
(2790, 196, 280),
(2791, 196, 281),
(2792, 196, 282),
(2793, 196, 283),
(2794, 196, 284),
(2795, 196, 285),
(2796, 196, 286),
(2770, 196, 287),
(2797, 196, 288),
(2798, 196, 289),
(2867, 197, 258),
(2868, 197, 259),
(2869, 197, 260),
(2870, 197, 261),
(2871, 197, 262),
(2872, 197, 263),
(2873, 197, 264),
(2874, 197, 265),
(2863, 197, 266),
(2875, 197, 267),
(2876, 197, 268),
(2877, 197, 269),
(2878, 197, 270),
(2879, 197, 271),
(2864, 197, 272),
(2880, 197, 273),
(2881, 197, 274),
(2865, 197, 275),
(2882, 197, 276),
(2883, 197, 277),
(2884, 197, 278),
(2885, 197, 279),
(2886, 197, 280),
(2887, 197, 281),
(2888, 197, 282),
(2889, 197, 283),
(2890, 197, 284),
(2891, 197, 285),
(2892, 197, 286),
(2866, 197, 287),
(2893, 197, 288),
(2894, 197, 289),
(2707, 199, 258),
(2708, 199, 259),
(2709, 199, 260),
(2710, 199, 261),
(2711, 199, 262),
(2712, 199, 263),
(2713, 199, 264),
(2714, 199, 265),
(2703, 199, 266),
(2715, 199, 267),
(2716, 199, 268),
(2717, 199, 269),
(2718, 199, 270),
(2719, 199, 271),
(2704, 199, 272),
(2720, 199, 273),
(2721, 199, 274),
(2705, 199, 275),
(2722, 199, 276),
(2723, 199, 277),
(2724, 199, 278),
(2725, 199, 279),
(2726, 199, 280),
(2727, 199, 281),
(2728, 199, 282),
(2729, 199, 283),
(2730, 199, 284),
(2731, 199, 285),
(2732, 199, 286),
(2706, 199, 287),
(2733, 199, 288),
(2734, 199, 289),
(2648, 200, 258),
(2650, 200, 259),
(2652, 200, 260),
(2654, 200, 261),
(2656, 200, 262),
(2658, 200, 263),
(2660, 200, 264),
(2662, 200, 265),
(2640, 200, 266),
(2664, 200, 267),
(2666, 200, 268),
(2668, 200, 269),
(2670, 200, 270),
(2672, 200, 271),
(2642, 200, 272),
(2674, 200, 273),
(2676, 200, 274),
(2644, 200, 275),
(2678, 200, 276),
(2680, 200, 277),
(2682, 200, 278),
(2684, 200, 279),
(2686, 200, 280),
(2688, 200, 281),
(2690, 200, 282),
(2692, 200, 283),
(2694, 200, 284),
(2696, 200, 285),
(2698, 200, 286),
(2646, 200, 287),
(2700, 200, 288),
(2702, 200, 289),
(2739, 201, 258),
(2740, 201, 259),
(2741, 201, 260),
(2742, 201, 261),
(2743, 201, 262),
(2744, 201, 263),
(2745, 201, 264),
(2746, 201, 265),
(2735, 201, 266),
(2747, 201, 267),
(2748, 201, 268),
(2749, 201, 269),
(2750, 201, 270),
(2751, 201, 271),
(2736, 201, 272),
(2752, 201, 273),
(2753, 201, 274),
(2737, 201, 275),
(2754, 201, 276),
(2755, 201, 277),
(2756, 201, 278),
(2757, 201, 279),
(2758, 201, 280),
(2759, 201, 281),
(2760, 201, 282),
(2761, 201, 283),
(2762, 201, 284),
(2763, 201, 285),
(2764, 201, 286),
(2738, 201, 287),
(2765, 201, 288),
(2766, 201, 289),
(2611, 202, 258),
(2612, 202, 259),
(2613, 202, 260),
(2614, 202, 261),
(2615, 202, 262),
(2616, 202, 263),
(2617, 202, 264),
(2618, 202, 265),
(2607, 202, 266),
(2619, 202, 267),
(2620, 202, 268),
(2621, 202, 269),
(2622, 202, 270),
(2623, 202, 271),
(2608, 202, 272),
(2624, 202, 273),
(2625, 202, 274),
(2609, 202, 275),
(2626, 202, 276),
(2627, 202, 277),
(2628, 202, 278),
(2629, 202, 279),
(2630, 202, 280),
(2631, 202, 281),
(2632, 202, 282),
(2633, 202, 283),
(2634, 202, 284),
(2635, 202, 285),
(2636, 202, 286),
(2610, 202, 287),
(2637, 202, 288),
(2638, 202, 289),
(1083, 329, 69),
(1089, 329, 70),
(1090, 329, 71),
(1091, 329, 72),
(1092, 329, 73),
(1093, 329, 74),
(1094, 329, 75),
(1095, 329, 76),
(1096, 329, 77),
(1097, 329, 78),
(1098, 329, 79),
(1099, 329, 80),
(1084, 329, 81),
(1100, 329, 82),
(1101, 329, 83),
(1087, 329, 84),
(1102, 329, 85),
(1103, 329, 86),
(1104, 329, 87),
(1085, 329, 88),
(1105, 329, 89),
(1106, 329, 90),
(1107, 329, 91),
(1108, 329, 92),
(1086, 329, 93),
(1109, 329, 94),
(1110, 329, 95),
(1111, 329, 96),
(1088, 329, 97),
(1112, 329, 98),
(1113, 329, 99),
(1114, 329, 100),
(1115, 329, 101),
(1116, 329, 102),
(1117, 329, 103),
(1048, 330, 69),
(1054, 330, 70),
(1055, 330, 71),
(1056, 330, 72),
(1057, 330, 73),
(1058, 330, 74),
(1059, 330, 75),
(1060, 330, 76),
(1061, 330, 77),
(1062, 330, 78),
(1063, 330, 79),
(1064, 330, 80),
(1049, 330, 81),
(1065, 330, 82),
(1066, 330, 83),
(1052, 330, 84),
(1067, 330, 85),
(1068, 330, 86),
(1069, 330, 87),
(1050, 330, 88),
(1070, 330, 89),
(1071, 330, 90),
(1072, 330, 91),
(1073, 330, 92),
(1051, 330, 93),
(1074, 330, 94),
(1075, 330, 95),
(1076, 330, 96),
(1053, 330, 97),
(1077, 330, 98),
(1078, 330, 99),
(1079, 330, 100),
(1080, 330, 101),
(1081, 330, 102),
(1082, 330, 103),
(1118, 331, 69),
(1124, 331, 70),
(1125, 331, 71),
(1126, 331, 72),
(1127, 331, 73),
(1128, 331, 74),
(1129, 331, 75),
(1130, 331, 76),
(1131, 331, 77),
(1132, 331, 78),
(1133, 331, 79),
(1134, 331, 80),
(1119, 331, 81),
(1135, 331, 82),
(1136, 331, 83),
(1122, 331, 84),
(1137, 331, 85),
(1138, 331, 86),
(1139, 331, 87),
(1120, 331, 88),
(1140, 331, 89),
(1141, 331, 90),
(1142, 331, 91),
(1143, 331, 92),
(1121, 331, 93),
(1144, 331, 94),
(1145, 331, 95),
(1146, 331, 96),
(1123, 331, 97),
(1147, 331, 98),
(1148, 331, 99),
(1149, 331, 100),
(1150, 331, 101),
(1151, 331, 102),
(1152, 331, 103),
(768, 332, 69),
(780, 332, 70),
(782, 332, 71),
(784, 332, 72),
(786, 332, 73),
(788, 332, 74),
(790, 332, 75),
(792, 332, 76),
(794, 332, 77),
(796, 332, 78),
(798, 332, 79),
(800, 332, 80),
(770, 332, 81),
(802, 332, 82),
(804, 332, 83),
(776, 332, 84),
(806, 332, 85),
(808, 332, 86),
(810, 332, 87),
(772, 332, 88),
(812, 332, 89),
(814, 332, 90),
(816, 332, 91),
(818, 332, 92),
(774, 332, 93),
(820, 332, 94),
(822, 332, 95),
(824, 332, 96),
(778, 332, 97),
(826, 332, 98),
(828, 332, 99),
(830, 332, 100),
(832, 332, 101),
(834, 332, 102),
(836, 332, 103),
(943, 333, 69),
(949, 333, 70),
(950, 333, 71),
(951, 333, 72),
(952, 333, 73),
(953, 333, 74),
(954, 333, 75),
(955, 333, 76),
(956, 333, 77),
(957, 333, 78),
(958, 333, 79),
(959, 333, 80),
(944, 333, 81),
(960, 333, 82),
(961, 333, 83),
(947, 333, 84),
(962, 333, 85),
(963, 333, 86),
(964, 333, 87),
(945, 333, 88),
(965, 333, 89),
(966, 333, 90),
(967, 333, 91),
(968, 333, 92),
(946, 333, 93),
(969, 333, 94),
(970, 333, 95),
(971, 333, 96),
(948, 333, 97),
(972, 333, 98),
(973, 333, 99),
(974, 333, 100),
(975, 333, 101),
(976, 333, 102),
(977, 333, 103),
(978, 334, 69),
(984, 334, 70),
(985, 334, 71),
(986, 334, 72),
(987, 334, 73),
(988, 334, 74),
(989, 334, 75),
(990, 334, 76),
(991, 334, 77),
(992, 334, 78),
(993, 334, 79),
(994, 334, 80),
(979, 334, 81),
(995, 334, 82),
(996, 334, 83),
(982, 334, 84),
(997, 334, 85),
(998, 334, 86),
(999, 334, 87),
(980, 334, 88),
(1000, 334, 89),
(1001, 334, 90),
(1002, 334, 91),
(1003, 334, 92),
(981, 334, 93),
(1004, 334, 94),
(1005, 334, 95),
(1006, 334, 96),
(983, 334, 97),
(1007, 334, 98),
(1008, 334, 99),
(1009, 334, 100),
(1010, 334, 101),
(1011, 334, 102),
(1012, 334, 103),
(1013, 335, 69),
(1019, 335, 70),
(1020, 335, 71),
(1021, 335, 72),
(1022, 335, 73),
(1023, 335, 74),
(1024, 335, 75),
(1025, 335, 76),
(1026, 335, 77),
(1027, 335, 78),
(1028, 335, 79),
(1029, 335, 80),
(1014, 335, 81),
(1030, 335, 82),
(1031, 335, 83),
(1017, 335, 84),
(1032, 335, 85),
(1033, 335, 86),
(1034, 335, 87),
(1015, 335, 88),
(1035, 335, 89),
(1036, 335, 90),
(1037, 335, 91),
(1038, 335, 92),
(1016, 335, 93),
(1039, 335, 94),
(1040, 335, 95),
(1041, 335, 96),
(1018, 335, 97),
(1042, 335, 98),
(1043, 335, 99),
(1044, 335, 100),
(1045, 335, 101),
(1046, 335, 102),
(1047, 335, 103),
(908, 336, 69),
(914, 336, 70),
(915, 336, 71),
(916, 336, 72),
(917, 336, 73),
(918, 336, 74),
(919, 336, 75),
(920, 336, 76),
(921, 336, 77),
(922, 336, 78),
(923, 336, 79),
(924, 336, 80),
(909, 336, 81),
(925, 336, 82),
(926, 336, 83),
(912, 336, 84),
(927, 336, 85),
(928, 336, 86),
(929, 336, 87),
(910, 336, 88),
(930, 336, 89),
(931, 336, 90),
(932, 336, 91),
(933, 336, 92),
(911, 336, 93),
(934, 336, 94),
(935, 336, 95),
(936, 336, 96),
(913, 336, 97),
(937, 336, 98),
(938, 336, 99),
(939, 336, 100),
(940, 336, 101),
(941, 336, 102),
(942, 336, 103),
(873, 337, 69),
(879, 337, 70),
(880, 337, 71),
(881, 337, 72),
(882, 337, 73),
(883, 337, 74),
(884, 337, 75),
(885, 337, 76),
(886, 337, 77),
(887, 337, 78),
(888, 337, 79),
(889, 337, 80),
(874, 337, 81),
(890, 337, 82),
(891, 337, 83),
(877, 337, 84),
(892, 337, 85),
(893, 337, 86),
(894, 337, 87),
(875, 337, 88),
(895, 337, 89),
(896, 337, 90),
(897, 337, 91),
(898, 337, 92),
(876, 337, 93),
(899, 337, 94),
(900, 337, 95),
(901, 337, 96),
(878, 337, 97),
(902, 337, 98),
(903, 337, 99),
(904, 337, 100),
(905, 337, 101),
(906, 337, 102),
(907, 337, 103),
(838, 338, 69),
(844, 338, 70),
(845, 338, 71),
(846, 338, 72),
(847, 338, 73),
(848, 338, 74),
(849, 338, 75),
(850, 338, 76),
(851, 338, 77),
(852, 338, 78),
(853, 338, 79),
(854, 338, 80),
(839, 338, 81),
(855, 338, 82),
(856, 338, 83),
(842, 338, 84),
(857, 338, 85),
(858, 338, 86),
(859, 338, 87),
(840, 338, 88),
(860, 338, 89),
(861, 338, 90),
(862, 338, 91),
(863, 338, 92),
(841, 338, 93),
(864, 338, 94),
(865, 338, 95),
(866, 338, 96),
(843, 338, 97),
(867, 338, 98),
(868, 338, 99),
(869, 338, 100),
(870, 338, 101),
(871, 338, 102),
(872, 338, 103),
(769, 339, 69),
(781, 339, 70),
(783, 339, 71),
(785, 339, 72),
(787, 339, 73),
(789, 339, 74),
(791, 339, 75),
(793, 339, 76),
(795, 339, 77),
(797, 339, 78),
(799, 339, 79),
(801, 339, 80),
(771, 339, 81),
(803, 339, 82),
(805, 339, 83),
(777, 339, 84),
(807, 339, 85),
(809, 339, 86),
(811, 339, 87),
(773, 339, 88),
(813, 339, 89),
(815, 339, 90),
(817, 339, 91),
(819, 339, 92),
(775, 339, 93),
(821, 339, 94),
(823, 339, 95),
(825, 339, 96),
(779, 339, 97),
(827, 339, 98),
(829, 339, 99),
(831, 339, 100),
(833, 339, 101),
(835, 339, 102),
(837, 339, 103),
(698, 340, 69),
(704, 340, 70),
(705, 340, 71),
(706, 340, 72),
(707, 340, 73),
(708, 340, 74),
(709, 340, 75),
(710, 340, 76),
(711, 340, 77),
(712, 340, 78),
(713, 340, 79),
(714, 340, 80),
(699, 340, 81),
(715, 340, 82),
(716, 340, 83),
(702, 340, 84),
(717, 340, 85),
(718, 340, 86),
(719, 340, 87),
(700, 340, 88),
(720, 340, 89),
(721, 340, 90),
(722, 340, 91),
(723, 340, 92),
(701, 340, 93),
(724, 340, 94),
(725, 340, 95),
(726, 340, 96),
(703, 340, 97),
(727, 340, 98),
(728, 340, 99),
(729, 340, 100),
(730, 340, 101),
(731, 340, 102),
(732, 340, 103),
(733, 341, 69),
(739, 341, 70),
(740, 341, 71),
(741, 341, 72),
(742, 341, 73),
(743, 341, 74),
(744, 341, 75),
(745, 341, 76),
(746, 341, 77),
(747, 341, 78),
(748, 341, 79),
(749, 341, 80),
(734, 341, 81),
(750, 341, 82),
(751, 341, 83),
(737, 341, 84),
(752, 341, 85),
(753, 341, 86),
(754, 341, 87),
(735, 341, 88),
(755, 341, 89),
(756, 341, 90),
(757, 341, 91),
(758, 341, 92),
(736, 341, 93),
(759, 341, 94),
(760, 341, 95),
(761, 341, 96),
(738, 341, 97),
(762, 341, 98),
(763, 341, 99),
(764, 341, 100),
(765, 341, 101),
(766, 341, 102),
(767, 341, 103),
(663, 342, 69),
(669, 342, 70),
(670, 342, 71),
(671, 342, 72),
(672, 342, 73),
(673, 342, 74),
(674, 342, 75),
(675, 342, 76),
(676, 342, 77),
(677, 342, 78),
(678, 342, 79),
(679, 342, 80),
(664, 342, 81),
(680, 342, 82),
(681, 342, 83),
(667, 342, 84),
(682, 342, 85),
(683, 342, 86),
(684, 342, 87),
(665, 342, 88),
(685, 342, 89),
(686, 342, 90),
(687, 342, 91),
(688, 342, 92),
(666, 342, 93),
(689, 342, 94),
(690, 342, 95),
(691, 342, 96),
(668, 342, 97),
(692, 342, 98),
(693, 342, 99),
(694, 342, 100),
(695, 342, 101),
(696, 342, 102),
(697, 342, 103),
(587, 343, 69),
(593, 343, 70),
(594, 343, 71),
(595, 343, 72),
(596, 343, 73),
(597, 343, 74),
(598, 343, 75),
(599, 343, 76),
(600, 343, 77),
(601, 343, 78),
(602, 343, 79),
(603, 343, 80),
(588, 343, 81),
(604, 343, 82),
(605, 343, 83),
(591, 343, 84),
(606, 343, 85),
(607, 343, 86),
(608, 343, 87),
(589, 343, 88),
(609, 343, 89),
(610, 343, 90),
(611, 343, 91),
(612, 343, 92),
(590, 343, 93),
(613, 343, 94),
(614, 343, 95),
(615, 343, 96),
(592, 343, 97),
(616, 343, 98),
(617, 343, 99),
(618, 343, 100),
(619, 343, 101),
(620, 343, 102),
(621, 343, 103),
(628, 344, 70),
(629, 344, 71),
(630, 344, 72),
(631, 344, 73),
(632, 344, 74),
(633, 344, 75),
(634, 344, 76),
(635, 344, 77),
(636, 344, 78),
(637, 344, 79),
(638, 344, 80),
(639, 344, 82),
(640, 344, 83),
(641, 344, 85),
(642, 344, 86),
(643, 344, 87),
(644, 344, 89),
(645, 344, 90),
(646, 344, 91),
(647, 344, 92),
(648, 344, 94),
(649, 344, 95),
(650, 344, 96),
(651, 344, 98),
(652, 344, 99),
(653, 344, 100),
(654, 344, 101),
(655, 344, 102),
(656, 344, 103),
(552, 345, 69),
(558, 345, 70),
(559, 345, 71),
(560, 345, 72),
(561, 345, 73),
(562, 345, 74),
(563, 345, 75),
(564, 345, 76),
(565, 345, 77),
(566, 345, 78),
(567, 345, 79),
(568, 345, 80),
(553, 345, 81),
(569, 345, 82),
(570, 345, 83),
(556, 345, 84),
(571, 345, 85),
(572, 345, 86),
(573, 345, 87),
(554, 345, 88),
(574, 345, 89),
(575, 345, 90),
(576, 345, 91),
(577, 345, 92),
(555, 345, 93),
(578, 345, 94),
(579, 345, 95),
(580, 345, 96),
(557, 345, 97),
(581, 345, 98),
(582, 345, 99),
(583, 345, 100),
(584, 345, 101),
(585, 345, 102),
(586, 345, 103),
(1, 614, 6),
(2, 614, 7),
(3, 614, 8),
(4, 614, 9),
(5, 614, 10),
(6, 614, 11),
(7, 614, 12),
(8, 614, 13),
(9, 614, 14),
(10, 614, 15),
(11, 614, 16),
(12, 614, 17),
(13, 614, 18),
(14, 614, 19),
(15, 614, 20),
(16, 614, 21),
(17, 614, 22),
(18, 614, 23),
(19, 614, 24),
(20, 614, 25),
(21, 614, 26),
(22, 614, 27),
(23, 614, 28),
(24, 614, 29),
(25, 614, 30),
(26, 614, 31),
(27, 614, 32),
(28, 614, 33),
(29, 614, 34),
(30, 614, 35),
(31, 614, 36),
(32, 614, 37),
(33, 614, 38),
(34, 614, 39),
(35, 614, 40),
(36, 614, 41),
(51, 615, 6),
(53, 615, 7),
(55, 615, 8),
(57, 615, 9),
(59, 615, 10),
(39, 615, 11),
(61, 615, 12),
(63, 615, 13),
(41, 615, 14),
(65, 615, 15),
(67, 615, 16),
(47, 615, 17),
(43, 615, 18),
(69, 615, 19),
(71, 615, 20),
(73, 615, 21),
(75, 615, 22),
(77, 615, 23),
(79, 615, 24),
(81, 615, 25),
(83, 615, 26),
(45, 615, 27),
(85, 615, 28),
(87, 615, 29),
(89, 615, 30),
(91, 615, 31),
(93, 615, 32),
(95, 615, 33),
(97, 615, 34),
(99, 615, 35),
(101, 615, 36),
(103, 615, 37),
(105, 615, 38),
(107, 615, 39),
(49, 615, 40),
(109, 615, 41),
(118, 616, 6),
(119, 616, 7),
(120, 616, 8),
(121, 616, 9),
(122, 616, 10),
(123, 616, 12),
(124, 616, 13),
(125, 616, 15),
(126, 616, 16),
(127, 616, 19),
(128, 616, 20),
(129, 616, 21),
(130, 616, 22),
(131, 616, 23),
(132, 616, 24),
(133, 616, 25),
(134, 616, 26),
(135, 616, 28),
(136, 616, 29),
(137, 616, 30),
(138, 616, 31),
(139, 616, 32),
(140, 616, 33),
(141, 616, 34),
(142, 616, 35),
(143, 616, 36),
(144, 616, 37),
(145, 616, 38),
(146, 616, 39),
(147, 616, 41),
(161, 617, 6),
(162, 617, 7),
(163, 617, 8),
(164, 617, 9),
(165, 617, 10),
(155, 617, 11),
(166, 617, 12),
(167, 617, 13),
(156, 617, 14),
(168, 617, 15),
(169, 617, 16),
(159, 617, 17),
(157, 617, 18),
(170, 617, 19),
(171, 617, 20),
(172, 617, 21),
(173, 617, 22),
(174, 617, 23),
(175, 617, 24),
(176, 617, 25),
(177, 617, 26),
(158, 617, 27),
(178, 617, 28),
(179, 617, 29),
(180, 617, 30),
(181, 617, 31),
(182, 617, 32),
(183, 617, 33),
(184, 617, 34),
(185, 617, 35),
(186, 617, 36),
(187, 617, 37),
(188, 617, 38),
(189, 617, 39),
(160, 617, 40),
(190, 617, 41),
(198, 618, 6),
(199, 618, 7),
(200, 618, 8),
(201, 618, 9),
(202, 618, 10),
(192, 618, 11),
(203, 618, 12),
(204, 618, 13),
(193, 618, 14),
(205, 618, 15),
(206, 618, 16),
(196, 618, 17),
(194, 618, 18),
(207, 618, 19),
(208, 618, 20),
(209, 618, 21),
(210, 618, 22),
(211, 618, 23),
(212, 618, 24),
(213, 618, 25),
(214, 618, 26),
(195, 618, 27),
(215, 618, 28),
(216, 618, 29),
(217, 618, 30),
(218, 618, 31),
(219, 618, 32),
(220, 618, 33),
(221, 618, 34),
(222, 618, 35),
(223, 618, 36),
(224, 618, 37),
(225, 618, 38),
(226, 618, 39),
(197, 618, 40),
(227, 618, 41),
(234, 619, 6),
(235, 619, 7),
(236, 619, 8),
(237, 619, 9),
(238, 619, 10),
(228, 619, 11),
(239, 619, 12),
(240, 619, 13),
(229, 619, 14),
(241, 619, 15),
(242, 619, 16),
(232, 619, 17),
(230, 619, 18),
(243, 619, 19),
(244, 619, 20),
(245, 619, 21),
(246, 619, 22),
(247, 619, 23),
(248, 619, 24),
(249, 619, 25),
(250, 619, 26),
(231, 619, 27),
(251, 619, 28),
(252, 619, 29),
(253, 619, 30),
(254, 619, 31),
(255, 619, 32),
(256, 619, 33),
(257, 619, 34),
(258, 619, 35),
(259, 619, 36),
(260, 619, 37),
(261, 619, 38),
(262, 619, 39),
(233, 619, 40),
(263, 619, 41),
(270, 620, 6),
(271, 620, 7),
(272, 620, 8),
(273, 620, 9),
(274, 620, 10),
(264, 620, 11),
(275, 620, 12),
(276, 620, 13),
(265, 620, 14),
(277, 620, 15),
(278, 620, 16),
(268, 620, 17),
(266, 620, 18),
(279, 620, 19),
(280, 620, 20),
(281, 620, 21),
(282, 620, 22),
(283, 620, 23),
(284, 620, 24),
(285, 620, 25),
(286, 620, 26),
(267, 620, 27),
(287, 620, 28),
(288, 620, 29),
(289, 620, 30),
(290, 620, 31),
(291, 620, 32),
(292, 620, 33),
(293, 620, 34),
(294, 620, 35),
(295, 620, 36),
(296, 620, 37),
(297, 620, 38),
(298, 620, 39),
(269, 620, 40),
(299, 620, 41),
(306, 621, 6),
(307, 621, 7),
(308, 621, 8),
(309, 621, 9),
(310, 621, 10),
(300, 621, 11),
(311, 621, 12),
(312, 621, 13),
(301, 621, 14),
(313, 621, 15),
(314, 621, 16),
(304, 621, 17),
(302, 621, 18),
(315, 621, 19),
(316, 621, 20),
(317, 621, 21),
(318, 621, 22),
(319, 621, 23),
(320, 621, 24),
(321, 621, 25),
(322, 621, 26),
(303, 621, 27),
(323, 621, 28),
(324, 621, 29),
(325, 621, 30),
(326, 621, 31),
(327, 621, 32),
(328, 621, 33),
(329, 621, 34),
(330, 621, 35),
(331, 621, 36),
(332, 621, 37),
(333, 621, 38),
(334, 621, 39),
(305, 621, 40),
(335, 621, 41),
(342, 622, 6),
(343, 622, 7),
(344, 622, 8),
(345, 622, 9),
(346, 622, 10),
(336, 622, 11),
(347, 622, 12),
(348, 622, 13),
(337, 622, 14),
(349, 622, 15),
(350, 622, 16),
(340, 622, 17),
(338, 622, 18),
(351, 622, 19),
(352, 622, 20),
(353, 622, 21),
(354, 622, 22),
(355, 622, 23),
(356, 622, 24),
(357, 622, 25),
(358, 622, 26),
(339, 622, 27),
(359, 622, 28),
(360, 622, 29),
(361, 622, 30),
(362, 622, 31),
(363, 622, 32),
(364, 622, 33),
(365, 622, 34),
(366, 622, 35),
(367, 622, 36),
(368, 622, 37),
(369, 622, 38),
(370, 622, 39),
(341, 622, 40),
(371, 622, 41),
(378, 623, 6),
(379, 623, 7),
(380, 623, 8),
(381, 623, 9),
(382, 623, 10),
(372, 623, 11),
(383, 623, 12),
(384, 623, 13),
(373, 623, 14),
(385, 623, 15),
(386, 623, 16),
(376, 623, 17),
(374, 623, 18),
(387, 623, 19),
(388, 623, 20),
(389, 623, 21),
(390, 623, 22),
(391, 623, 23),
(392, 623, 24),
(393, 623, 25),
(394, 623, 26),
(375, 623, 27),
(395, 623, 28),
(396, 623, 29),
(397, 623, 30),
(398, 623, 31),
(399, 623, 32),
(400, 623, 33),
(401, 623, 34),
(402, 623, 35),
(403, 623, 36),
(404, 623, 37),
(405, 623, 38),
(406, 623, 39),
(377, 623, 40),
(407, 623, 41),
(414, 624, 6),
(415, 624, 7),
(416, 624, 8),
(417, 624, 9),
(418, 624, 10),
(408, 624, 11),
(419, 624, 12),
(420, 624, 13),
(409, 624, 14),
(421, 624, 15),
(422, 624, 16),
(412, 624, 17),
(410, 624, 18),
(423, 624, 19),
(424, 624, 20),
(425, 624, 21),
(426, 624, 22),
(427, 624, 23),
(428, 624, 24),
(429, 624, 25),
(430, 624, 26),
(411, 624, 27),
(431, 624, 28),
(432, 624, 29),
(433, 624, 30),
(434, 624, 31),
(435, 624, 32),
(436, 624, 33),
(437, 624, 34),
(438, 624, 35),
(439, 624, 36),
(440, 624, 37),
(441, 624, 38),
(442, 624, 39),
(413, 624, 40),
(443, 624, 41),
(52, 626, 6),
(54, 626, 7),
(56, 626, 8),
(58, 626, 9),
(60, 626, 10),
(40, 626, 11),
(62, 626, 12),
(64, 626, 13),
(42, 626, 14),
(66, 626, 15),
(68, 626, 16),
(48, 626, 17),
(44, 626, 18),
(70, 626, 19),
(72, 626, 20),
(74, 626, 21),
(76, 626, 22),
(78, 626, 23),
(80, 626, 24),
(82, 626, 25),
(84, 626, 26),
(46, 626, 27),
(86, 626, 28),
(88, 626, 29),
(90, 626, 30),
(92, 626, 31),
(94, 626, 32),
(96, 626, 33),
(98, 626, 34),
(100, 626, 35),
(102, 626, 36),
(104, 626, 37),
(106, 626, 38),
(108, 626, 39),
(50, 626, 40),
(110, 626, 41),
(450, 627, 6),
(451, 627, 7),
(452, 627, 8),
(453, 627, 9),
(454, 627, 10),
(444, 627, 11),
(455, 627, 12),
(456, 627, 13),
(445, 627, 14),
(457, 627, 15),
(458, 627, 16),
(448, 627, 17),
(446, 627, 18),
(459, 627, 19),
(460, 627, 20),
(461, 627, 21),
(462, 627, 22),
(463, 627, 23),
(464, 627, 24),
(465, 627, 25),
(466, 627, 26),
(447, 627, 27),
(467, 627, 28),
(468, 627, 29),
(469, 627, 30),
(470, 627, 31),
(471, 627, 32),
(472, 627, 33),
(473, 627, 34),
(474, 627, 35),
(475, 627, 36),
(476, 627, 37),
(477, 627, 38),
(478, 627, 39),
(449, 627, 40),
(479, 627, 41),
(486, 628, 6),
(487, 628, 7),
(488, 628, 8),
(489, 628, 9),
(490, 628, 10),
(480, 628, 11),
(491, 628, 12),
(492, 628, 13),
(481, 628, 14),
(493, 628, 15),
(494, 628, 16),
(484, 628, 17),
(482, 628, 18),
(495, 628, 19),
(496, 628, 20),
(497, 628, 21),
(498, 628, 22),
(499, 628, 23),
(500, 628, 24),
(501, 628, 25),
(502, 628, 26),
(483, 628, 27),
(503, 628, 28),
(504, 628, 29),
(505, 628, 30),
(506, 628, 31),
(507, 628, 32),
(508, 628, 33),
(509, 628, 34),
(510, 628, 35),
(511, 628, 36),
(512, 628, 37),
(513, 628, 38),
(514, 628, 39),
(485, 628, 40),
(515, 628, 41),
(522, 629, 6),
(523, 629, 7),
(524, 629, 8),
(525, 629, 9),
(526, 629, 10),
(516, 629, 11),
(527, 629, 12),
(528, 629, 13),
(517, 629, 14),
(529, 629, 15),
(530, 629, 16),
(520, 629, 17),
(518, 629, 18),
(531, 629, 19),
(532, 629, 20),
(533, 629, 21),
(534, 629, 22),
(535, 629, 23),
(536, 629, 24),
(537, 629, 25),
(538, 629, 26),
(519, 629, 27),
(539, 629, 28),
(540, 629, 29),
(541, 629, 30),
(542, 629, 31),
(543, 629, 32),
(544, 629, 33),
(545, 629, 34),
(546, 629, 35),
(547, 629, 36),
(548, 629, 37),
(549, 629, 38),
(550, 629, 39),
(521, 629, 40),
(551, 629, 41),
(2568, 652, 204),
(2569, 653, 195),
(2570, 653, 209),
(1629, 654, 132),
(1630, 654, 139),
(1631, 654, 147),
(1621, 655, 133),
(1628, 655, 134),
(1622, 655, 137),
(1623, 655, 145),
(1624, 655, 149),
(1625, 655, 153),
(1626, 655, 162),
(1627, 655, 164),
(2899, 658, 258),
(2900, 658, 259),
(2901, 658, 260),
(2902, 658, 261),
(2903, 658, 262),
(2904, 658, 263),
(2905, 658, 264),
(2906, 658, 265),
(2895, 658, 266),
(2907, 658, 267),
(2908, 658, 268),
(2909, 658, 269),
(2910, 658, 270),
(2911, 658, 271),
(2896, 658, 272),
(2912, 658, 273),
(2913, 658, 274),
(2897, 658, 275),
(2914, 658, 276),
(2915, 658, 277),
(2916, 658, 278),
(2917, 658, 279),
(2918, 658, 280),
(2919, 658, 281),
(2920, 658, 282),
(2921, 658, 283),
(2922, 658, 284),
(2923, 658, 285),
(2924, 658, 286),
(2898, 658, 287),
(2925, 658, 288),
(2926, 658, 289),
(3186, 659, 287),
(3183, 660, 266),
(3184, 660, 272),
(3185, 660, 275),
(3223, 661, 258),
(3224, 661, 259),
(3225, 661, 260),
(3226, 661, 261),
(3227, 661, 262),
(3228, 661, 263),
(3229, 661, 264),
(3230, 661, 265),
(3219, 661, 266),
(3231, 661, 267),
(3232, 661, 268),
(3233, 661, 269),
(3234, 661, 270),
(3235, 661, 271),
(3220, 661, 272),
(3236, 661, 273),
(3237, 661, 274),
(3221, 661, 275),
(3238, 661, 276),
(3239, 661, 277),
(3240, 661, 278),
(3241, 661, 279),
(3242, 661, 280),
(3243, 661, 281),
(3244, 661, 282),
(3245, 661, 283),
(3246, 661, 284),
(3247, 661, 285),
(3248, 661, 286),
(3222, 661, 287),
(3249, 661, 288),
(3250, 661, 289),
(152, 669, 17),
(153, 669, 40),
(148, 670, 11),
(149, 670, 14),
(150, 670, 18),
(151, 670, 27),
(657, 671, 69),
(658, 671, 81),
(659, 671, 88),
(660, 671, 93),
(661, 672, 84),
(662, 672, 97);

-- --------------------------------------------------------

--
-- Table structure for table `kelas`
--

CREATE TABLE `kelas` (
  `id` int NOT NULL,
  `nama_kelas` varchar(50) NOT NULL,
  `tahun_ajaran` varchar(20) DEFAULT NULL,
  `semester` varchar(20) DEFAULT NULL,
  `status` enum('active','archived') NOT NULL DEFAULT 'active'
) ENGINE=InnoDB DEFAULT CHARSET=utf8mb4 COLLATE=utf8mb4_0900_ai_ci;

--
-- Dumping data for table `kelas`
--

INSERT INTO `kelas` (`id`, `nama_kelas`, `tahun_ajaran`, `semester`, `status`) VALUES
(1, 'X AKUNTANSI 1', '2025/2026', 'Genap', 'active'),
(2, 'X AKUNTANSI 2', '2025/2026', 'Genap', 'active'),
(3, 'X MANAJEMEN PERKANTORAN 1', '2025/2026', 'Genap', 'active'),
(6, 'X MANAJEMEN PERKANTORAN 2', '2025/2026', 'Genap', 'active'),
(7, 'X BISNIPD DIGITAL', '2025/2026', 'Genap', 'active'),
(8, 'X USAHA LAYANAN WISATA', '2025/2026', 'Genap', 'active'),
(9, 'X PRODUKSI FILM', '2025/2026', 'Genap', 'active'),
(10, 'X DESAIN KOMUNIKASI VISUAL', '2025/2026', 'Genap', 'active'),
(11, 'X DESAIN DAN PRODUKSI BUSANA', '2025/2026', 'Genap', 'active'),
(12, 'XI BISNIPD DIGITAL', '2025/2026', 'Genap', 'active'),
(13, 'XI AKUNTANSI 1', '2025/2026', 'Genap', 'active'),
(14, 'XI AKUNTANSI 2', '2025/2026', 'Genap', 'active'),
(15, 'XI MANAJEMEN PERKANTORAN 1', '2025/2026', 'Genap', 'active'),
(16, 'XI MANAJEMEN PERKANTORAN 2', '2025/2026', 'Genap', 'active'),
(18, 'XI USAHA LAYANAN WISATA 1', '2025/2026', 'Genap', 'active'),
(19, 'XI USAHA LAYANAN WISATA 2', '2025/2026', 'Genap', 'active'),
(20, 'XI PRODUKSI FILM', '2025/2026', 'Genap', 'active'),
(21, 'XI DESAIN KOMUNIKASI VISUAL', '2025/2026', 'Genap', 'active'),
(22, 'XI DESAIN DAN PRODUKSI BUSANA', '2025/2026', 'Genap', 'active');

-- --------------------------------------------------------

--
-- Table structure for table `lokasi_sekolah`
--

CREATE TABLE `lokasi_sekolah` (
  `id` int NOT NULL,
  `nama_sekolah` varchar(150) NOT NULL,
  `latitude` double NOT NULL,
  `longitude` double NOT NULL,
  `radius_presensi` int DEFAULT '100',
  `updated_by` int DEFAULT NULL
) ENGINE=InnoDB DEFAULT CHARSET=utf8mb4 COLLATE=utf8mb4_0900_ai_ci;

--
-- Dumping data for table `lokasi_sekolah`
--

INSERT INTO `lokasi_sekolah` (`id`, `nama_sekolah`, `latitude`, `longitude`, `radius_presensi`, `updated_by`) VALUES
(1, 'SMK Negeri 7 Yogyakarta', -7.7956, 110.3695, 100, 1),
(2, 'SMK Negeri 7 Yogyakarta', -7.64961, 110.413032, 100, 1),
(3, 'SMK Negeri 7 Yogyakarta', -7.652036, 110.412129, 300, 1),
(4, 'SMK Negeri 7 Yogyakarta', -7.652164, 110.41374, 400, 1),
(5, 'SMK Negeri 7 Yogyakarta', -7.649973, 110.412988, 400, 1),
(6, 'SMK Negeri 7 Yogyakarta', -7.649731, 110.416681, 400, 1),
(7, 'SMK Negeri 7 Yogyakarta', -7.652781, 110.408629, 400, 1),
(8, 'SMK Negeri 7 Yogyakarta', -7.649859, 110.413132, 400, 1),
(9, 'SMK Negeri 7 Yogyakarta', -7.648272, 110.41709, 400, 1),
(10, 'SMK Negeri 7 Yogyakarta', -7.649859, 110.413132, 400, 1),
(11, 'SMK Negeri 7 Yogyakarta', -7.654622, 110.42154, 400, 1),
(12, 'SMK Negeri 7 Yogyakarta', -7.649859, 110.413132, 400, 1),
(13, 'SMK Negeri 7 Yogyakarta', -7.651675, 110.419774, 400, 1),
(14, 'SMK Negeri 7 Yogyakarta', -7.649859, 110.413132, 400, 1),
(15, 'SMK Negeri 7 Yogyakarta', -7.660007, 110.422757, 400, 1),
(16, 'SMK Negeri 7 Yogyakarta', -7.660007, 110.422757, 1000, 1),
(17, 'SMK Negeri 7 Yogyakarta', -7.65754, 110.42032, 1000, 1),
(18, 'SMK Negeri 7 Yogyakarta', -7.655498, 110.418442, 1000, 1),
(19, 'SMK Negeri 7 Yogyakarta', -7.656026, 110.419771, 1000, 1),
(20, 'SMK Negeri 7 Yogyakarta', -7.650471, 110.415945, 500, 1),
(21, 'SMK Negeri 7 Yogyakarta', -7.656349, 110.423524, 500, 1),
(22, 'SMK Negeri 7 Yogyakarta', -7.649859, 110.413132, 500, 1),
(23, 'SMK Negeri 7 Yogyakarta', -7.650058, 110.414706, 500, 1),
(24, 'SMK Negeri 7 Yogyakarta', -7.761999, 110.410064, 500, 1),
(25, 'SMK Negeri 7 Yogyakarta', -7.652045, 110.416287, 200, 1),
(26, 'SMK Negeri 7 Yogyakarta', -7.652045, 110.416287, 500, 1),
(27, 'SMK Negeri 7 Yogyakarta', -7.652045, 110.416287, 500, 1),
(28, 'SMK Negeri 7 Yogyakarta', -7.652045, 110.416287, 400, 1),
(29, 'SMK Negeri 7 Yogyakarta', -7.650696, 110.413415, 400, 1),
(30, 'SMK Negeri 7 Yogyakarta', -7.651483, 110.416638, 400, 1),
(31, 'SMK Negeri 7 Yogyakarta', -7.650563, 110.415016, 400, 1),
(32, 'SMK Negeri 7 Yogyakarta', -7.649518, 110.413088, 400, 1),
(33, 'SMK Negeri 7 Yogyakarta', -7.649859, 110.413132, 400, 1),
(34, 'SMK Negeri 7 Yogyakarta', -7.649859, 110.413132, 400, 1),
(35, 'SMK Negeri 7 Yogyakarta', -7.649612, 110.415243, 400, 1),
(36, 'SMK Negeri 7 Yogyakarta', -7.782389, 110.415879, 400, 1),
(37, 'SMK Negeri 7 Yogyakarta', -7.782389, 110.415879, 400, 1),
(38, 'SMK Negeri 7 Yogyakarta', -7.781402, 110.418032, 400, 1),
(39, 'SMK Negeri 7 Yogyakarta', -7.649497, 110.413696, 400, 1),
(40, 'SMK Negeri 7 Yogyakarta', -7.653661, 110.42264, 400, 1),
(41, 'SMK Negeri 7 Yogyakarta', -7.653661, 110.42264, 100, 1),
(42, 'SMK Negeri 7 Yogyakarta', -7.653661, 110.42264, 400, 1),
(43, 'SMK Negeri 7 Yogyakarta', -7.653718, 110.423107, 400, 1),
(44, 'SMK Negeri 7 Yogyakarta', -7.649577, 110.412899, 400, 1),
(45, 'SMK Negeri 7 Yogyakarta', -7.653661, 110.422546, 400, 1),
(46, 'SMK Negeri 7 Yogyakarta', -7.653716, 110.418221, 400, 1),
(47, 'SMK Negeri 7 Yogyakarta', -7.649567, 110.412895, 400, 1),
(48, 'SMK Negeri 7 Yogyakarta', -7.649567, 110.412895, 100, 1),
(49, 'SMK Negeri 7 Yogyakarta', -7.649931, 110.415737, 100, 1),
(50, 'SMK Negeri 7 Yogyakarta', -7.649567, 110.412895, 100, 1),
(51, 'SMK Negeri 7 Yogyakarta', -7.786556, 110.364929, 100, 1),
(52, 'SMK Negeri 7 Yogyakarta', -7.649499, 110.412865, 100, 1),
(53, 'SMK Negeri 7 Yogyakarta', -7.649684, 110.412426, 100, 1);

-- --------------------------------------------------------

--
-- Table structure for table `presensi_mapel`
--

CREATE TABLE `presensi_mapel` (
  `id` int NOT NULL,
  `presensi_sesi_id` int DEFAULT NULL,
  `user_id` int NOT NULL,
  `jadwal_mata_pelajaran_id` int NOT NULL,
  `latitude` double DEFAULT NULL,
  `longitude` double DEFAULT NULL,
  `jarak` double DEFAULT NULL,
  `status` enum('valid','invalid') NOT NULL DEFAULT 'valid',
  `waktu` timestamp NULL DEFAULT CURRENT_TIMESTAMP,
  `jenis` enum('hadir','izin','sakit','alpha') NOT NULL DEFAULT 'hadir',
  `alasan` text,
  `foto_bukti` varchar(255) DEFAULT NULL
) ENGINE=InnoDB DEFAULT CHARSET=utf8mb4 COLLATE=utf8mb4_0900_ai_ci;

--
-- Dumping data for table `presensi_mapel`
--

INSERT INTO `presensi_mapel` (`id`, `presensi_sesi_id`, `user_id`, `jadwal_mata_pelajaran_id`, `latitude`, `longitude`, `jarak`, `status`, `waktu`, `jenis`, `alasan`, `foto_bukti`) VALUES
(1, 20, 132, 180, '-7.79565000', '110.36957000', '46.00', 'valid', '2026-05-18 00:35:00', 'hadir', NULL, NULL),
(2, 20, 133, 180, '-7.79542000', '110.36947000', '57.10', 'valid', '2026-05-18 00:38:00', 'hadir', NULL, NULL),
(3, 20, 134, 180, '-7.79558000', '110.36937000', '6.20', 'valid', '2026-05-18 00:41:00', 'hadir', NULL, NULL),
(4, 20, 135, 180, '-7.79574000', '110.36966000', '17.30', 'valid', '2026-05-18 00:44:00', 'hadir', NULL, NULL),
(5, 20, 136, 180, '-7.79551000', '110.36956000', '28.40', 'valid', '2026-05-18 00:47:00', 'hadir', NULL, NULL),
(6, 20, 137, 180, '-7.79567000', '110.36946000', '39.50', 'valid', '2026-05-18 00:50:00', 'hadir', NULL, NULL),
(7, 20, 138, 180, '-7.79544000', '110.36936000', '50.60', 'valid', '2026-05-18 00:05:00', 'hadir', NULL, NULL),
(8, 20, 139, 180, '-7.79560000', '110.36965000', '61.70', 'valid', '2026-05-18 00:08:00', 'hadir', NULL, NULL),
(9, 20, 140, 180, '-7.79576000', '110.36955000', '9.80', 'valid', '2026-05-18 00:11:00', 'hadir', NULL, NULL),
(10, 20, 141, 180, '-7.79553000', '110.36945000', '20.90', 'valid', '2026-05-18 00:14:00', 'hadir', NULL, NULL),
(11, 20, 142, 180, '-7.79569000', '110.36935000', '32.00', 'valid', '2026-05-18 00:17:00', 'hadir', NULL, NULL),
(12, 20, 143, 180, '-7.79546000', '110.36964000', '43.10', 'valid', '2026-05-18 00:20:00', 'hadir', NULL, NULL),
(13, 20, 144, 180, '-7.79562000', '110.36954000', '54.20', 'valid', '2026-05-18 00:23:00', 'hadir', NULL, NULL),
(14, 20, 145, 180, '-7.79578000', '110.36944000', '65.30', 'valid', '2026-05-18 00:26:00', 'hadir', NULL, NULL),
(15, 20, 146, 180, '-7.79555000', '110.36934000', '14.40', 'valid', '2026-05-18 00:29:00', 'hadir', NULL, NULL),
(16, 20, 147, 180, '-7.79571000', '110.36963000', '25.50', 'valid', '2026-05-18 00:32:00', 'hadir', NULL, NULL),
(17, 20, 148, 180, '-7.79548000', '110.36953000', '36.60', 'valid', '2026-05-18 00:35:00', 'hadir', NULL, NULL),
(18, 20, 149, 180, '-7.79564000', '110.36943000', '47.70', 'valid', '2026-05-18 00:38:00', 'hadir', NULL, NULL),
(19, 20, 150, 180, '-7.79541000', '110.36933000', '57.80', 'valid', '2026-05-18 00:41:00', 'hadir', NULL, NULL),
(20, 20, 151, 180, '-7.79557000', '110.36962000', '6.90', 'valid', '2026-05-18 00:44:00', 'hadir', NULL, NULL),
(21, 20, 152, 180, '-7.79573000', '110.36952000', '18.00', 'valid', '2026-05-18 00:47:00', 'hadir', NULL, NULL),
(22, 20, 153, 180, '-7.79550000', '110.36942000', '29.10', 'valid', '2026-05-18 00:50:00', 'hadir', NULL, NULL),
(23, 20, 154, 180, '-7.79566000', '110.36932000', '40.20', 'valid', '2026-05-18 00:05:00', 'hadir', NULL, NULL),
(24, 20, 155, 180, '-7.79543000', '110.36961000', '51.30', 'valid', '2026-05-18 00:08:00', 'hadir', NULL, NULL),
(25, 20, 156, 180, '-7.79559000', '110.36951000', '62.40', 'valid', '2026-05-18 00:11:00', 'hadir', NULL, NULL),
(26, 20, 157, 180, '-7.79575000', '110.36941000', '11.50', 'valid', '2026-05-18 00:14:00', 'hadir', NULL, NULL),
(27, 20, 158, 180, '-7.79552000', '110.36931000', '22.60', 'valid', '2026-05-18 00:17:00', 'hadir', NULL, NULL),
(28, 20, 159, 180, '-7.79568000', '110.36960000', '33.70', 'valid', '2026-05-18 00:20:00', 'hadir', NULL, NULL),
(29, 20, 160, 180, '-7.79545000', '110.36950000', '43.80', 'valid', '2026-05-18 00:23:00', 'hadir', NULL, NULL),
(30, 20, 161, 180, '-7.79561000', '110.36940000', '54.90', 'valid', '2026-05-18 00:26:00', 'hadir', NULL, NULL),
(31, 20, 162, 180, '-7.79577000', '110.36969000', '4.00', 'valid', '2026-05-18 00:29:00', 'hadir', NULL, NULL),
(32, 20, 163, 180, '-7.79554000', '110.36959000', '15.10', 'valid', '2026-05-18 00:32:00', 'hadir', NULL, NULL),
(33, 20, 164, 180, '-7.79570000', '110.36949000', '26.20', 'valid', '2026-05-18 00:35:00', 'hadir', NULL, NULL),
(34, 20, 165, 180, '-7.79547000', '110.36939000', '37.30', 'valid', '2026-05-18 00:38:00', 'hadir', NULL, NULL),
(35, 20, 166, 180, '-7.79563000', '110.36968000', '48.40', 'valid', '2026-05-18 00:41:00', 'hadir', NULL, NULL),
(36, 20, 167, 180, NULL, NULL, NULL, 'invalid', '2026-05-18 01:20:00', 'alpha', NULL, NULL),
(37, 24, 132, 181, '-7.79561000', '110.36961000', '12.40', 'valid', '2026-05-18 01:59:00', 'hadir', NULL, NULL),
(38, 24, 133, 181, '-7.79577000', '110.36951000', '23.50', 'valid', '2026-05-18 02:02:00', 'hadir', NULL, NULL),
(39, 24, 134, 181, '-7.79554000', '110.36941000', '34.60', 'valid', '2026-05-18 02:05:00', 'hadir', NULL, NULL),
(40, 24, 135, 181, '-7.79570000', '110.36931000', '45.70', 'valid', '2026-05-18 02:08:00', 'hadir', NULL, NULL),
(41, 24, 136, 181, '-7.79547000', '110.36960000', '55.80', 'valid', '2026-05-18 01:23:00', 'hadir', NULL, NULL),
(42, 24, 137, 181, '-7.79563000', '110.36950000', '4.90', 'valid', '2026-05-18 01:26:00', 'hadir', NULL, NULL),
(43, 24, 138, 181, '-7.79579000', '110.36940000', '16.00', 'valid', '2026-05-18 01:29:00', 'hadir', NULL, NULL),
(44, 24, 139, 181, '-7.79556000', '110.36969000', '27.10', 'valid', '2026-05-18 01:32:00', 'hadir', NULL, NULL),
(45, 24, 140, 181, '-7.79572000', '110.36959000', '38.20', 'valid', '2026-05-18 01:35:00', 'hadir', NULL, NULL),
(46, 24, 141, 181, '-7.79549000', '110.36949000', '49.30', 'valid', '2026-05-18 01:38:00', 'hadir', NULL, NULL),
(47, 24, 142, 181, '-7.79565000', '110.36939000', '60.40', 'valid', '2026-05-18 01:41:00', 'hadir', NULL, NULL),
(48, 24, 143, 181, '-7.79542000', '110.36968000', '9.50', 'valid', '2026-05-18 01:44:00', 'hadir', NULL, NULL),
(49, 24, 144, 181, '-7.79558000', '110.36958000', '20.60', 'valid', '2026-05-18 01:47:00', 'hadir', NULL, NULL),
(50, 24, 145, 181, '-7.79574000', '110.36948000', '31.70', 'valid', '2026-05-18 01:50:00', 'hadir', NULL, NULL),
(51, 24, 146, 181, '-7.79551000', '110.36938000', '41.80', 'valid', '2026-05-18 01:53:00', 'hadir', NULL, NULL),
(52, 24, 147, 181, '-7.79567000', '110.36967000', '52.90', 'valid', '2026-05-18 01:56:00', 'hadir', NULL, NULL),
(53, 24, 148, 181, '-7.79544000', '110.36957000', '64.00', 'valid', '2026-05-18 01:59:00', 'hadir', NULL, NULL),
(54, 24, 149, 181, '-7.79560000', '110.36947000', '13.10', 'valid', '2026-05-18 02:02:00', 'hadir', NULL, NULL),
(55, 24, 150, 181, '-7.79576000', '110.36937000', '24.20', 'valid', '2026-05-18 02:05:00', 'hadir', NULL, NULL),
(56, 24, 151, 181, '-7.79553000', '110.36966000', '35.30', 'valid', '2026-05-18 02:08:00', 'hadir', NULL, NULL),
(57, 24, 152, 181, '-7.79569000', '110.36956000', '46.40', 'valid', '2026-05-18 01:23:00', 'hadir', NULL, NULL),
(58, 24, 153, 181, '-7.79546000', '110.36946000', '57.50', 'valid', '2026-05-18 01:26:00', 'hadir', NULL, NULL),
(59, 24, 154, 181, '-7.79562000', '110.36936000', '6.60', 'valid', '2026-05-18 01:29:00', 'hadir', NULL, NULL),
(60, 24, 155, 181, '-7.79578000', '110.36965000', '17.70', 'valid', '2026-05-18 01:32:00', 'hadir', NULL, NULL),
(61, 24, 156, 181, '-7.79555000', '110.36955000', '27.80', 'valid', '2026-05-18 01:35:00', 'hadir', NULL, NULL),
(62, 24, 157, 181, '-7.79571000', '110.36945000', '38.90', 'valid', '2026-05-18 01:38:00', 'hadir', NULL, NULL),
(63, 24, 158, 181, '-7.79548000', '110.36935000', '50.00', 'valid', '2026-05-18 01:41:00', 'hadir', NULL, NULL),
(64, 24, 159, 181, '-7.79564000', '110.36964000', '61.10', 'valid', '2026-05-18 01:44:00', 'hadir', NULL, NULL),
(65, 24, 160, 181, '-7.79541000', '110.36954000', '10.20', 'valid', '2026-05-18 01:47:00', 'hadir', NULL, NULL),
(66, 24, 161, 181, '-7.79557000', '110.36944000', '21.30', 'valid', '2026-05-18 01:50:00', 'hadir', NULL, NULL),
(67, 24, 162, 181, '-7.79573000', '110.36934000', '32.40', 'valid', '2026-05-18 01:53:00', 'hadir', NULL, NULL),
(68, 24, 163, 181, '-7.79550000', '110.36963000', '43.50', 'valid', '2026-05-18 01:56:00', 'hadir', NULL, NULL),
(69, 24, 164, 181, '-7.79566000', '110.36953000', '54.60', 'valid', '2026-05-18 01:59:00', 'hadir', NULL, NULL),
(70, 24, 165, 181, '-7.79543000', '110.36943000', '65.70', 'valid', '2026-05-18 02:02:00', 'hadir', NULL, NULL),
(71, 24, 166, 181, '-7.79559000', '110.36933000', '13.80', 'valid', '2026-05-18 02:05:00', 'hadir', NULL, NULL),
(72, 24, 167, 181, NULL, NULL, NULL, 'invalid', '2026-05-18 02:55:00', 'alpha', NULL, NULL),
(73, 28, 132, 179, '-7.79557000', '110.36965000', '39.80', 'valid', '2026-05-18 04:18:00', 'hadir', NULL, NULL),
(74, 28, 133, 179, '-7.79573000', '110.36955000', '50.90', 'valid', '2026-05-18 04:21:00', 'hadir', NULL, NULL),
(75, 28, 134, 179, '-7.79550000', '110.36945000', '62.00', 'valid', '2026-05-18 04:24:00', 'hadir', NULL, NULL),
(76, 28, 135, 179, '-7.79566000', '110.36935000', '11.10', 'valid', '2026-05-18 03:39:00', 'hadir', NULL, NULL),
(77, 28, 136, 179, '-7.79543000', '110.36964000', '22.20', 'valid', '2026-05-18 03:42:00', 'hadir', NULL, NULL),
(78, 28, 137, 179, '-7.79559000', '110.36954000', '33.30', 'valid', '2026-05-18 03:45:00', 'hadir', NULL, NULL),
(79, 28, 138, 179, '-7.79575000', '110.36944000', '44.40', 'valid', '2026-05-18 03:48:00', 'hadir', NULL, NULL),
(80, 28, 139, 179, '-7.79552000', '110.36934000', '55.50', 'valid', '2026-05-18 03:51:00', 'hadir', NULL, NULL),
(81, 28, 140, 179, '-7.79568000', '110.36963000', '4.60', 'valid', '2026-05-18 03:54:00', 'hadir', NULL, NULL),
(82, 28, 141, 179, '-7.79545000', '110.36953000', '15.70', 'valid', '2026-05-18 03:57:00', 'hadir', NULL, NULL),
(83, 28, 142, 179, '-7.79561000', '110.36943000', '25.80', 'valid', '2026-05-18 04:00:00', 'hadir', NULL, NULL),
(84, 28, 143, 179, '-7.79577000', '110.36933000', '36.90', 'valid', '2026-05-18 04:03:00', 'hadir', NULL, NULL),
(85, 28, 144, 179, '-7.79554000', '110.36962000', '48.00', 'valid', '2026-05-18 04:06:00', 'hadir', NULL, NULL),
(86, 28, 145, 179, '-7.79570000', '110.36952000', '59.10', 'valid', '2026-05-18 04:09:00', 'hadir', NULL, NULL),
(87, 28, 146, 179, '-7.79547000', '110.36942000', '8.20', 'valid', '2026-05-18 04:12:00', 'hadir', NULL, NULL),
(88, 28, 147, 179, '-7.79563000', '110.36932000', '19.30', 'valid', '2026-05-18 04:15:00', 'hadir', NULL, NULL),
(89, 28, 148, 179, '-7.79579000', '110.36961000', '30.40', 'valid', '2026-05-18 04:18:00', 'hadir', NULL, NULL),
(90, 28, 149, 179, '-7.79556000', '110.36951000', '41.50', 'valid', '2026-05-18 04:21:00', 'hadir', NULL, NULL),
(91, 28, 150, 179, '-7.79572000', '110.36941000', '52.60', 'valid', '2026-05-18 04:24:00', 'hadir', NULL, NULL),
(92, 28, 151, 179, '-7.79549000', '110.36931000', '63.70', 'valid', '2026-05-18 03:39:00', 'hadir', NULL, NULL),
(93, 28, 152, 179, '-7.79565000', '110.36960000', '11.80', 'valid', '2026-05-18 03:42:00', 'hadir', NULL, NULL),
(94, 28, 153, 179, '-7.79542000', '110.36950000', '22.90', 'valid', '2026-05-18 03:45:00', 'hadir', NULL, NULL),
(95, 28, 154, 179, '-7.79558000', '110.36940000', '34.00', 'valid', '2026-05-18 03:48:00', 'hadir', NULL, NULL),
(96, 28, 155, 179, '-7.79574000', '110.36969000', '45.10', 'valid', '2026-05-18 03:51:00', 'hadir', NULL, NULL),
(97, 28, 156, 179, '-7.79551000', '110.36959000', '56.20', 'valid', '2026-05-18 03:54:00', 'hadir', NULL, NULL),
(98, 28, 157, 179, '-7.79567000', '110.36949000', '5.30', 'valid', '2026-05-18 03:57:00', 'hadir', NULL, NULL),
(99, 28, 158, 179, '-7.79544000', '110.36939000', '16.40', 'valid', '2026-05-18 04:00:00', 'hadir', NULL, NULL),
(100, 28, 159, 179, '-7.79560000', '110.36968000', '27.50', 'valid', '2026-05-18 04:03:00', 'hadir', NULL, NULL),
(101, 28, 160, 179, '-7.79576000', '110.36958000', '38.60', 'valid', '2026-05-18 04:06:00', 'hadir', NULL, NULL),
(102, 28, 161, 179, '-7.79553000', '110.36948000', '49.70', 'valid', '2026-05-18 04:09:00', 'hadir', NULL, NULL),
(103, 28, 162, 179, '-7.79569000', '110.36938000', '59.80', 'valid', '2026-05-18 04:12:00', 'hadir', NULL, NULL),
(104, 28, 163, 179, '-7.79546000', '110.36967000', '8.90', 'valid', '2026-05-18 04:15:00', 'hadir', NULL, NULL),
(105, 28, 164, 179, '-7.79562000', '110.36957000', '20.00', 'valid', '2026-05-18 04:18:00', 'hadir', NULL, NULL),
(106, 28, 165, 179, '-7.79578000', '110.36947000', '31.10', 'valid', '2026-05-18 04:21:00', 'hadir', NULL, NULL),
(107, 28, 166, 179, '-7.79555000', '110.36937000', '42.20', 'valid', '2026-05-18 04:24:00', 'hadir', NULL, NULL),
(108, 28, 167, 179, NULL, NULL, NULL, 'invalid', '2026-05-18 04:55:00', 'alpha', NULL, NULL),
(109, 33, 132, 182, '-7.79552000', '110.36931000', '13.30', 'valid', '2026-05-18 06:13:00', 'hadir', NULL, NULL),
(110, 33, 133, 182, '-7.79568000', '110.36960000', '24.40', 'valid', '2026-05-18 05:28:00', 'hadir', NULL, NULL),
(111, 33, 134, 182, '-7.79545000', '110.36950000', '35.50', 'valid', '2026-05-18 05:31:00', 'hadir', NULL, NULL),
(112, 33, 135, 182, '-7.79561000', '110.36940000', '46.60', 'valid', '2026-05-18 05:34:00', 'hadir', NULL, NULL),
(113, 33, 136, 182, '-7.79577000', '110.36969000', '57.70', 'valid', '2026-05-18 05:37:00', 'hadir', NULL, NULL),
(114, 33, 137, 182, '-7.79554000', '110.36959000', '5.80', 'valid', '2026-05-18 05:40:00', 'hadir', NULL, NULL),
(115, 33, 138, 182, '-7.79570000', '110.36949000', '16.90', 'valid', '2026-05-18 05:43:00', 'hadir', NULL, NULL),
(116, 33, 139, 182, '-7.79547000', '110.36939000', '28.00', 'valid', '2026-05-18 05:46:00', 'hadir', NULL, NULL),
(117, 33, 140, 182, '-7.79563000', '110.36968000', '39.10', 'valid', '2026-05-18 05:49:00', 'hadir', NULL, NULL),
(118, 33, 141, 182, '-7.79579000', '110.36958000', '50.20', 'valid', '2026-05-18 05:52:00', 'hadir', NULL, NULL),
(119, 33, 142, 182, '-7.79556000', '110.36948000', '61.30', 'valid', '2026-05-18 05:55:00', 'hadir', NULL, NULL),
(120, 33, 143, 182, '-7.79572000', '110.36938000', '10.40', 'valid', '2026-05-18 05:58:00', 'hadir', NULL, NULL),
(121, 33, 144, 182, '-7.79549000', '110.36967000', '21.50', 'valid', '2026-05-18 06:01:00', 'hadir', NULL, NULL),
(122, 33, 145, 182, '-7.79565000', '110.36957000', '32.60', 'valid', '2026-05-18 06:04:00', 'hadir', NULL, NULL),
(123, 33, 146, 182, '-7.79542000', '110.36947000', '43.70', 'valid', '2026-05-18 06:07:00', 'hadir', NULL, NULL),
(124, 33, 147, 182, '-7.79558000', '110.36937000', '53.80', 'valid', '2026-05-18 06:10:00', 'hadir', NULL, NULL),
(125, 33, 148, 182, '-7.79574000', '110.36966000', '64.90', 'valid', '2026-05-18 06:13:00', 'hadir', NULL, NULL),
(126, 33, 149, 182, '-7.79551000', '110.36956000', '14.00', 'valid', '2026-05-18 05:28:00', 'hadir', NULL, NULL),
(127, 33, 150, 182, '-7.79567000', '110.36946000', '25.10', 'valid', '2026-05-18 05:31:00', 'hadir', NULL, NULL),
(128, 33, 151, 182, '-7.79544000', '110.36936000', '36.20', 'valid', '2026-05-18 05:34:00', 'hadir', NULL, NULL),
(129, 33, 152, 182, '-7.79560000', '110.36965000', '47.30', 'valid', '2026-05-18 05:37:00', 'hadir', NULL, NULL),
(130, 33, 153, 182, '-7.79576000', '110.36955000', '58.40', 'valid', '2026-05-18 05:40:00', 'hadir', NULL, NULL),
(131, 33, 154, 182, '-7.79553000', '110.36945000', '7.50', 'valid', '2026-05-18 05:43:00', 'hadir', NULL, NULL),
(132, 33, 155, 182, '-7.79569000', '110.36935000', '18.60', 'valid', '2026-05-18 05:46:00', 'hadir', NULL, NULL),
(133, 33, 156, 182, '-7.79546000', '110.36964000', '29.70', 'valid', '2026-05-18 05:49:00', 'hadir', NULL, NULL),
(134, 33, 157, 182, '-7.79562000', '110.36954000', '39.80', 'valid', '2026-05-18 05:52:00', 'hadir', NULL, NULL),
(135, 33, 158, 182, '-7.79578000', '110.36944000', '50.90', 'valid', '2026-05-18 05:55:00', 'hadir', NULL, NULL),
(136, 33, 159, 182, '-7.79555000', '110.36934000', '62.00', 'valid', '2026-05-18 05:58:00', 'hadir', NULL, NULL),
(137, 33, 160, 182, '-7.79571000', '110.36963000', '11.10', 'valid', '2026-05-18 06:01:00', 'hadir', NULL, NULL),
(138, 33, 161, 182, '-7.79548000', '110.36953000', '22.20', 'valid', '2026-05-18 06:04:00', 'hadir', NULL, NULL),
(139, 33, 162, 182, '-7.79564000', '110.36943000', '33.30', 'valid', '2026-05-18 06:07:00', 'hadir', NULL, NULL),
(140, 33, 163, 182, '-7.79541000', '110.36933000', '44.40', 'valid', '2026-05-18 06:10:00', 'hadir', NULL, NULL),
(141, 33, 164, 182, '-7.79557000', '110.36962000', '55.50', 'valid', '2026-05-18 06:13:00', 'hadir', NULL, NULL),
(142, 33, 165, 182, '-7.79573000', '110.36952000', '4.60', 'valid', '2026-05-18 05:28:00', 'hadir', NULL, NULL),
(143, 33, 166, 182, '-7.79550000', '110.36942000', '15.70', 'valid', '2026-05-18 05:31:00', 'hadir', NULL, NULL),
(144, 33, 167, 182, NULL, NULL, NULL, 'invalid', '2026-05-18 06:45:00', 'alpha', NULL, NULL),
(145, 34, 132, 178, '-7.79551000', '110.36932000', '20.40', 'valid', '2026-05-19 00:49:00', 'hadir', NULL, NULL),
(146, 34, 133, 178, '-7.79567000', '110.36961000', '31.50', 'valid', '2026-05-19 00:04:00', 'hadir', NULL, NULL),
(147, 34, 134, 178, '-7.79544000', '110.36951000', '42.60', 'valid', '2026-05-19 00:07:00', 'hadir', NULL, NULL),
(148, 34, 135, 178, '-7.79560000', '110.36941000', '53.70', 'valid', '2026-05-19 00:10:00', 'hadir', NULL, NULL),
(149, 34, 136, 178, '-7.79576000', '110.36931000', '63.80', 'valid', '2026-05-19 00:13:00', 'hadir', NULL, NULL),
(150, 34, 137, 178, '-7.79553000', '110.36960000', '12.90', 'valid', '2026-05-19 00:16:00', 'hadir', NULL, NULL),
(151, 34, 138, 178, '-7.79569000', '110.36950000', '24.00', 'valid', '2026-05-19 00:19:00', 'hadir', NULL, NULL),
(152, 34, 139, 178, '-7.79546000', '110.36940000', '35.10', 'valid', '2026-05-19 00:22:00', 'hadir', NULL, NULL),
(153, 34, 140, 178, '-7.79562000', '110.36969000', '46.20', 'valid', '2026-05-19 00:25:00', 'hadir', NULL, NULL),
(154, 34, 141, 178, '-7.79578000', '110.36959000', '57.30', 'valid', '2026-05-19 00:28:00', 'hadir', NULL, NULL),
(155, 34, 142, 178, '-7.79555000', '110.36949000', '6.40', 'valid', '2026-05-19 00:31:00', 'hadir', NULL, NULL),
(156, 34, 143, 178, '-7.79571000', '110.36939000', '17.50', 'valid', '2026-05-19 00:34:00', 'hadir', NULL, NULL),
(157, 34, 144, 178, '-7.79548000', '110.36968000', '28.60', 'valid', '2026-05-19 00:37:00', 'hadir', NULL, NULL),
(158, 34, 145, 178, '-7.79564000', '110.36958000', '39.70', 'valid', '2026-05-19 00:40:00', 'hadir', NULL, NULL),
(159, 34, 146, 178, '-7.79541000', '110.36948000', '49.80', 'valid', '2026-05-19 00:43:00', 'hadir', NULL, NULL),
(160, 34, 147, 178, '-7.79557000', '110.36938000', '60.90', 'valid', '2026-05-19 00:46:00', 'hadir', NULL, NULL),
(161, 34, 148, 178, '-7.79573000', '110.36967000', '10.00', 'valid', '2026-05-19 00:49:00', 'hadir', NULL, NULL),
(162, 34, 149, 178, '-7.79550000', '110.36957000', '21.10', 'valid', '2026-05-19 00:04:00', 'hadir', NULL, NULL),
(163, 34, 150, 178, '-7.79566000', '110.36947000', '32.20', 'valid', '2026-05-19 00:07:00', 'hadir', NULL, NULL),
(164, 34, 151, 178, '-7.79543000', '110.36937000', '43.30', 'valid', '2026-05-19 00:10:00', 'hadir', NULL, NULL),
(165, 34, 152, 178, '-7.79559000', '110.36966000', '54.40', 'valid', '2026-05-19 00:13:00', 'hadir', NULL, NULL),
(166, 34, 153, 178, '-7.79575000', '110.36956000', '65.50', 'valid', '2026-05-19 00:16:00', 'hadir', NULL, NULL),
(167, 34, 154, 178, '-7.79552000', '110.36946000', '14.60', 'valid', '2026-05-19 00:19:00', 'hadir', NULL, NULL),
(168, 34, 155, 178, '-7.79568000', '110.36936000', '25.70', 'valid', '2026-05-19 00:22:00', 'hadir', NULL, NULL),
(169, 34, 156, 178, '-7.79545000', '110.36965000', '35.80', 'valid', '2026-05-19 00:25:00', 'hadir', NULL, NULL),
(170, 34, 157, 178, '-7.79561000', '110.36955000', '46.90', 'valid', '2026-05-19 00:28:00', 'hadir', NULL, NULL),
(171, 34, 158, 178, '-7.79577000', '110.36945000', '58.00', 'valid', '2026-05-19 00:31:00', 'hadir', NULL, NULL),
(172, 34, 159, 178, '-7.79554000', '110.36935000', '7.10', 'valid', '2026-05-19 00:34:00', 'hadir', NULL, NULL),
(173, 34, 160, 178, '-7.79570000', '110.36964000', '18.20', 'valid', '2026-05-19 00:37:00', 'hadir', NULL, NULL),
(174, 34, 161, 178, '-7.79547000', '110.36954000', '29.30', 'valid', '2026-05-19 00:40:00', 'hadir', NULL, NULL),
(175, 34, 162, 178, '-7.79563000', '110.36944000', '40.40', 'valid', '2026-05-19 00:43:00', 'hadir', NULL, NULL),
(176, 34, 163, 178, '-7.79579000', '110.36934000', '51.50', 'valid', '2026-05-19 00:46:00', 'hadir', NULL, NULL),
(177, 34, 164, 178, '-7.79556000', '110.36963000', '62.60', 'valid', '2026-05-19 00:49:00', 'hadir', NULL, NULL),
(178, 34, 165, 178, '-7.79572000', '110.36953000', '11.70', 'valid', '2026-05-19 00:04:00', 'hadir', NULL, NULL),
(179, 34, 166, 178, '-7.79549000', '110.36943000', '21.80', 'valid', '2026-05-19 00:07:00', 'hadir', NULL, NULL),
(180, 34, 167, 178, NULL, NULL, NULL, 'invalid', '2026-05-19 01:20:00', 'alpha', NULL, NULL),
(182, 38, 132, 174, '-7.79547000', '110.36936000', '47.80', 'valid', '2026-05-19 05:30:00', 'hadir', NULL, NULL),
(183, 38, 133, 174, '-7.79563000', '110.36965000', '58.90', 'valid', '2026-05-19 05:33:00', 'hadir', NULL, NULL),
(184, 38, 134, 174, '-7.79579000', '110.36955000', '8.00', 'valid', '2026-05-19 05:36:00', 'hadir', NULL, NULL),
(185, 38, 135, 174, '-7.79556000', '110.36945000', '19.10', 'valid', '2026-05-19 05:39:00', 'hadir', NULL, NULL),
(186, 38, 136, 174, '-7.79572000', '110.36935000', '30.20', 'valid', '2026-05-19 05:42:00', 'hadir', NULL, NULL),
(187, 38, 137, 174, '-7.79549000', '110.36964000', '41.30', 'valid', '2026-05-19 05:45:00', 'hadir', NULL, NULL),
(188, 38, 138, 174, '-7.79565000', '110.36954000', '52.40', 'valid', '2026-05-19 05:48:00', 'hadir', NULL, NULL),
(189, 38, 139, 174, '-7.79542000', '110.36944000', '63.50', 'valid', '2026-05-19 05:51:00', 'hadir', NULL, NULL),
(190, 38, 140, 174, '-7.79558000', '110.36934000', '12.60', 'valid', '2026-05-19 05:54:00', 'hadir', NULL, NULL),
(191, 38, 141, 174, '-7.79574000', '110.36963000', '23.70', 'valid', '2026-05-19 05:57:00', 'hadir', NULL, NULL),
(192, 38, 142, 174, '-7.79551000', '110.36953000', '33.80', 'valid', '2026-05-19 06:00:00', 'hadir', NULL, NULL),
(193, 38, 143, 174, '-7.79567000', '110.36943000', '44.90', 'valid', '2026-05-19 06:03:00', 'hadir', NULL, NULL),
(194, 38, 144, 174, '-7.79544000', '110.36933000', '56.00', 'valid', '2026-05-19 06:06:00', 'hadir', NULL, NULL),
(195, 38, 145, 174, '-7.79560000', '110.36962000', '5.10', 'valid', '2026-05-19 06:09:00', 'hadir', NULL, NULL),
(196, 38, 146, 174, '-7.79576000', '110.36952000', '16.20', 'valid', '2026-05-19 06:12:00', 'hadir', NULL, NULL),
(197, 38, 147, 174, '-7.79553000', '110.36942000', '27.30', 'valid', '2026-05-19 06:15:00', 'hadir', NULL, NULL),
(198, 38, 148, 174, '-7.79569000', '110.36932000', '38.40', 'valid', '2026-05-19 05:30:00', 'hadir', NULL, NULL),
(199, 38, 149, 174, '-7.79546000', '110.36961000', '49.50', 'valid', '2026-05-19 05:33:00', 'hadir', NULL, NULL),
(200, 38, 150, 174, '-7.79562000', '110.36951000', '60.60', 'valid', '2026-05-19 05:36:00', 'hadir', NULL, NULL),
(201, 38, 151, 174, '-7.79578000', '110.36941000', '9.70', 'valid', '2026-05-19 05:39:00', 'hadir', NULL, NULL),
(202, 38, 152, 174, '-7.79555000', '110.36931000', '19.80', 'valid', '2026-05-19 05:42:00', 'hadir', NULL, NULL),
(203, 38, 153, 174, '-7.79571000', '110.36960000', '30.90', 'valid', '2026-05-19 05:45:00', 'hadir', NULL, NULL),
(204, 38, 154, 174, '-7.79548000', '110.36950000', '42.00', 'valid', '2026-05-19 05:48:00', 'hadir', NULL, NULL),
(205, 38, 155, 174, '-7.79564000', '110.36940000', '53.10', 'valid', '2026-05-19 05:51:00', 'hadir', NULL, NULL),
(206, 38, 156, 174, '-7.79541000', '110.36969000', '64.20', 'valid', '2026-05-19 05:54:00', 'hadir', NULL, NULL),
(207, 38, 157, 174, '-7.79557000', '110.36959000', '13.30', 'valid', '2026-05-19 05:57:00', 'hadir', NULL, NULL),
(208, 38, 158, 174, '-7.79573000', '110.36949000', '24.40', 'valid', '2026-05-19 06:00:00', 'hadir', NULL, NULL),
(209, 38, 159, 174, '-7.79550000', '110.36939000', '35.50', 'valid', '2026-05-19 06:03:00', 'hadir', NULL, NULL),
(210, 38, 160, 174, '-7.79566000', '110.36968000', '46.60', 'valid', '2026-05-19 06:06:00', 'hadir', NULL, NULL),
(211, 38, 161, 174, '-7.79543000', '110.36958000', '57.70', 'valid', '2026-05-19 06:09:00', 'hadir', NULL, NULL),
(212, 38, 162, 174, '-7.79559000', '110.36948000', '5.80', 'valid', '2026-05-19 06:12:00', 'hadir', NULL, NULL),
(213, 38, 163, 174, '-7.79575000', '110.36938000', '16.90', 'valid', '2026-05-19 06:15:00', 'hadir', NULL, NULL),
(214, 38, 164, 174, '-7.79552000', '110.36967000', '28.00', 'valid', '2026-05-19 05:30:00', 'hadir', NULL, NULL),
(215, 38, 165, 174, '-7.79568000', '110.36957000', '39.10', 'valid', '2026-05-19 05:33:00', 'hadir', NULL, NULL),
(216, 38, 166, 174, '-7.79545000', '110.36947000', '50.20', 'valid', '2026-05-19 05:36:00', 'hadir', NULL, NULL),
(217, 38, 167, 174, NULL, NULL, NULL, 'invalid', '2026-05-19 06:45:00', 'alpha', NULL, NULL),
(218, 39, 132, 175, '-7.79546000', '110.36937000', '54.90', 'valid', '2026-05-19 06:51:00', 'hadir', NULL, NULL),
(219, 39, 133, 175, '-7.79562000', '110.36966000', '4.00', 'valid', '2026-05-19 06:54:00', 'hadir', NULL, NULL),
(220, 39, 134, 175, '-7.79578000', '110.36956000', '15.10', 'valid', '2026-05-19 06:57:00', 'hadir', NULL, NULL),
(221, 39, 135, 175, '-7.79555000', '110.36946000', '26.20', 'valid', '2026-05-19 07:00:00', 'hadir', NULL, NULL),
(222, 39, 136, 175, '-7.79571000', '110.36936000', '37.30', 'valid', '2026-05-19 07:03:00', 'hadir', NULL, NULL),
(223, 39, 137, 175, '-7.79548000', '110.36965000', '48.40', 'valid', '2026-05-19 07:06:00', 'hadir', NULL, NULL),
(224, 39, 138, 175, '-7.79564000', '110.36955000', '59.50', 'valid', '2026-05-19 07:09:00', 'hadir', NULL, NULL),
(225, 39, 139, 175, '-7.79541000', '110.36945000', '8.60', 'valid', '2026-05-19 07:12:00', 'hadir', NULL, NULL),
(226, 39, 140, 175, '-7.79557000', '110.36935000', '19.70', 'valid', '2026-05-19 07:15:00', 'hadir', NULL, NULL),
(227, 39, 141, 175, '-7.79573000', '110.36964000', '29.80', 'valid', '2026-05-19 07:18:00', 'hadir', NULL, NULL),
(228, 39, 142, 175, '-7.79550000', '110.36954000', '40.90', 'valid', '2026-05-19 07:21:00', 'hadir', NULL, NULL),
(229, 39, 143, 175, '-7.79566000', '110.36944000', '52.00', 'valid', '2026-05-19 07:24:00', 'hadir', NULL, NULL),
(230, 39, 144, 175, '-7.79543000', '110.36934000', '63.10', 'valid', '2026-05-19 07:27:00', 'hadir', NULL, NULL),
(231, 39, 145, 175, '-7.79559000', '110.36963000', '12.20', 'valid', '2026-05-19 07:30:00', 'hadir', NULL, NULL),
(232, 39, 146, 175, '-7.79575000', '110.36953000', '23.30', 'valid', '2026-05-19 07:33:00', 'hadir', NULL, NULL),
(233, 39, 147, 175, '-7.79552000', '110.36943000', '34.40', 'valid', '2026-05-19 06:48:00', 'hadir', NULL, NULL),
(234, 39, 148, 175, '-7.79568000', '110.36933000', '45.50', 'valid', '2026-05-19 06:51:00', 'hadir', NULL, NULL),
(235, 39, 149, 175, '-7.79545000', '110.36962000', '56.60', 'valid', '2026-05-19 06:54:00', 'hadir', NULL, NULL),
(236, 39, 150, 175, '-7.79561000', '110.36952000', '5.70', 'valid', '2026-05-19 06:57:00', 'hadir', NULL, NULL),
(237, 39, 151, 175, '-7.79577000', '110.36942000', '15.80', 'valid', '2026-05-19 07:00:00', 'hadir', NULL, NULL),
(238, 39, 152, 175, '-7.79554000', '110.36932000', '26.90', 'valid', '2026-05-19 07:03:00', 'hadir', NULL, NULL),
(239, 39, 153, 175, '-7.79570000', '110.36961000', '38.00', 'valid', '2026-05-19 07:06:00', 'hadir', NULL, NULL),
(240, 39, 154, 175, '-7.79547000', '110.36951000', '49.10', 'valid', '2026-05-19 07:09:00', 'hadir', NULL, NULL),
(241, 39, 155, 175, '-7.79563000', '110.36941000', '60.20', 'valid', '2026-05-19 07:12:00', 'hadir', NULL, NULL),
(242, 39, 156, 175, '-7.79579000', '110.36931000', '9.30', 'valid', '2026-05-19 07:15:00', 'hadir', NULL, NULL),
(243, 39, 157, 175, '-7.79556000', '110.36960000', '20.40', 'valid', '2026-05-19 07:18:00', 'hadir', NULL, NULL),
(244, 39, 158, 175, '-7.79572000', '110.36950000', '31.50', 'valid', '2026-05-19 07:21:00', 'hadir', NULL, NULL),
(245, 39, 159, 175, '-7.79549000', '110.36940000', '42.60', 'valid', '2026-05-19 07:24:00', 'hadir', NULL, NULL),
(246, 39, 160, 175, '-7.79565000', '110.36969000', '53.70', 'valid', '2026-05-19 07:27:00', 'hadir', NULL, NULL),
(247, 39, 161, 175, '-7.79542000', '110.36959000', '63.80', 'valid', '2026-05-19 07:30:00', 'hadir', NULL, NULL),
(248, 39, 162, 175, '-7.79558000', '110.36949000', '12.90', 'valid', '2026-05-19 07:33:00', 'hadir', NULL, NULL),
(249, 39, 163, 175, '-7.79574000', '110.36939000', '24.00', 'valid', '2026-05-19 06:48:00', 'hadir', NULL, NULL),
(250, 39, 164, 175, '-7.79551000', '110.36968000', '35.10', 'valid', '2026-05-19 06:51:00', 'hadir', NULL, NULL),
(251, 39, 165, 175, '-7.79567000', '110.36958000', '46.20', 'valid', '2026-05-19 06:54:00', 'hadir', NULL, NULL),
(252, 39, 166, 175, '-7.79544000', '110.36948000', '57.30', 'valid', '2026-05-19 06:57:00', 'hadir', NULL, NULL),
(253, 39, 167, 175, NULL, NULL, NULL, 'invalid', '2026-05-19 08:05:00', 'alpha', NULL, NULL),
(254, 40, 132, 176, '-7.79545000', '110.36938000', '62.00', 'valid', '2026-05-19 03:42:00', 'hadir', NULL, NULL),
(255, 40, 133, 176, '-7.79561000', '110.36967000', '11.10', 'valid', '2026-05-19 03:45:00', 'hadir', NULL, NULL),
(256, 40, 134, 176, '-7.79577000', '110.36957000', '22.20', 'valid', '2026-05-19 03:48:00', 'hadir', NULL, NULL),
(257, 40, 135, 176, '-7.79554000', '110.36947000', '33.30', 'valid', '2026-05-19 03:51:00', 'hadir', NULL, NULL),
(258, 40, 136, 176, '-7.79570000', '110.36937000', '44.40', 'valid', '2026-05-19 03:54:00', 'hadir', NULL, NULL),
(259, 40, 137, 176, '-7.79547000', '110.36966000', '55.50', 'valid', '2026-05-19 03:57:00', 'hadir', NULL, NULL),
(260, 40, 138, 176, '-7.79563000', '110.36956000', '4.60', 'valid', '2026-05-19 04:00:00', 'hadir', NULL, NULL),
(261, 40, 139, 176, '-7.79579000', '110.36946000', '15.70', 'valid', '2026-05-19 04:03:00', 'hadir', NULL, NULL),
(262, 40, 140, 176, '-7.79556000', '110.36936000', '25.80', 'valid', '2026-05-19 04:06:00', 'hadir', NULL, NULL),
(263, 40, 141, 176, '-7.79572000', '110.36965000', '36.90', 'valid', '2026-05-19 04:09:00', 'hadir', NULL, NULL),
(264, 40, 142, 176, '-7.79549000', '110.36955000', '48.00', 'valid', '2026-05-19 04:12:00', 'hadir', NULL, NULL),
(265, 40, 143, 176, '-7.79565000', '110.36945000', '59.10', 'valid', '2026-05-19 04:15:00', 'hadir', NULL, NULL),
(266, 40, 144, 176, '-7.79542000', '110.36935000', '8.20', 'valid', '2026-05-19 04:18:00', 'hadir', NULL, NULL),
(267, 40, 145, 176, '-7.79558000', '110.36964000', '19.30', 'valid', '2026-05-19 04:21:00', 'hadir', NULL, NULL),
(268, 40, 146, 176, '-7.79574000', '110.36954000', '30.40', 'valid', '2026-05-19 04:24:00', 'hadir', NULL, NULL),
(269, 40, 147, 176, '-7.79551000', '110.36944000', '41.50', 'valid', '2026-05-19 03:39:00', 'hadir', NULL, NULL),
(270, 40, 148, 176, '-7.79567000', '110.36934000', '52.60', 'valid', '2026-05-19 03:42:00', 'hadir', NULL, NULL),
(271, 40, 149, 176, '-7.79544000', '110.36963000', '63.70', 'valid', '2026-05-19 03:45:00', 'hadir', NULL, NULL),
(272, 40, 150, 176, '-7.79560000', '110.36953000', '11.80', 'valid', '2026-05-19 03:48:00', 'hadir', NULL, NULL),
(273, 40, 151, 176, '-7.79576000', '110.36943000', '22.90', 'valid', '2026-05-19 03:51:00', 'hadir', NULL, NULL),
(274, 40, 152, 176, '-7.79553000', '110.36933000', '34.00', 'valid', '2026-05-19 03:54:00', 'hadir', NULL, NULL),
(275, 40, 153, 176, '-7.79569000', '110.36962000', '45.10', 'valid', '2026-05-19 03:57:00', 'hadir', NULL, NULL),
(276, 40, 154, 176, '-7.79546000', '110.36952000', '56.20', 'valid', '2026-05-19 04:00:00', 'hadir', NULL, NULL),
(277, 40, 155, 176, '-7.79562000', '110.36942000', '5.30', 'valid', '2026-05-19 04:03:00', 'hadir', NULL, NULL),
(278, 40, 156, 176, '-7.79578000', '110.36932000', '16.40', 'valid', '2026-05-19 04:06:00', 'hadir', NULL, NULL),
(279, 40, 157, 176, '-7.79555000', '110.36961000', '27.50', 'valid', '2026-05-19 04:09:00', 'hadir', NULL, NULL),
(280, 40, 158, 176, '-7.79571000', '110.36951000', '38.60', 'valid', '2026-05-19 04:12:00', 'hadir', NULL, NULL),
(281, 40, 159, 176, '-7.79548000', '110.36941000', '49.70', 'valid', '2026-05-19 04:15:00', 'hadir', NULL, NULL),
(282, 40, 160, 176, '-7.79564000', '110.36931000', '59.80', 'valid', '2026-05-19 04:18:00', 'hadir', NULL, NULL),
(283, 40, 161, 176, '-7.79541000', '110.36960000', '8.90', 'valid', '2026-05-19 04:21:00', 'hadir', NULL, NULL),
(284, 40, 162, 176, '-7.79557000', '110.36950000', '20.00', 'valid', '2026-05-19 04:24:00', 'hadir', NULL, NULL),
(285, 40, 163, 176, '-7.79573000', '110.36940000', '31.10', 'valid', '2026-05-19 03:39:00', 'hadir', NULL, NULL),
(286, 40, 164, 176, '-7.79550000', '110.36969000', '42.20', 'valid', '2026-05-19 03:42:00', 'hadir', NULL, NULL),
(287, 40, 165, 176, '-7.79566000', '110.36959000', '53.30', 'valid', '2026-05-19 03:45:00', 'hadir', NULL, NULL),
(288, 40, 166, 176, '-7.79543000', '110.36949000', '64.40', 'valid', '2026-05-19 03:48:00', 'hadir', NULL, NULL),
(289, 40, 167, 176, NULL, NULL, NULL, 'invalid', '2026-05-19 04:55:00', 'alpha', NULL, NULL),
(290, 41, 132, 177, '-7.79544000', '110.36939000', '7.10', 'valid', '2026-05-19 02:23:00', 'hadir', NULL, NULL),
(291, 41, 133, 177, '-7.79560000', '110.36968000', '18.20', 'valid', '2026-05-19 02:26:00', 'hadir', NULL, NULL),
(292, 41, 134, 177, '-7.79576000', '110.36958000', '29.30', 'valid', '2026-05-19 02:29:00', 'hadir', NULL, NULL),
(293, 41, 135, 177, '-7.79553000', '110.36948000', '40.40', 'valid', '2026-05-19 02:32:00', 'hadir', NULL, NULL),
(294, 41, 136, 177, '-7.79569000', '110.36938000', '51.50', 'valid', '2026-05-19 02:35:00', 'hadir', NULL, NULL),
(295, 41, 137, 177, '-7.79546000', '110.36967000', '62.60', 'valid', '2026-05-19 02:38:00', 'hadir', NULL, NULL),
(296, 41, 138, 177, '-7.79562000', '110.36957000', '11.70', 'valid', '2026-05-19 02:41:00', 'hadir', NULL, NULL),
(297, 41, 139, 177, '-7.79578000', '110.36947000', '21.80', 'valid', '2026-05-19 02:44:00', 'hadir', NULL, NULL),
(298, 41, 140, 177, '-7.79555000', '110.36937000', '32.90', 'valid', '2026-05-19 02:47:00', 'hadir', NULL, NULL),
(299, 41, 141, 177, '-7.79571000', '110.36966000', '44.00', 'valid', '2026-05-19 02:50:00', 'hadir', NULL, NULL),
(300, 41, 142, 177, '-7.79548000', '110.36956000', '55.10', 'valid', '2026-05-19 02:53:00', 'hadir', NULL, NULL),
(301, 41, 143, 177, '-7.79564000', '110.36946000', '4.20', 'valid', '2026-05-19 02:56:00', 'hadir', NULL, NULL),
(302, 41, 144, 177, '-7.79541000', '110.36936000', '15.30', 'valid', '2026-05-19 02:59:00', 'hadir', NULL, NULL),
(303, 41, 145, 177, '-7.79557000', '110.36965000', '26.40', 'valid', '2026-05-19 03:02:00', 'hadir', NULL, NULL),
(304, 41, 146, 177, '-7.79573000', '110.36955000', '37.50', 'valid', '2026-05-19 03:05:00', 'hadir', NULL, NULL),
(305, 41, 147, 177, '-7.79550000', '110.36945000', '48.60', 'valid', '2026-05-19 02:20:00', 'hadir', NULL, NULL),
(306, 41, 148, 177, '-7.79566000', '110.36935000', '59.70', 'valid', '2026-05-19 02:23:00', 'hadir', NULL, NULL),
(307, 41, 149, 177, '-7.79543000', '110.36964000', '7.80', 'valid', '2026-05-19 02:26:00', 'hadir', NULL, NULL),
(308, 41, 150, 177, '-7.79559000', '110.36954000', '18.90', 'valid', '2026-05-19 02:29:00', 'hadir', NULL, NULL),
(309, 41, 151, 177, '-7.79575000', '110.36944000', '30.00', 'valid', '2026-05-19 02:32:00', 'hadir', NULL, NULL),
(310, 41, 152, 177, '-7.79552000', '110.36934000', '41.10', 'valid', '2026-05-19 02:35:00', 'hadir', NULL, NULL),
(311, 41, 153, 177, '-7.79568000', '110.36963000', '52.20', 'valid', '2026-05-19 02:38:00', 'hadir', NULL, NULL),
(312, 41, 154, 177, '-7.79545000', '110.36953000', '63.30', 'valid', '2026-05-19 02:41:00', 'hadir', NULL, NULL),
(313, 41, 155, 177, '-7.79561000', '110.36943000', '12.40', 'valid', '2026-05-19 02:44:00', 'hadir', NULL, NULL),
(314, 41, 156, 177, '-7.79577000', '110.36933000', '23.50', 'valid', '2026-05-19 02:47:00', 'hadir', NULL, NULL),
(315, 41, 157, 177, '-7.79554000', '110.36962000', '34.60', 'valid', '2026-05-19 02:50:00', 'hadir', NULL, NULL),
(316, 41, 158, 177, '-7.79570000', '110.36952000', '45.70', 'valid', '2026-05-19 02:53:00', 'hadir', NULL, NULL),
(317, 41, 159, 177, '-7.79547000', '110.36942000', '55.80', 'valid', '2026-05-19 02:56:00', 'hadir', NULL, NULL),
(318, 41, 160, 177, '-7.79563000', '110.36932000', '4.90', 'valid', '2026-05-19 02:59:00', 'hadir', NULL, NULL),
(319, 41, 161, 177, '-7.79579000', '110.36961000', '16.00', 'valid', '2026-05-19 03:02:00', 'hadir', NULL, NULL),
(320, 41, 162, 177, '-7.79556000', '110.36951000', '27.10', 'valid', '2026-05-19 03:05:00', 'hadir', NULL, NULL),
(321, 41, 163, 177, '-7.79572000', '110.36941000', '38.20', 'valid', '2026-05-19 02:20:00', 'hadir', NULL, NULL),
(322, 41, 164, 177, '-7.79549000', '110.36931000', '49.30', 'valid', '2026-05-19 02:23:00', 'hadir', NULL, NULL),
(323, 41, 165, 177, '-7.79565000', '110.36960000', '60.40', 'valid', '2026-05-19 02:26:00', 'hadir', NULL, NULL),
(324, 41, 166, 177, '-7.79542000', '110.36950000', '9.50', 'valid', '2026-05-19 02:29:00', 'hadir', NULL, NULL),
(325, 41, 167, 177, NULL, NULL, NULL, 'invalid', '2026-05-19 03:35:00', 'alpha', NULL, NULL),
(326, 42, 132, 170, '-7.79543000', '110.36940000', '14.20', 'valid', '2026-05-20 02:24:00', 'hadir', NULL, NULL),
(327, 42, 133, 170, '-7.79559000', '110.36969000', '25.30', 'valid', '2026-05-20 02:27:00', 'hadir', NULL, NULL),
(328, 42, 134, 170, '-7.79575000', '110.36959000', '36.40', 'valid', '2026-05-20 02:30:00', 'hadir', NULL, NULL),
(329, 42, 135, 170, '-7.79552000', '110.36949000', '47.50', 'valid', '2026-05-20 02:33:00', 'hadir', NULL, NULL),
(330, 42, 136, 170, '-7.79568000', '110.36939000', '58.60', 'valid', '2026-05-20 02:36:00', 'hadir', NULL, NULL),
(331, 42, 137, 170, '-7.79545000', '110.36968000', '7.70', 'valid', '2026-05-20 02:39:00', 'hadir', NULL, NULL),
(332, 42, 138, 170, '-7.79561000', '110.36958000', '17.80', 'valid', '2026-05-20 02:42:00', 'hadir', NULL, NULL),
(333, 42, 139, 170, '-7.79577000', '110.36948000', '28.90', 'valid', '2026-05-20 02:45:00', 'hadir', NULL, NULL),
(334, 42, 140, 170, '-7.79554000', '110.36938000', '40.00', 'valid', '2026-05-20 02:48:00', 'hadir', NULL, NULL),
(335, 42, 141, 170, '-7.79570000', '110.36967000', '51.10', 'valid', '2026-05-20 02:51:00', 'hadir', NULL, NULL),
(336, 42, 142, 170, '-7.79547000', '110.36957000', '62.20', 'valid', '2026-05-20 02:54:00', 'hadir', NULL, NULL),
(337, 42, 143, 170, '-7.79563000', '110.36947000', '11.30', 'valid', '2026-05-20 02:57:00', 'hadir', NULL, NULL),
(338, 42, 144, 170, '-7.79579000', '110.36937000', '22.40', 'valid', '2026-05-20 03:00:00', 'hadir', NULL, NULL),
(339, 42, 145, 170, '-7.79556000', '110.36966000', '33.50', 'valid', '2026-05-20 03:03:00', 'hadir', NULL, NULL),
(340, 42, 146, 170, '-7.79572000', '110.36956000', '44.60', 'valid', '2026-05-20 02:18:00', 'hadir', NULL, NULL),
(341, 42, 147, 170, '-7.79549000', '110.36946000', '55.70', 'valid', '2026-05-20 02:21:00', 'hadir', NULL, NULL),
(342, 42, 148, 170, '-7.79565000', '110.36936000', '3.80', 'valid', '2026-05-20 02:24:00', 'hadir', NULL, NULL),
(343, 42, 149, 170, '-7.79542000', '110.36965000', '14.90', 'valid', '2026-05-20 02:27:00', 'hadir', NULL, NULL),
(344, 42, 150, 170, '-7.79558000', '110.36955000', '26.00', 'valid', '2026-05-20 02:30:00', 'hadir', NULL, NULL),
(345, 42, 151, 170, '-7.79574000', '110.36945000', '37.10', 'valid', '2026-05-20 02:33:00', 'hadir', NULL, NULL),
(346, 42, 152, 170, '-7.79551000', '110.36935000', '48.20', 'valid', '2026-05-20 02:36:00', 'hadir', NULL, NULL),
(347, 42, 153, 170, '-7.79567000', '110.36964000', '59.30', 'valid', '2026-05-20 02:39:00', 'hadir', NULL, NULL),
(348, 42, 154, 170, '-7.79544000', '110.36954000', '8.40', 'valid', '2026-05-20 02:42:00', 'hadir', NULL, NULL),
(349, 42, 155, 170, '-7.79560000', '110.36944000', '19.50', 'valid', '2026-05-20 02:45:00', 'hadir', NULL, NULL),
(350, 42, 156, 170, '-7.79576000', '110.36934000', '30.60', 'valid', '2026-05-20 02:48:00', 'hadir', NULL, NULL),
(351, 42, 157, 170, '-7.79553000', '110.36963000', '41.70', 'valid', '2026-05-20 02:51:00', 'hadir', NULL, NULL),
(352, 42, 158, 170, '-7.79569000', '110.36953000', '51.80', 'valid', '2026-05-20 02:54:00', 'hadir', NULL, NULL),
(353, 42, 159, 170, '-7.79546000', '110.36943000', '62.90', 'valid', '2026-05-20 02:57:00', 'hadir', NULL, NULL),
(354, 42, 160, 170, '-7.79562000', '110.36933000', '12.00', 'valid', '2026-05-20 03:00:00', 'hadir', NULL, NULL),
(355, 42, 161, 170, '-7.79578000', '110.36962000', '23.10', 'valid', '2026-05-20 03:03:00', 'hadir', NULL, NULL),
(356, 42, 162, 170, '-7.79555000', '110.36952000', '34.20', 'valid', '2026-05-20 02:18:00', 'hadir', NULL, NULL),
(357, 42, 163, 170, '-7.79571000', '110.36942000', '45.30', 'valid', '2026-05-20 02:21:00', 'hadir', NULL, NULL),
(358, 42, 164, 170, '-7.79548000', '110.36932000', '56.40', 'valid', '2026-05-20 02:24:00', 'hadir', NULL, NULL),
(359, 42, 165, 170, '-7.79564000', '110.36961000', '5.50', 'valid', '2026-05-20 02:27:00', 'hadir', NULL, NULL),
(360, 42, 166, 170, '-7.79541000', '110.36951000', '16.60', 'valid', '2026-05-20 02:30:00', 'hadir', NULL, NULL),
(361, 42, 167, 170, NULL, NULL, NULL, 'invalid', '2026-05-20 03:35:00', 'alpha', NULL, NULL),
(362, 43, 132, 171, '-7.79542000', '110.36941000', '21.30', 'valid', '2026-05-20 05:35:00', 'hadir', NULL, NULL),
(363, 43, 133, 171, '-7.79558000', '110.36931000', '32.40', 'valid', '2026-05-20 05:38:00', 'hadir', NULL, NULL),
(364, 43, 134, 171, '-7.79574000', '110.36960000', '43.50', 'valid', '2026-05-20 05:41:00', 'hadir', NULL, NULL),
(365, 43, 135, 171, '-7.79551000', '110.36950000', '54.60', 'valid', '2026-05-20 05:44:00', 'hadir', NULL, NULL),
(366, 43, 136, 171, '-7.79567000', '110.36940000', '65.70', 'valid', '2026-05-20 05:47:00', 'hadir', NULL, NULL),
(367, 43, 137, 171, '-7.79544000', '110.36969000', '13.80', 'valid', '2026-05-20 05:50:00', 'hadir', NULL, NULL),
(368, 43, 138, 171, '-7.79560000', '110.36959000', '24.90', 'valid', '2026-05-20 05:53:00', 'hadir', NULL, NULL),
(369, 43, 139, 171, '-7.79576000', '110.36949000', '36.00', 'valid', '2026-05-20 05:56:00', 'hadir', NULL, NULL),
(370, 43, 140, 171, '-7.79553000', '110.36939000', '47.10', 'valid', '2026-05-20 05:59:00', 'hadir', NULL, NULL),
(371, 43, 141, 171, '-7.79569000', '110.36968000', '58.20', 'valid', '2026-05-20 06:02:00', 'hadir', NULL, NULL),
(372, 43, 142, 171, '-7.79546000', '110.36958000', '7.30', 'valid', '2026-05-20 06:05:00', 'hadir', NULL, NULL),
(373, 43, 143, 171, '-7.79562000', '110.36948000', '18.40', 'valid', '2026-05-20 06:08:00', 'hadir', NULL, NULL),
(374, 43, 144, 171, '-7.79578000', '110.36938000', '29.50', 'valid', '2026-05-20 06:11:00', 'hadir', NULL, NULL),
(375, 43, 145, 171, '-7.79555000', '110.36967000', '40.60', 'valid', '2026-05-20 06:14:00', 'hadir', NULL, NULL),
(376, 43, 146, 171, '-7.79571000', '110.36957000', '51.70', 'valid', '2026-05-20 05:29:00', 'hadir', NULL, NULL),
(377, 43, 147, 171, '-7.79548000', '110.36947000', '61.80', 'valid', '2026-05-20 05:32:00', 'hadir', NULL, NULL),
(378, 43, 148, 171, '-7.79564000', '110.36937000', '10.90', 'valid', '2026-05-20 05:35:00', 'hadir', NULL, NULL),
(379, 43, 149, 171, '-7.79541000', '110.36966000', '22.00', 'valid', '2026-05-20 05:38:00', 'hadir', NULL, NULL),
(380, 43, 150, 171, '-7.79557000', '110.36956000', '33.10', 'valid', '2026-05-20 05:41:00', 'hadir', NULL, NULL),
(381, 43, 151, 171, '-7.79573000', '110.36946000', '44.20', 'valid', '2026-05-20 05:44:00', 'hadir', NULL, NULL),
(382, 43, 152, 171, '-7.79550000', '110.36936000', '55.30', 'valid', '2026-05-20 05:47:00', 'hadir', NULL, NULL),
(383, 43, 153, 171, '-7.79566000', '110.36965000', '4.40', 'valid', '2026-05-20 05:50:00', 'hadir', NULL, NULL),
(384, 43, 154, 171, '-7.79543000', '110.36955000', '15.50', 'valid', '2026-05-20 05:53:00', 'hadir', NULL, NULL),
(385, 43, 155, 171, '-7.79559000', '110.36945000', '26.60', 'valid', '2026-05-20 05:56:00', 'hadir', NULL, NULL),
(386, 43, 156, 171, '-7.79575000', '110.36935000', '37.70', 'valid', '2026-05-20 05:59:00', 'hadir', NULL, NULL),
(387, 43, 157, 171, '-7.79552000', '110.36964000', '47.80', 'valid', '2026-05-20 06:02:00', 'hadir', NULL, NULL),
(388, 43, 158, 171, '-7.79568000', '110.36954000', '58.90', 'valid', '2026-05-20 06:05:00', 'hadir', NULL, NULL),
(389, 43, 159, 171, '-7.79545000', '110.36944000', '8.00', 'valid', '2026-05-20 06:08:00', 'hadir', NULL, NULL),
(390, 43, 160, 171, '-7.79561000', '110.36934000', '19.10', 'valid', '2026-05-20 06:11:00', 'hadir', NULL, NULL),
(391, 43, 161, 171, '-7.79577000', '110.36963000', '30.20', 'valid', '2026-05-20 06:14:00', 'hadir', NULL, NULL),
(392, 43, 162, 171, '-7.79554000', '110.36953000', '41.30', 'valid', '2026-05-20 05:29:00', 'hadir', NULL, NULL),
(393, 43, 163, 171, '-7.79570000', '110.36943000', '52.40', 'valid', '2026-05-20 05:32:00', 'hadir', NULL, NULL),
(394, 43, 164, 171, '-7.79547000', '110.36933000', '63.50', 'valid', '2026-05-20 05:35:00', 'hadir', NULL, NULL),
(395, 43, 165, 171, '-7.79563000', '110.36962000', '12.60', 'valid', '2026-05-20 05:38:00', 'hadir', NULL, NULL),
(396, 43, 166, 171, '-7.79579000', '110.36952000', '23.70', 'valid', '2026-05-20 05:41:00', 'hadir', NULL, NULL),
(397, 43, 167, 171, NULL, NULL, NULL, 'invalid', '2026-05-20 06:45:00', 'alpha', NULL, NULL),
(398, 44, 135, 172, '-7.79550000', '110.36951000', '61.70', 'valid', '2026-05-20 00:20:00', 'hadir', NULL, NULL),
(399, 44, 136, 172, '-7.79566000', '110.36941000', '9.80', 'valid', '2026-05-20 00:23:00', 'hadir', NULL, NULL),
(400, 44, 138, 172, '-7.79559000', '110.36960000', '32.00', 'valid', '2026-05-20 00:29:00', 'hadir', NULL, NULL),
(401, 44, 140, 172, '-7.79552000', '110.36940000', '54.20', 'valid', '2026-05-20 00:35:00', 'hadir', NULL, NULL),
(402, 44, 141, 172, '-7.79568000', '110.36969000', '65.30', 'valid', '2026-05-20 00:38:00', 'hadir', NULL, NULL),
(403, 44, 142, 172, '-7.79545000', '110.36959000', '14.40', 'valid', '2026-05-20 00:41:00', 'hadir', NULL, NULL),
(404, 44, 143, 172, '-7.79561000', '110.36949000', '25.50', 'valid', '2026-05-20 00:44:00', 'hadir', NULL, NULL),
(405, 44, 144, 172, '-7.79577000', '110.36939000', '36.60', 'valid', '2026-05-20 00:47:00', 'hadir', NULL, NULL),
(406, 44, 146, 172, '-7.79570000', '110.36958000', '57.80', 'valid', '2026-05-20 00:05:00', 'hadir', NULL, NULL),
(407, 44, 148, 172, '-7.79563000', '110.36938000', '18.00', 'valid', '2026-05-20 00:11:00', 'hadir', NULL, NULL),
(408, 44, 150, 172, '-7.79556000', '110.36957000', '40.20', 'valid', '2026-05-20 00:17:00', 'hadir', NULL, NULL),
(409, 44, 151, 172, '-7.79572000', '110.36947000', '51.30', 'valid', '2026-05-20 00:20:00', 'hadir', NULL, NULL),
(410, 44, 152, 172, '-7.79549000', '110.36937000', '62.40', 'valid', '2026-05-20 00:23:00', 'hadir', NULL, NULL),
(411, 44, 154, 172, '-7.79542000', '110.36956000', '22.60', 'valid', '2026-05-20 00:29:00', 'hadir', NULL, NULL),
(412, 44, 155, 172, '-7.79558000', '110.36946000', '33.70', 'valid', '2026-05-20 00:32:00', 'hadir', NULL, NULL),
(413, 44, 156, 172, '-7.79574000', '110.36936000', '43.80', 'valid', '2026-05-20 00:35:00', 'hadir', NULL, NULL),
(414, 44, 157, 172, '-7.79551000', '110.36965000', '54.90', 'valid', '2026-05-20 00:38:00', 'hadir', NULL, NULL),
(415, 44, 158, 172, '-7.79567000', '110.36955000', '4.00', 'valid', '2026-05-20 00:41:00', 'hadir', NULL, NULL),
(416, 44, 159, 172, '-7.79544000', '110.36945000', '15.10', 'valid', '2026-05-20 00:44:00', 'hadir', NULL, NULL),
(417, 44, 160, 172, '-7.79560000', '110.36935000', '26.20', 'valid', '2026-05-20 00:47:00', 'hadir', NULL, NULL),
(418, 44, 161, 172, '-7.79576000', '110.36964000', '37.30', 'valid', '2026-05-20 00:50:00', 'hadir', NULL, NULL),
(419, 44, 163, 172, '-7.79569000', '110.36944000', '59.50', 'valid', '2026-05-20 00:08:00', 'hadir', NULL, NULL),
(420, 44, 165, 172, '-7.79562000', '110.36963000', '19.70', 'valid', '2026-05-20 00:14:00', 'hadir', NULL, NULL),
(421, 44, 166, 172, '-7.79578000', '110.36953000', '29.80', 'valid', '2026-05-20 00:17:00', 'hadir', NULL, NULL),
(422, 44, 167, 172, NULL, NULL, NULL, 'invalid', '2026-05-20 02:00:00', 'alpha', NULL, NULL),
(423, 45, 132, 173, '-7.79579000', '110.36943000', '35.50', 'valid', '2026-05-20 03:47:00', 'hadir', NULL, NULL),
(424, 45, 133, 173, '-7.79556000', '110.36933000', '46.60', 'valid', '2026-05-20 03:50:00', 'hadir', NULL, NULL),
(425, 45, 134, 173, '-7.79572000', '110.36962000', '57.70', 'valid', '2026-05-20 03:53:00', 'hadir', NULL, NULL),
(426, 45, 135, 173, '-7.79549000', '110.36952000', '5.80', 'valid', '2026-05-20 03:56:00', 'hadir', NULL, NULL),
(427, 45, 136, 173, '-7.79565000', '110.36942000', '16.90', 'valid', '2026-05-20 03:59:00', 'hadir', NULL, NULL),
(428, 45, 137, 173, '-7.79542000', '110.36932000', '28.00', 'valid', '2026-05-20 04:02:00', 'hadir', NULL, NULL),
(429, 45, 138, 173, '-7.79558000', '110.36961000', '39.10', 'valid', '2026-05-20 04:05:00', 'hadir', NULL, NULL),
(430, 45, 139, 173, '-7.79574000', '110.36951000', '50.20', 'valid', '2026-05-20 04:08:00', 'hadir', NULL, NULL),
(431, 45, 140, 173, '-7.79551000', '110.36941000', '61.30', 'valid', '2026-05-20 04:11:00', 'hadir', NULL, NULL),
(432, 45, 141, 173, '-7.79567000', '110.36931000', '10.40', 'valid', '2026-05-20 04:14:00', 'hadir', NULL, NULL),
(433, 45, 142, 173, '-7.79544000', '110.36960000', '21.50', 'valid', '2026-05-20 04:17:00', 'hadir', NULL, NULL),
(434, 45, 143, 173, '-7.79560000', '110.36950000', '32.60', 'valid', '2026-05-20 04:20:00', 'hadir', NULL, NULL),
(435, 45, 144, 173, '-7.79576000', '110.36940000', '43.70', 'valid', '2026-05-20 04:23:00', 'hadir', NULL, NULL),
(436, 45, 145, 173, '-7.79553000', '110.36969000', '53.80', 'valid', '2026-05-20 03:38:00', 'hadir', NULL, NULL),
(437, 45, 146, 173, '-7.79569000', '110.36959000', '64.90', 'valid', '2026-05-20 03:41:00', 'hadir', NULL, NULL),
(438, 45, 147, 173, '-7.79546000', '110.36949000', '14.00', 'valid', '2026-05-20 03:44:00', 'hadir', NULL, NULL),
(439, 45, 148, 173, '-7.79562000', '110.36939000', '25.10', 'valid', '2026-05-20 03:47:00', 'hadir', NULL, NULL),
(440, 45, 149, 173, '-7.79578000', '110.36968000', '36.20', 'valid', '2026-05-20 03:50:00', 'hadir', NULL, NULL),
(441, 45, 150, 173, '-7.79555000', '110.36958000', '47.30', 'valid', '2026-05-20 03:53:00', 'hadir', NULL, NULL),
(442, 45, 151, 173, '-7.79571000', '110.36948000', '58.40', 'valid', '2026-05-20 03:56:00', 'hadir', NULL, NULL),
(443, 45, 152, 173, '-7.79548000', '110.36938000', '7.50', 'valid', '2026-05-20 03:59:00', 'hadir', NULL, NULL),
(444, 45, 153, 173, '-7.79564000', '110.36967000', '18.60', 'valid', '2026-05-20 04:02:00', 'hadir', NULL, NULL),
(445, 45, 154, 173, '-7.79541000', '110.36957000', '29.70', 'valid', '2026-05-20 04:05:00', 'hadir', NULL, NULL),
(446, 45, 155, 173, '-7.79557000', '110.36947000', '39.80', 'valid', '2026-05-20 04:08:00', 'hadir', NULL, NULL),
(447, 45, 156, 173, '-7.79573000', '110.36937000', '50.90', 'valid', '2026-05-20 04:11:00', 'hadir', NULL, NULL),
(448, 45, 157, 173, '-7.79550000', '110.36966000', '62.00', 'valid', '2026-05-20 04:14:00', 'hadir', NULL, NULL),
(449, 45, 158, 173, '-7.79566000', '110.36956000', '11.10', 'valid', '2026-05-20 04:17:00', 'hadir', NULL, NULL);
INSERT INTO `presensi_mapel` (`id`, `presensi_sesi_id`, `user_id`, `jadwal_mata_pelajaran_id`, `latitude`, `longitude`, `jarak`, `status`, `waktu`, `jenis`, `alasan`, `foto_bukti`) VALUES
(450, 45, 159, 173, '-7.79543000', '110.36946000', '22.20', 'valid', '2026-05-20 04:20:00', 'hadir', NULL, NULL),
(451, 45, 160, 173, '-7.79559000', '110.36936000', '33.30', 'valid', '2026-05-20 04:23:00', 'hadir', NULL, NULL),
(452, 45, 161, 173, '-7.79575000', '110.36965000', '44.40', 'valid', '2026-05-20 03:38:00', 'hadir', NULL, NULL),
(453, 45, 162, 173, '-7.79552000', '110.36955000', '55.50', 'valid', '2026-05-20 03:41:00', 'hadir', NULL, NULL),
(454, 45, 163, 173, '-7.79568000', '110.36945000', '4.60', 'valid', '2026-05-20 03:44:00', 'hadir', NULL, NULL),
(455, 45, 164, 173, '-7.79545000', '110.36935000', '15.70', 'valid', '2026-05-20 03:47:00', 'hadir', NULL, NULL),
(456, 45, 165, 173, '-7.79561000', '110.36964000', '25.80', 'valid', '2026-05-20 03:50:00', 'hadir', NULL, NULL),
(457, 45, 166, 173, '-7.79577000', '110.36954000', '36.90', 'valid', '2026-05-20 03:53:00', 'hadir', NULL, NULL),
(458, 45, 167, 173, NULL, NULL, NULL, 'invalid', '2026-05-20 04:55:00', 'alpha', NULL, NULL),
(459, 46, 132, 654, '-7.79578000', '110.36944000', '42.60', 'valid', '2026-05-20 00:13:00', 'hadir', NULL, NULL),
(460, 46, 139, 654, '-7.79573000', '110.36952000', '57.30', 'valid', '2026-05-20 00:34:00', 'hadir', NULL, NULL),
(461, 46, 147, 654, '-7.79545000', '110.36950000', '21.10', 'valid', '2026-05-20 00:10:00', 'hadir', NULL, NULL),
(462, 47, 133, 655, '-7.79554000', '110.36935000', '59.80', 'valid', '2026-05-20 00:17:00', 'hadir', NULL, NULL),
(463, 47, 134, 655, '-7.79570000', '110.36964000', '8.90', 'valid', '2026-05-20 00:20:00', 'hadir', NULL, NULL),
(464, 47, 137, 655, '-7.79579000', '110.36934000', '42.20', 'valid', '2026-05-20 00:29:00', 'hadir', NULL, NULL),
(465, 47, 145, 655, '-7.79551000', '110.36932000', '6.00', 'valid', '2026-05-20 00:05:00', 'hadir', NULL, NULL),
(466, 47, 149, 655, '-7.79576000', '110.36931000', '50.40', 'valid', '2026-05-20 00:17:00', 'hadir', NULL, NULL),
(467, 47, 153, 655, '-7.79562000', '110.36969000', '31.80', 'valid', '2026-05-20 00:29:00', 'hadir', NULL, NULL),
(468, 47, 162, 655, '-7.79550000', '110.36957000', '7.70', 'valid', '2026-05-20 00:08:00', 'hadir', NULL, NULL),
(469, 47, 164, 655, '-7.79543000', '110.36937000', '28.90', 'valid', '2026-05-20 00:14:00', 'hadir', NULL, NULL);

-- --------------------------------------------------------

--
-- Table structure for table `presensi_mapel_sesi`
--

CREATE TABLE `presensi_mapel_sesi` (
  `id` int NOT NULL,
  `jadwal_mata_pelajaran_id` int NOT NULL,
  `guru_id` int NOT NULL,
  `waktu_buka` datetime NOT NULL,
  `waktu_tutup` datetime NOT NULL,
  `status` enum('open','closed') NOT NULL DEFAULT 'open',
  `laporan_kemajuan` text
) ENGINE=InnoDB DEFAULT CHARSET=utf8mb4 COLLATE=utf8mb4_0900_ai_ci;

--
-- Dumping data for table `presensi_mapel_sesi`
--

INSERT INTO `presensi_mapel_sesi` (`id`, `jadwal_mata_pelajaran_id`, `guru_id`, `waktu_buka`, `waktu_tutup`, `status`, `laporan_kemajuan`) VALUES
(20, 180, 28, '2026-05-18 07:00:00', '2026-05-18 08:20:00', 'closed', NULL),
(21, 180, 28, '2026-05-25 07:00:00', '2026-05-25 08:20:00', 'closed', NULL),
(22, 180, 28, '2026-06-01 07:00:00', '2026-06-01 08:20:00', 'closed', NULL),
(24, 181, 25, '2026-05-18 08:20:00', '2026-05-18 09:55:00', 'closed', NULL),
(25, 181, 25, '2026-05-25 08:20:00', '2026-05-25 09:55:00', 'closed', NULL),
(26, 181, 25, '2026-06-01 08:20:00', '2026-06-01 09:55:00', 'closed', NULL),
(28, 179, 30, '2026-05-18 10:35:00', '2026-05-18 11:55:00', 'closed', NULL),
(29, 165, 30, '2026-05-21 10:35:00', '2026-05-21 11:15:00', 'closed', NULL),
(30, 179, 30, '2026-05-25 10:35:00', '2026-05-25 11:55:00', 'closed', NULL),
(31, 165, 30, '2026-05-28 10:35:00', '2026-05-28 11:15:00', 'closed', NULL),
(32, 179, 30, '2026-06-01 10:35:00', '2026-06-01 11:55:00', 'closed', NULL),
(33, 182, 40, '2026-05-18 12:25:00', '2026-05-18 13:45:00', 'closed', NULL),
(34, 178, 40, '2026-05-19 07:00:00', '2026-05-19 08:20:00', 'closed', NULL),
(35, 182, 40, '2026-05-25 12:25:00', '2026-05-25 13:45:00', 'closed', NULL),
(36, 178, 40, '2026-05-26 07:00:00', '2026-05-26 08:20:00', 'closed', NULL),
(37, 182, 40, '2026-06-01 12:25:00', '2026-06-01 13:45:00', 'closed', 'Belum dibuka'),
(38, 174, 22, '2026-05-19 12:25:00', '2026-05-19 13:45:00', 'closed', NULL),
(39, 175, 36, '2026-05-19 13:45:00', '2026-05-19 15:05:00', 'closed', NULL),
(40, 176, 76, '2026-05-19 10:35:00', '2026-05-19 11:55:00', 'closed', NULL),
(41, 177, 65, '2026-05-19 09:15:00', '2026-05-19 10:35:00', 'closed', NULL),
(42, 170, 22, '2026-05-20 09:15:00', '2026-05-20 10:35:00', 'closed', NULL),
(43, 171, 38, '2026-05-20 12:25:00', '2026-05-20 13:45:00', 'closed', NULL),
(44, 172, 15, '2026-05-20 07:00:00', '2026-05-20 09:00:00', 'closed', NULL),
(45, 173, 53, '2026-05-20 10:35:00', '2026-05-20 11:55:00', 'closed', NULL),
(46, 654, 19, '2026-05-20 07:00:00', '2026-05-20 09:00:00', 'closed', NULL),
(47, 655, 18, '2026-05-20 07:00:00', '2026-05-20 09:00:00', 'closed', NULL);

-- --------------------------------------------------------

--
-- Table structure for table `presensi_sekolah`
--

CREATE TABLE `presensi_sekolah` (
  `id` int NOT NULL,
  `presensi_sekolah_sesi_id` int DEFAULT NULL,
  `user_id` int NOT NULL,
  `latitude` double NOT NULL,
  `longitude` double NOT NULL,
  `jarak` double NOT NULL,
  `status` enum('valid','invalid') DEFAULT 'invalid',
  `waktu` datetime DEFAULT CURRENT_TIMESTAMP,
  `jenis` enum('hadir','izin','sakit','alpha') DEFAULT 'hadir',
  `alasan` text,
  `foto_bukti` varchar(255) DEFAULT NULL
) ENGINE=InnoDB DEFAULT CHARSET=utf8mb4 COLLATE=utf8mb4_0900_ai_ci;

--
-- Dumping data for table `presensi_sekolah`
--

INSERT INTO `presensi_sekolah` (`id`, `presensi_sekolah_sesi_id`, `user_id`, `latitude`, `longitude`, `jarak`, `status`, `waktu`, `jenis`, `alasan`, `foto_bukti`) VALUES
(1151, 158, 132, -7.79556, 110.36931, 24.5, 'valid', '2026-05-18 07:24:00', 'hadir', NULL, NULL),
(1152, 158, 133, -7.7958, 110.3695, 31.6, 'valid', '2026-05-18 07:29:00', 'hadir', NULL, NULL),
(1153, 158, 134, -7.79563, 110.36969, 38.7, 'valid', '2026-05-18 07:34:00', 'hadir', NULL, NULL),
(1154, 158, 135, -7.79546, 110.36947, 45.8, 'valid', '2026-05-18 07:39:00', 'hadir', NULL, NULL),
(1155, 158, 136, -7.7957, 110.36966, 52.9, 'valid', '2026-05-18 07:44:00', 'hadir', NULL, NULL),
(1156, 158, 137, -7.79553, 110.36944, 60, 'valid', '2026-05-18 07:07:00', 'hadir', NULL, NULL),
(1157, 158, 138, -7.79577, 110.36963, 9.1, 'valid', '2026-05-18 07:12:00', 'hadir', NULL, NULL),
(1158, 158, 139, -7.7956, 110.36941, 16.2, 'valid', '2026-05-18 07:17:00', 'hadir', NULL, NULL),
(1159, 158, 140, -7.79543, 110.3696, 23.3, 'valid', '2026-05-18 07:22:00', 'hadir', NULL, NULL),
(1160, 158, 141, -7.79567, 110.36938, 30.4, 'valid', '2026-05-18 07:27:00', 'hadir', NULL, NULL),
(1161, 158, 142, -7.7955, 110.36957, 36.5, 'valid', '2026-05-18 07:32:00', 'hadir', NULL, NULL),
(1162, 158, 143, -7.79574, 110.36935, 43.6, 'valid', '2026-05-18 07:37:00', 'hadir', NULL, NULL),
(1163, 158, 144, -7.79557, 110.36954, 50.7, 'valid', '2026-05-18 07:42:00', 'hadir', NULL, NULL),
(1164, 158, 145, -7.7954, 110.36932, 57.8, 'valid', '2026-05-18 07:05:00', 'hadir', NULL, NULL),
(1165, 158, 146, -7.79564, 110.36951, 6.9, 'valid', '2026-05-18 07:10:00', 'hadir', NULL, NULL),
(1166, 158, 147, -7.79547, 110.3697, 14, 'valid', '2026-05-18 07:15:00', 'hadir', NULL, NULL),
(1167, 158, 148, -7.79571, 110.36948, 21.1, 'valid', '2026-05-18 07:20:00', 'hadir', NULL, NULL),
(1168, 158, 149, -7.79554, 110.36967, 28.2, 'valid', '2026-05-18 07:25:00', 'hadir', NULL, NULL),
(1169, 158, 150, -7.79578, 110.36945, 35.3, 'valid', '2026-05-18 07:30:00', 'hadir', NULL, NULL),
(1170, 158, 151, -7.79561, 110.36964, 42.4, 'valid', '2026-05-18 07:35:00', 'hadir', NULL, NULL),
(1171, 158, 152, -7.79544, 110.36942, 48.5, 'valid', '2026-05-18 07:40:00', 'hadir', NULL, NULL),
(1172, 158, 153, -7.79568, 110.36961, 55.6, 'valid', '2026-05-18 07:45:00', 'hadir', NULL, NULL),
(1173, 158, 154, -7.79551, 110.36939, 4.7, 'valid', '2026-05-18 07:08:00', 'hadir', NULL, NULL),
(1174, 158, 155, -7.79575, 110.36958, 11.8, 'valid', '2026-05-18 07:13:00', 'hadir', NULL, NULL),
(1175, 158, 156, -7.79558, 110.36936, 18.9, 'valid', '2026-05-18 07:18:00', 'hadir', NULL, NULL),
(1176, 158, 157, -7.79541, 110.36955, 26, 'valid', '2026-05-18 07:23:00', 'hadir', NULL, NULL),
(1177, 158, 158, -7.79565, 110.36933, 33.1, 'valid', '2026-05-18 07:28:00', 'hadir', NULL, NULL),
(1178, 158, 159, -7.79548, 110.36952, 40.2, 'valid', '2026-05-18 07:33:00', 'hadir', NULL, NULL),
(1179, 158, 160, -7.79572, 110.3693, 47.3, 'valid', '2026-05-18 07:38:00', 'hadir', NULL, NULL),
(1180, 158, 161, -7.79555, 110.36949, 54.4, 'valid', '2026-05-18 07:43:00', 'hadir', NULL, NULL),
(1181, 158, 162, -7.79579, 110.36968, 60.5, 'valid', '2026-05-18 07:06:00', 'hadir', NULL, NULL),
(1182, 158, 163, -7.79562, 110.36946, 9.6, 'valid', '2026-05-18 07:11:00', 'hadir', NULL, NULL),
(1183, 158, 164, -7.79545, 110.36965, 16.7, 'valid', '2026-05-18 07:16:00', 'hadir', NULL, NULL),
(1184, 158, 165, -7.79569, 110.36943, 23.8, 'valid', '2026-05-18 07:21:00', 'hadir', NULL, NULL),
(1185, 158, 166, -7.79552, 110.36962, 30.9, 'valid', '2026-05-18 07:26:00', 'hadir', NULL, NULL),
(1186, 158, 6, 0, 0, 0, 'valid', '2026-05-18 08:41:10', 'alpha', 'Tidak hadir saat sesi ditutup', NULL),
(1187, 158, 7, 0, 0, 0, 'valid', '2026-05-18 08:41:10', 'alpha', 'Tidak hadir saat sesi ditutup', NULL),
(1188, 158, 8, 0, 0, 0, 'valid', '2026-05-18 08:41:10', 'alpha', 'Tidak hadir saat sesi ditutup', NULL),
(1189, 158, 9, 0, 0, 0, 'valid', '2026-05-18 08:41:10', 'alpha', 'Tidak hadir saat sesi ditutup', NULL),
(1190, 158, 10, 0, 0, 0, 'valid', '2026-05-18 08:41:10', 'alpha', 'Tidak hadir saat sesi ditutup', NULL),
(1191, 158, 11, 0, 0, 0, 'valid', '2026-05-18 08:41:10', 'alpha', 'Tidak hadir saat sesi ditutup', NULL),
(1192, 158, 12, 0, 0, 0, 'valid', '2026-05-18 08:41:10', 'alpha', 'Tidak hadir saat sesi ditutup', NULL),
(1193, 158, 13, 0, 0, 0, 'valid', '2026-05-18 08:41:10', 'alpha', 'Tidak hadir saat sesi ditutup', NULL),
(1194, 158, 14, 0, 0, 0, 'valid', '2026-05-18 08:41:10', 'alpha', 'Tidak hadir saat sesi ditutup', NULL),
(1195, 158, 15, 0, 0, 0, 'valid', '2026-05-18 08:41:10', 'alpha', 'Tidak hadir saat sesi ditutup', NULL),
(1196, 158, 16, 0, 0, 0, 'valid', '2026-05-18 08:41:10', 'alpha', 'Tidak hadir saat sesi ditutup', NULL),
(1197, 158, 17, 0, 0, 0, 'valid', '2026-05-18 08:41:10', 'alpha', 'Tidak hadir saat sesi ditutup', NULL),
(1198, 158, 18, 0, 0, 0, 'valid', '2026-05-18 08:41:10', 'alpha', 'Tidak hadir saat sesi ditutup', NULL),
(1199, 158, 19, 0, 0, 0, 'valid', '2026-05-18 08:41:10', 'alpha', 'Tidak hadir saat sesi ditutup', NULL),
(1200, 158, 20, 0, 0, 0, 'valid', '2026-05-18 08:41:10', 'alpha', 'Tidak hadir saat sesi ditutup', NULL),
(1201, 158, 21, 0, 0, 0, 'valid', '2026-05-18 08:41:10', 'alpha', 'Tidak hadir saat sesi ditutup', NULL),
(1202, 158, 22, 0, 0, 0, 'valid', '2026-05-18 08:41:10', 'alpha', 'Tidak hadir saat sesi ditutup', NULL),
(1203, 158, 23, 0, 0, 0, 'valid', '2026-05-18 08:41:10', 'alpha', 'Tidak hadir saat sesi ditutup', NULL),
(1204, 158, 24, 0, 0, 0, 'valid', '2026-05-18 08:41:10', 'alpha', 'Tidak hadir saat sesi ditutup', NULL),
(1205, 158, 25, 0, 0, 0, 'valid', '2026-05-18 08:41:10', 'alpha', 'Tidak hadir saat sesi ditutup', NULL),
(1206, 158, 26, 0, 0, 0, 'valid', '2026-05-18 08:41:10', 'alpha', 'Tidak hadir saat sesi ditutup', NULL),
(1207, 158, 27, 0, 0, 0, 'valid', '2026-05-18 08:41:10', 'alpha', 'Tidak hadir saat sesi ditutup', NULL),
(1208, 158, 28, 0, 0, 0, 'valid', '2026-05-18 08:41:10', 'alpha', 'Tidak hadir saat sesi ditutup', NULL),
(1209, 158, 29, 0, 0, 0, 'valid', '2026-05-18 08:41:10', 'alpha', 'Tidak hadir saat sesi ditutup', NULL),
(1210, 158, 30, 0, 0, 0, 'valid', '2026-05-18 08:41:10', 'alpha', 'Tidak hadir saat sesi ditutup', NULL),
(1211, 158, 31, 0, 0, 0, 'valid', '2026-05-18 08:41:10', 'alpha', 'Tidak hadir saat sesi ditutup', NULL),
(1212, 158, 32, 0, 0, 0, 'valid', '2026-05-18 08:41:10', 'alpha', 'Tidak hadir saat sesi ditutup', NULL),
(1213, 158, 33, 0, 0, 0, 'valid', '2026-05-18 08:41:10', 'alpha', 'Tidak hadir saat sesi ditutup', NULL),
(1214, 158, 34, 0, 0, 0, 'valid', '2026-05-18 08:41:10', 'alpha', 'Tidak hadir saat sesi ditutup', NULL),
(1215, 158, 35, 0, 0, 0, 'valid', '2026-05-18 08:41:10', 'alpha', 'Tidak hadir saat sesi ditutup', NULL),
(1216, 158, 36, 0, 0, 0, 'valid', '2026-05-18 08:41:10', 'alpha', 'Tidak hadir saat sesi ditutup', NULL),
(1217, 158, 37, 0, 0, 0, 'valid', '2026-05-18 08:41:10', 'alpha', 'Tidak hadir saat sesi ditutup', NULL),
(1218, 158, 38, 0, 0, 0, 'valid', '2026-05-18 08:41:10', 'alpha', 'Tidak hadir saat sesi ditutup', NULL),
(1219, 158, 39, 0, 0, 0, 'valid', '2026-05-18 08:41:10', 'alpha', 'Tidak hadir saat sesi ditutup', NULL),
(1220, 158, 40, 0, 0, 0, 'valid', '2026-05-18 08:41:10', 'alpha', 'Tidak hadir saat sesi ditutup', NULL),
(1221, 158, 41, 0, 0, 0, 'valid', '2026-05-18 08:41:10', 'alpha', 'Tidak hadir saat sesi ditutup', NULL),
(1222, 158, 69, 0, 0, 0, 'valid', '2026-05-18 08:41:10', 'alpha', 'Tidak hadir saat sesi ditutup', NULL),
(1223, 158, 70, 0, 0, 0, 'valid', '2026-05-18 08:41:10', 'alpha', 'Tidak hadir saat sesi ditutup', NULL),
(1224, 158, 71, 0, 0, 0, 'valid', '2026-05-18 08:41:10', 'alpha', 'Tidak hadir saat sesi ditutup', NULL),
(1225, 158, 72, 0, 0, 0, 'valid', '2026-05-18 08:41:10', 'alpha', 'Tidak hadir saat sesi ditutup', NULL),
(1226, 158, 73, 0, 0, 0, 'valid', '2026-05-18 08:41:10', 'alpha', 'Tidak hadir saat sesi ditutup', NULL),
(1227, 158, 74, 0, 0, 0, 'valid', '2026-05-18 08:41:10', 'alpha', 'Tidak hadir saat sesi ditutup', NULL),
(1228, 158, 75, 0, 0, 0, 'valid', '2026-05-18 08:41:10', 'alpha', 'Tidak hadir saat sesi ditutup', NULL),
(1229, 158, 76, 0, 0, 0, 'valid', '2026-05-18 08:41:10', 'alpha', 'Tidak hadir saat sesi ditutup', NULL),
(1230, 158, 77, 0, 0, 0, 'valid', '2026-05-18 08:41:10', 'alpha', 'Tidak hadir saat sesi ditutup', NULL),
(1231, 158, 78, 0, 0, 0, 'valid', '2026-05-18 08:41:10', 'alpha', 'Tidak hadir saat sesi ditutup', NULL),
(1232, 158, 79, 0, 0, 0, 'valid', '2026-05-18 08:41:10', 'alpha', 'Tidak hadir saat sesi ditutup', NULL),
(1233, 158, 80, 0, 0, 0, 'valid', '2026-05-18 08:41:10', 'alpha', 'Tidak hadir saat sesi ditutup', NULL),
(1234, 158, 81, 0, 0, 0, 'valid', '2026-05-18 08:41:10', 'alpha', 'Tidak hadir saat sesi ditutup', NULL),
(1235, 158, 82, 0, 0, 0, 'valid', '2026-05-18 08:41:10', 'alpha', 'Tidak hadir saat sesi ditutup', NULL),
(1236, 158, 83, 0, 0, 0, 'valid', '2026-05-18 08:41:10', 'alpha', 'Tidak hadir saat sesi ditutup', NULL),
(1237, 158, 84, 0, 0, 0, 'valid', '2026-05-18 08:41:10', 'alpha', 'Tidak hadir saat sesi ditutup', NULL),
(1238, 158, 85, 0, 0, 0, 'valid', '2026-05-18 08:41:10', 'alpha', 'Tidak hadir saat sesi ditutup', NULL),
(1239, 158, 86, 0, 0, 0, 'valid', '2026-05-18 08:41:10', 'alpha', 'Tidak hadir saat sesi ditutup', NULL),
(1240, 158, 87, 0, 0, 0, 'valid', '2026-05-18 08:41:10', 'alpha', 'Tidak hadir saat sesi ditutup', NULL),
(1241, 158, 88, 0, 0, 0, 'valid', '2026-05-18 08:41:10', 'alpha', 'Tidak hadir saat sesi ditutup', NULL),
(1242, 158, 89, 0, 0, 0, 'valid', '2026-05-18 08:41:10', 'alpha', 'Tidak hadir saat sesi ditutup', NULL),
(1243, 158, 90, 0, 0, 0, 'valid', '2026-05-18 08:41:10', 'alpha', 'Tidak hadir saat sesi ditutup', NULL),
(1244, 158, 91, 0, 0, 0, 'valid', '2026-05-18 08:41:10', 'alpha', 'Tidak hadir saat sesi ditutup', NULL),
(1245, 158, 92, 0, 0, 0, 'valid', '2026-05-18 08:41:10', 'alpha', 'Tidak hadir saat sesi ditutup', NULL),
(1246, 158, 93, 0, 0, 0, 'valid', '2026-05-18 08:41:10', 'alpha', 'Tidak hadir saat sesi ditutup', NULL),
(1247, 158, 94, 0, 0, 0, 'valid', '2026-05-18 08:41:10', 'alpha', 'Tidak hadir saat sesi ditutup', NULL),
(1248, 158, 95, 0, 0, 0, 'valid', '2026-05-18 08:41:10', 'alpha', 'Tidak hadir saat sesi ditutup', NULL),
(1249, 158, 96, 0, 0, 0, 'valid', '2026-05-18 08:41:10', 'alpha', 'Tidak hadir saat sesi ditutup', NULL),
(1250, 158, 97, 0, 0, 0, 'valid', '2026-05-18 08:41:10', 'alpha', 'Tidak hadir saat sesi ditutup', NULL),
(1251, 158, 98, 0, 0, 0, 'valid', '2026-05-18 08:41:10', 'alpha', 'Tidak hadir saat sesi ditutup', NULL),
(1252, 158, 99, 0, 0, 0, 'valid', '2026-05-18 08:41:10', 'alpha', 'Tidak hadir saat sesi ditutup', NULL),
(1253, 158, 100, 0, 0, 0, 'valid', '2026-05-18 08:41:10', 'alpha', 'Tidak hadir saat sesi ditutup', NULL),
(1254, 158, 101, 0, 0, 0, 'valid', '2026-05-18 08:41:10', 'alpha', 'Tidak hadir saat sesi ditutup', NULL),
(1255, 158, 102, 0, 0, 0, 'valid', '2026-05-18 08:41:10', 'alpha', 'Tidak hadir saat sesi ditutup', NULL),
(1256, 158, 103, 0, 0, 0, 'valid', '2026-05-18 08:41:10', 'alpha', 'Tidak hadir saat sesi ditutup', NULL),
(1257, 158, 167, 0, 0, 0, 'invalid', '2026-05-18 08:00:00', 'alpha', NULL, NULL),
(1258, 158, 195, 0, 0, 0, 'valid', '2026-05-18 08:41:10', 'alpha', 'Tidak hadir saat sesi ditutup', NULL),
(1259, 158, 196, 0, 0, 0, 'valid', '2026-05-18 08:41:10', 'alpha', 'Tidak hadir saat sesi ditutup', NULL),
(1260, 158, 197, 0, 0, 0, 'valid', '2026-05-18 08:41:10', 'alpha', 'Tidak hadir saat sesi ditutup', NULL),
(1261, 158, 198, 0, 0, 0, 'valid', '2026-05-18 08:41:10', 'alpha', 'Tidak hadir saat sesi ditutup', NULL),
(1262, 158, 199, 0, 0, 0, 'valid', '2026-05-18 08:41:10', 'alpha', 'Tidak hadir saat sesi ditutup', NULL),
(1263, 158, 200, 0, 0, 0, 'valid', '2026-05-18 08:41:10', 'alpha', 'Tidak hadir saat sesi ditutup', NULL),
(1264, 158, 201, 0, 0, 0, 'valid', '2026-05-18 08:41:10', 'alpha', 'Tidak hadir saat sesi ditutup', NULL),
(1265, 158, 202, 0, 0, 0, 'valid', '2026-05-18 08:41:10', 'alpha', 'Tidak hadir saat sesi ditutup', NULL),
(1266, 158, 203, 0, 0, 0, 'valid', '2026-05-18 08:41:10', 'alpha', 'Tidak hadir saat sesi ditutup', NULL),
(1267, 158, 204, 0, 0, 0, 'valid', '2026-05-18 08:41:10', 'alpha', 'Tidak hadir saat sesi ditutup', NULL),
(1268, 158, 205, 0, 0, 0, 'valid', '2026-05-18 08:41:10', 'alpha', 'Tidak hadir saat sesi ditutup', NULL),
(1269, 158, 206, 0, 0, 0, 'valid', '2026-05-18 08:41:10', 'alpha', 'Tidak hadir saat sesi ditutup', NULL),
(1270, 158, 207, 0, 0, 0, 'valid', '2026-05-18 08:41:10', 'alpha', 'Tidak hadir saat sesi ditutup', NULL),
(1271, 158, 208, 0, 0, 0, 'valid', '2026-05-18 08:41:10', 'alpha', 'Tidak hadir saat sesi ditutup', NULL),
(1272, 158, 209, 0, 0, 0, 'valid', '2026-05-18 08:41:10', 'alpha', 'Tidak hadir saat sesi ditutup', NULL),
(1273, 158, 210, 0, 0, 0, 'valid', '2026-05-18 08:41:10', 'alpha', 'Tidak hadir saat sesi ditutup', NULL),
(1274, 158, 211, 0, 0, 0, 'valid', '2026-05-18 08:41:10', 'alpha', 'Tidak hadir saat sesi ditutup', NULL),
(1275, 158, 212, 0, 0, 0, 'valid', '2026-05-18 08:41:10', 'alpha', 'Tidak hadir saat sesi ditutup', NULL),
(1276, 158, 213, 0, 0, 0, 'valid', '2026-05-18 08:41:10', 'alpha', 'Tidak hadir saat sesi ditutup', NULL),
(1277, 158, 214, 0, 0, 0, 'valid', '2026-05-18 08:41:10', 'alpha', 'Tidak hadir saat sesi ditutup', NULL),
(1278, 158, 215, 0, 0, 0, 'valid', '2026-05-18 08:41:10', 'alpha', 'Tidak hadir saat sesi ditutup', NULL),
(1279, 158, 216, 0, 0, 0, 'valid', '2026-05-18 08:41:10', 'alpha', 'Tidak hadir saat sesi ditutup', NULL),
(1280, 158, 217, 0, 0, 0, 'valid', '2026-05-18 08:41:10', 'alpha', 'Tidak hadir saat sesi ditutup', NULL),
(1281, 158, 218, 0, 0, 0, 'valid', '2026-05-18 08:41:10', 'alpha', 'Tidak hadir saat sesi ditutup', NULL),
(1282, 158, 219, 0, 0, 0, 'valid', '2026-05-18 08:41:10', 'alpha', 'Tidak hadir saat sesi ditutup', NULL),
(1283, 158, 220, 0, 0, 0, 'valid', '2026-05-18 08:41:10', 'alpha', 'Tidak hadir saat sesi ditutup', NULL),
(1284, 158, 221, 0, 0, 0, 'valid', '2026-05-18 08:41:10', 'alpha', 'Tidak hadir saat sesi ditutup', NULL),
(1285, 158, 222, 0, 0, 0, 'valid', '2026-05-18 08:41:10', 'alpha', 'Tidak hadir saat sesi ditutup', NULL),
(1286, 158, 223, 0, 0, 0, 'valid', '2026-05-18 08:41:10', 'alpha', 'Tidak hadir saat sesi ditutup', NULL),
(1287, 158, 224, 0, 0, 0, 'valid', '2026-05-18 08:41:10', 'alpha', 'Tidak hadir saat sesi ditutup', NULL),
(1288, 158, 225, 0, 0, 0, 'valid', '2026-05-18 08:41:10', 'alpha', 'Tidak hadir saat sesi ditutup', NULL),
(1289, 158, 226, 0, 0, 0, 'valid', '2026-05-18 08:41:10', 'alpha', 'Tidak hadir saat sesi ditutup', NULL),
(1290, 158, 227, 0, 0, 0, 'valid', '2026-05-18 08:41:10', 'alpha', 'Tidak hadir saat sesi ditutup', NULL),
(1291, 158, 228, 0, 0, 0, 'valid', '2026-05-18 08:41:10', 'alpha', 'Tidak hadir saat sesi ditutup', NULL),
(1292, 158, 229, 0, 0, 0, 'valid', '2026-05-18 08:41:10', 'alpha', 'Tidak hadir saat sesi ditutup', NULL),
(1293, 158, 230, 0, 0, 0, 'valid', '2026-05-18 08:41:10', 'alpha', 'Tidak hadir saat sesi ditutup', NULL),
(1294, 158, 258, 0, 0, 0, 'valid', '2026-05-18 08:41:11', 'alpha', 'Tidak hadir saat sesi ditutup', NULL),
(1295, 158, 259, 0, 0, 0, 'valid', '2026-05-18 08:41:11', 'alpha', 'Tidak hadir saat sesi ditutup', NULL),
(1296, 158, 260, 0, 0, 0, 'valid', '2026-05-18 08:41:11', 'alpha', 'Tidak hadir saat sesi ditutup', NULL),
(1297, 158, 261, 0, 0, 0, 'valid', '2026-05-18 08:41:11', 'alpha', 'Tidak hadir saat sesi ditutup', NULL),
(1298, 158, 262, 0, 0, 0, 'valid', '2026-05-18 08:41:11', 'alpha', 'Tidak hadir saat sesi ditutup', NULL),
(1299, 158, 263, 0, 0, 0, 'valid', '2026-05-18 08:41:11', 'alpha', 'Tidak hadir saat sesi ditutup', NULL),
(1300, 158, 264, 0, 0, 0, 'valid', '2026-05-18 08:41:11', 'alpha', 'Tidak hadir saat sesi ditutup', NULL),
(1301, 158, 265, 0, 0, 0, 'valid', '2026-05-18 08:41:11', 'alpha', 'Tidak hadir saat sesi ditutup', NULL),
(1302, 158, 266, 0, 0, 0, 'valid', '2026-05-18 08:41:11', 'alpha', 'Tidak hadir saat sesi ditutup', NULL),
(1303, 158, 267, 0, 0, 0, 'valid', '2026-05-18 08:41:11', 'alpha', 'Tidak hadir saat sesi ditutup', NULL),
(1304, 158, 268, 0, 0, 0, 'valid', '2026-05-18 08:41:11', 'alpha', 'Tidak hadir saat sesi ditutup', NULL),
(1305, 158, 269, 0, 0, 0, 'valid', '2026-05-18 08:41:11', 'alpha', 'Tidak hadir saat sesi ditutup', NULL),
(1306, 158, 270, 0, 0, 0, 'valid', '2026-05-18 08:41:11', 'alpha', 'Tidak hadir saat sesi ditutup', NULL),
(1307, 158, 271, 0, 0, 0, 'valid', '2026-05-18 08:41:11', 'alpha', 'Tidak hadir saat sesi ditutup', NULL),
(1308, 158, 272, 0, 0, 0, 'valid', '2026-05-18 08:41:11', 'alpha', 'Tidak hadir saat sesi ditutup', NULL),
(1309, 158, 273, 0, 0, 0, 'valid', '2026-05-18 08:41:11', 'alpha', 'Tidak hadir saat sesi ditutup', NULL),
(1310, 158, 274, 0, 0, 0, 'valid', '2026-05-18 08:41:11', 'alpha', 'Tidak hadir saat sesi ditutup', NULL),
(1311, 158, 275, 0, 0, 0, 'valid', '2026-05-18 08:41:11', 'alpha', 'Tidak hadir saat sesi ditutup', NULL),
(1312, 158, 276, 0, 0, 0, 'valid', '2026-05-18 08:41:11', 'alpha', 'Tidak hadir saat sesi ditutup', NULL),
(1313, 158, 277, 0, 0, 0, 'valid', '2026-05-18 08:41:11', 'alpha', 'Tidak hadir saat sesi ditutup', NULL),
(1314, 158, 278, 0, 0, 0, 'valid', '2026-05-18 08:41:11', 'alpha', 'Tidak hadir saat sesi ditutup', NULL),
(1315, 158, 279, 0, 0, 0, 'valid', '2026-05-18 08:41:11', 'alpha', 'Tidak hadir saat sesi ditutup', NULL),
(1316, 158, 280, 0, 0, 0, 'valid', '2026-05-18 08:41:11', 'alpha', 'Tidak hadir saat sesi ditutup', NULL),
(1317, 158, 281, 0, 0, 0, 'valid', '2026-05-18 08:41:11', 'alpha', 'Tidak hadir saat sesi ditutup', NULL),
(1318, 158, 282, 0, 0, 0, 'valid', '2026-05-18 08:41:11', 'alpha', 'Tidak hadir saat sesi ditutup', NULL),
(1319, 158, 283, 0, 0, 0, 'valid', '2026-05-18 08:41:11', 'alpha', 'Tidak hadir saat sesi ditutup', NULL),
(1320, 158, 284, 0, 0, 0, 'valid', '2026-05-18 08:41:11', 'alpha', 'Tidak hadir saat sesi ditutup', NULL),
(1321, 158, 285, 0, 0, 0, 'valid', '2026-05-18 08:41:11', 'alpha', 'Tidak hadir saat sesi ditutup', NULL),
(1322, 158, 286, 0, 0, 0, 'valid', '2026-05-18 08:41:11', 'alpha', 'Tidak hadir saat sesi ditutup', NULL),
(1323, 158, 287, 0, 0, 0, 'valid', '2026-05-18 08:41:11', 'alpha', 'Tidak hadir saat sesi ditutup', NULL),
(1324, 158, 288, 0, 0, 0, 'valid', '2026-05-18 08:41:11', 'alpha', 'Tidak hadir saat sesi ditutup', NULL),
(1325, 158, 289, 0, 0, 0, 'valid', '2026-05-18 08:41:11', 'alpha', 'Tidak hadir saat sesi ditutup', NULL),
(1326, 159, 6, 0, 0, 0, 'valid', '2026-05-19 09:28:22', 'alpha', 'Tidak hadir saat sesi ditutup', NULL),
(1327, 159, 7, 0, 0, 0, 'valid', '2026-05-19 09:28:22', 'alpha', 'Tidak hadir saat sesi ditutup', NULL),
(1328, 159, 8, 0, 0, 0, 'valid', '2026-05-19 09:28:22', 'alpha', 'Tidak hadir saat sesi ditutup', NULL),
(1329, 159, 9, 0, 0, 0, 'valid', '2026-05-19 09:28:22', 'alpha', 'Tidak hadir saat sesi ditutup', NULL),
(1330, 159, 10, 0, 0, 0, 'valid', '2026-05-19 09:28:22', 'alpha', 'Tidak hadir saat sesi ditutup', NULL),
(1331, 159, 11, 0, 0, 0, 'valid', '2026-05-19 09:28:22', 'alpha', 'Tidak hadir saat sesi ditutup', NULL),
(1332, 159, 12, 0, 0, 0, 'valid', '2026-05-19 09:28:22', 'alpha', 'Tidak hadir saat sesi ditutup', NULL),
(1333, 159, 13, 0, 0, 0, 'valid', '2026-05-19 09:28:22', 'alpha', 'Tidak hadir saat sesi ditutup', NULL),
(1334, 159, 14, 0, 0, 0, 'valid', '2026-05-19 09:28:22', 'alpha', 'Tidak hadir saat sesi ditutup', NULL),
(1335, 159, 15, 0, 0, 0, 'valid', '2026-05-19 09:28:22', 'alpha', 'Tidak hadir saat sesi ditutup', NULL),
(1336, 159, 16, 0, 0, 0, 'valid', '2026-05-19 09:28:22', 'alpha', 'Tidak hadir saat sesi ditutup', NULL),
(1337, 159, 17, 0, 0, 0, 'valid', '2026-05-19 09:28:22', 'alpha', 'Tidak hadir saat sesi ditutup', NULL),
(1338, 159, 18, 0, 0, 0, 'valid', '2026-05-19 09:28:22', 'alpha', 'Tidak hadir saat sesi ditutup', NULL),
(1339, 159, 19, 0, 0, 0, 'valid', '2026-05-19 09:28:22', 'alpha', 'Tidak hadir saat sesi ditutup', NULL),
(1340, 159, 20, 0, 0, 0, 'valid', '2026-05-19 09:28:22', 'alpha', 'Tidak hadir saat sesi ditutup', NULL),
(1341, 159, 21, 0, 0, 0, 'valid', '2026-05-19 09:28:22', 'alpha', 'Tidak hadir saat sesi ditutup', NULL),
(1342, 159, 22, 0, 0, 0, 'valid', '2026-05-19 09:28:22', 'alpha', 'Tidak hadir saat sesi ditutup', NULL),
(1343, 159, 23, 0, 0, 0, 'valid', '2026-05-19 09:28:22', 'alpha', 'Tidak hadir saat sesi ditutup', NULL),
(1344, 159, 24, 0, 0, 0, 'valid', '2026-05-19 09:28:22', 'alpha', 'Tidak hadir saat sesi ditutup', NULL),
(1345, 159, 25, 0, 0, 0, 'valid', '2026-05-19 09:28:22', 'alpha', 'Tidak hadir saat sesi ditutup', NULL),
(1346, 159, 26, 0, 0, 0, 'valid', '2026-05-19 09:28:22', 'alpha', 'Tidak hadir saat sesi ditutup', NULL),
(1347, 159, 27, 0, 0, 0, 'valid', '2026-05-19 09:28:22', 'alpha', 'Tidak hadir saat sesi ditutup', NULL),
(1348, 159, 28, 0, 0, 0, 'valid', '2026-05-19 09:28:22', 'alpha', 'Tidak hadir saat sesi ditutup', NULL),
(1349, 159, 29, 0, 0, 0, 'valid', '2026-05-19 09:28:22', 'alpha', 'Tidak hadir saat sesi ditutup', NULL),
(1350, 159, 30, 0, 0, 0, 'valid', '2026-05-19 09:28:22', 'alpha', 'Tidak hadir saat sesi ditutup', NULL),
(1351, 159, 31, 0, 0, 0, 'valid', '2026-05-19 09:28:22', 'alpha', 'Tidak hadir saat sesi ditutup', NULL),
(1352, 159, 32, 0, 0, 0, 'valid', '2026-05-19 09:28:22', 'alpha', 'Tidak hadir saat sesi ditutup', NULL),
(1353, 159, 33, 0, 0, 0, 'valid', '2026-05-19 09:28:22', 'alpha', 'Tidak hadir saat sesi ditutup', NULL),
(1354, 159, 34, 0, 0, 0, 'valid', '2026-05-19 09:28:22', 'alpha', 'Tidak hadir saat sesi ditutup', NULL),
(1355, 159, 35, 0, 0, 0, 'valid', '2026-05-19 09:28:22', 'alpha', 'Tidak hadir saat sesi ditutup', NULL),
(1356, 159, 36, 0, 0, 0, 'valid', '2026-05-19 09:28:22', 'alpha', 'Tidak hadir saat sesi ditutup', NULL),
(1357, 159, 37, 0, 0, 0, 'valid', '2026-05-19 09:28:22', 'alpha', 'Tidak hadir saat sesi ditutup', NULL),
(1358, 159, 38, 0, 0, 0, 'valid', '2026-05-19 09:28:22', 'alpha', 'Tidak hadir saat sesi ditutup', NULL),
(1359, 159, 39, 0, 0, 0, 'valid', '2026-05-19 09:28:22', 'alpha', 'Tidak hadir saat sesi ditutup', NULL),
(1360, 159, 40, 0, 0, 0, 'valid', '2026-05-19 09:28:22', 'alpha', 'Tidak hadir saat sesi ditutup', NULL),
(1361, 159, 41, 0, 0, 0, 'valid', '2026-05-19 09:28:22', 'alpha', 'Tidak hadir saat sesi ditutup', NULL),
(1362, 159, 69, 0, 0, 0, 'valid', '2026-05-19 09:28:22', 'alpha', 'Tidak hadir saat sesi ditutup', NULL),
(1363, 159, 70, 0, 0, 0, 'valid', '2026-05-19 09:28:22', 'alpha', 'Tidak hadir saat sesi ditutup', NULL),
(1364, 159, 71, 0, 0, 0, 'valid', '2026-05-19 09:28:22', 'alpha', 'Tidak hadir saat sesi ditutup', NULL),
(1365, 159, 72, 0, 0, 0, 'valid', '2026-05-19 09:28:22', 'alpha', 'Tidak hadir saat sesi ditutup', NULL),
(1366, 159, 73, 0, 0, 0, 'valid', '2026-05-19 09:28:22', 'alpha', 'Tidak hadir saat sesi ditutup', NULL),
(1367, 159, 74, 0, 0, 0, 'valid', '2026-05-19 09:28:22', 'alpha', 'Tidak hadir saat sesi ditutup', NULL),
(1368, 159, 75, 0, 0, 0, 'valid', '2026-05-19 09:28:22', 'alpha', 'Tidak hadir saat sesi ditutup', NULL),
(1369, 159, 76, 0, 0, 0, 'valid', '2026-05-19 09:28:22', 'alpha', 'Tidak hadir saat sesi ditutup', NULL),
(1370, 159, 77, 0, 0, 0, 'valid', '2026-05-19 09:28:22', 'alpha', 'Tidak hadir saat sesi ditutup', NULL),
(1371, 159, 78, 0, 0, 0, 'valid', '2026-05-19 09:28:22', 'alpha', 'Tidak hadir saat sesi ditutup', NULL),
(1372, 159, 79, 0, 0, 0, 'valid', '2026-05-19 09:28:22', 'alpha', 'Tidak hadir saat sesi ditutup', NULL),
(1373, 159, 80, 0, 0, 0, 'valid', '2026-05-19 09:28:22', 'alpha', 'Tidak hadir saat sesi ditutup', NULL),
(1374, 159, 81, 0, 0, 0, 'valid', '2026-05-19 09:28:22', 'alpha', 'Tidak hadir saat sesi ditutup', NULL),
(1375, 159, 82, 0, 0, 0, 'valid', '2026-05-19 09:28:22', 'alpha', 'Tidak hadir saat sesi ditutup', NULL),
(1376, 159, 83, 0, 0, 0, 'valid', '2026-05-19 09:28:22', 'alpha', 'Tidak hadir saat sesi ditutup', NULL),
(1377, 159, 84, 0, 0, 0, 'valid', '2026-05-19 09:28:22', 'alpha', 'Tidak hadir saat sesi ditutup', NULL),
(1378, 159, 85, 0, 0, 0, 'valid', '2026-05-19 09:28:22', 'alpha', 'Tidak hadir saat sesi ditutup', NULL),
(1379, 159, 86, 0, 0, 0, 'valid', '2026-05-19 09:28:22', 'alpha', 'Tidak hadir saat sesi ditutup', NULL),
(1380, 159, 87, 0, 0, 0, 'valid', '2026-05-19 09:28:22', 'alpha', 'Tidak hadir saat sesi ditutup', NULL),
(1381, 159, 88, 0, 0, 0, 'valid', '2026-05-19 09:28:22', 'alpha', 'Tidak hadir saat sesi ditutup', NULL),
(1382, 159, 89, 0, 0, 0, 'valid', '2026-05-19 09:28:22', 'alpha', 'Tidak hadir saat sesi ditutup', NULL),
(1383, 159, 90, 0, 0, 0, 'valid', '2026-05-19 09:28:22', 'alpha', 'Tidak hadir saat sesi ditutup', NULL),
(1384, 159, 91, 0, 0, 0, 'valid', '2026-05-19 09:28:22', 'alpha', 'Tidak hadir saat sesi ditutup', NULL),
(1385, 159, 92, 0, 0, 0, 'valid', '2026-05-19 09:28:22', 'alpha', 'Tidak hadir saat sesi ditutup', NULL),
(1386, 159, 93, 0, 0, 0, 'valid', '2026-05-19 09:28:22', 'alpha', 'Tidak hadir saat sesi ditutup', NULL),
(1387, 159, 94, 0, 0, 0, 'valid', '2026-05-19 09:28:22', 'alpha', 'Tidak hadir saat sesi ditutup', NULL),
(1388, 159, 95, 0, 0, 0, 'valid', '2026-05-19 09:28:22', 'alpha', 'Tidak hadir saat sesi ditutup', NULL),
(1389, 159, 96, 0, 0, 0, 'valid', '2026-05-19 09:28:22', 'alpha', 'Tidak hadir saat sesi ditutup', NULL),
(1390, 159, 97, 0, 0, 0, 'valid', '2026-05-19 09:28:22', 'alpha', 'Tidak hadir saat sesi ditutup', NULL),
(1391, 159, 98, 0, 0, 0, 'valid', '2026-05-19 09:28:22', 'alpha', 'Tidak hadir saat sesi ditutup', NULL),
(1392, 159, 99, 0, 0, 0, 'valid', '2026-05-19 09:28:22', 'alpha', 'Tidak hadir saat sesi ditutup', NULL),
(1393, 159, 100, 0, 0, 0, 'valid', '2026-05-19 09:28:22', 'alpha', 'Tidak hadir saat sesi ditutup', NULL),
(1394, 159, 101, 0, 0, 0, 'valid', '2026-05-19 09:28:22', 'alpha', 'Tidak hadir saat sesi ditutup', NULL),
(1395, 159, 102, 0, 0, 0, 'valid', '2026-05-19 09:28:22', 'alpha', 'Tidak hadir saat sesi ditutup', NULL),
(1396, 159, 103, 0, 0, 0, 'valid', '2026-05-19 09:28:22', 'alpha', 'Tidak hadir saat sesi ditutup', NULL),
(1397, 159, 132, -7.79555, 110.36932, 37.6, 'valid', '2026-05-19 07:25:00', 'hadir', NULL, NULL),
(1398, 159, 133, -7.79579, 110.36951, 44.7, 'valid', '2026-05-19 07:30:00', 'hadir', NULL, NULL),
(1399, 159, 134, -7.79562, 110.3697, 51.8, 'valid', '2026-05-19 07:35:00', 'hadir', NULL, NULL),
(1400, 159, 135, -7.79545, 110.36948, 58.9, 'valid', '2026-05-19 07:40:00', 'hadir', NULL, NULL),
(1401, 159, 136, -7.79569, 110.36967, 8, 'valid', '2026-05-19 07:45:00', 'hadir', NULL, NULL),
(1402, 159, 137, -7.79552, 110.36945, 15.1, 'valid', '2026-05-19 07:08:00', 'hadir', NULL, NULL),
(1403, 159, 138, -7.79576, 110.36964, 22.2, 'valid', '2026-05-19 07:13:00', 'hadir', NULL, NULL),
(1404, 159, 139, -7.79559, 110.36942, 29.3, 'valid', '2026-05-19 07:18:00', 'hadir', NULL, NULL),
(1405, 159, 140, -7.79542, 110.36961, 36.4, 'valid', '2026-05-19 07:23:00', 'hadir', NULL, NULL),
(1406, 159, 141, -7.79566, 110.36939, 42.5, 'valid', '2026-05-19 07:28:00', 'hadir', NULL, NULL),
(1407, 159, 142, -7.79549, 110.36958, 49.6, 'valid', '2026-05-19 07:33:00', 'hadir', NULL, NULL),
(1408, 159, 143, -7.79573, 110.36936, 56.7, 'valid', '2026-05-19 07:38:00', 'hadir', NULL, NULL),
(1409, 159, 144, -7.79556, 110.36955, 5.8, 'valid', '2026-05-19 07:43:00', 'hadir', NULL, NULL),
(1410, 159, 145, -7.7958, 110.36933, 12.9, 'valid', '2026-05-19 07:06:00', 'hadir', NULL, NULL),
(1411, 159, 146, -7.79563, 110.36952, 20, 'valid', '2026-05-19 07:11:00', 'hadir', NULL, NULL),
(1412, 159, 147, -7.79546, 110.3693, 27.1, 'valid', '2026-05-19 07:16:00', 'hadir', NULL, NULL),
(1413, 159, 148, -7.7957, 110.36949, 34.2, 'valid', '2026-05-19 07:21:00', 'hadir', NULL, NULL),
(1414, 159, 149, -7.79553, 110.36968, 41.3, 'valid', '2026-05-19 07:26:00', 'hadir', NULL, NULL),
(1415, 159, 150, -7.79577, 110.36946, 48.4, 'valid', '2026-05-19 07:31:00', 'hadir', NULL, NULL),
(1416, 159, 151, -7.7956, 110.36965, 54.5, 'valid', '2026-05-19 07:36:00', 'hadir', NULL, NULL),
(1417, 159, 152, -7.79543, 110.36943, 61.6, 'valid', '2026-05-19 07:41:00', 'hadir', NULL, NULL),
(1418, 159, 153, -7.79567, 110.36962, 10.7, 'valid', '2026-05-19 07:04:00', 'hadir', NULL, NULL),
(1419, 159, 154, -7.7955, 110.3694, 17.8, 'valid', '2026-05-19 07:09:00', 'hadir', NULL, NULL),
(1420, 159, 155, -7.79574, 110.36959, 24.9, 'valid', '2026-05-19 07:14:00', 'hadir', NULL, NULL),
(1421, 159, 156, -7.79557, 110.36937, 32, 'valid', '2026-05-19 07:19:00', 'hadir', NULL, NULL),
(1422, 159, 157, -7.7954, 110.36956, 39.1, 'valid', '2026-05-19 07:24:00', 'hadir', NULL, NULL),
(1423, 159, 158, -7.79564, 110.36934, 46.2, 'valid', '2026-05-19 07:29:00', 'hadir', NULL, NULL),
(1424, 159, 159, -7.79547, 110.36953, 53.3, 'valid', '2026-05-19 07:34:00', 'hadir', NULL, NULL),
(1425, 159, 160, -7.79571, 110.36931, 60.4, 'valid', '2026-05-19 07:39:00', 'hadir', NULL, NULL),
(1426, 159, 161, -7.79554, 110.3695, 8.5, 'valid', '2026-05-19 07:44:00', 'hadir', NULL, NULL),
(1427, 159, 162, -7.79578, 110.36969, 15.6, 'valid', '2026-05-19 07:07:00', 'hadir', NULL, NULL),
(1428, 159, 163, -7.79561, 110.36947, 22.7, 'valid', '2026-05-19 07:12:00', 'hadir', NULL, NULL),
(1429, 159, 164, -7.79544, 110.36966, 29.8, 'valid', '2026-05-19 07:17:00', 'hadir', NULL, NULL),
(1430, 159, 165, -7.79568, 110.36944, 36.9, 'valid', '2026-05-19 07:22:00', 'hadir', NULL, NULL),
(1431, 159, 166, -7.79551, 110.36963, 44, 'valid', '2026-05-19 07:27:00', 'hadir', NULL, NULL),
(1432, 159, 167, 0, 0, 0, 'invalid', '2026-05-19 08:00:00', 'alpha', NULL, NULL),
(1433, 159, 195, 0, 0, 0, 'valid', '2026-05-19 09:28:22', 'alpha', 'Tidak hadir saat sesi ditutup', NULL),
(1434, 159, 196, 0, 0, 0, 'valid', '2026-05-19 09:28:22', 'alpha', 'Tidak hadir saat sesi ditutup', NULL),
(1435, 159, 197, 0, 0, 0, 'valid', '2026-05-19 09:28:22', 'alpha', 'Tidak hadir saat sesi ditutup', NULL),
(1436, 159, 198, 0, 0, 0, 'valid', '2026-05-19 09:28:22', 'alpha', 'Tidak hadir saat sesi ditutup', NULL),
(1437, 159, 199, 0, 0, 0, 'valid', '2026-05-19 09:28:22', 'alpha', 'Tidak hadir saat sesi ditutup', NULL),
(1438, 159, 200, 0, 0, 0, 'valid', '2026-05-19 09:28:22', 'alpha', 'Tidak hadir saat sesi ditutup', NULL),
(1439, 159, 201, 0, 0, 0, 'valid', '2026-05-19 09:28:22', 'alpha', 'Tidak hadir saat sesi ditutup', NULL),
(1440, 159, 202, 0, 0, 0, 'valid', '2026-05-19 09:28:22', 'alpha', 'Tidak hadir saat sesi ditutup', NULL),
(1441, 159, 203, 0, 0, 0, 'valid', '2026-05-19 09:28:23', 'alpha', 'Tidak hadir saat sesi ditutup', NULL),
(1442, 159, 204, 0, 0, 0, 'valid', '2026-05-19 09:28:23', 'alpha', 'Tidak hadir saat sesi ditutup', NULL),
(1443, 159, 205, 0, 0, 0, 'valid', '2026-05-19 09:28:23', 'alpha', 'Tidak hadir saat sesi ditutup', NULL),
(1444, 159, 206, 0, 0, 0, 'valid', '2026-05-19 09:28:23', 'alpha', 'Tidak hadir saat sesi ditutup', NULL),
(1445, 159, 207, 0, 0, 0, 'valid', '2026-05-19 09:28:23', 'alpha', 'Tidak hadir saat sesi ditutup', NULL),
(1446, 159, 208, 0, 0, 0, 'valid', '2026-05-19 09:28:23', 'alpha', 'Tidak hadir saat sesi ditutup', NULL),
(1447, 159, 209, 0, 0, 0, 'valid', '2026-05-19 09:28:23', 'alpha', 'Tidak hadir saat sesi ditutup', NULL),
(1448, 159, 210, 0, 0, 0, 'valid', '2026-05-19 09:28:23', 'alpha', 'Tidak hadir saat sesi ditutup', NULL),
(1449, 159, 211, 0, 0, 0, 'valid', '2026-05-19 09:28:23', 'alpha', 'Tidak hadir saat sesi ditutup', NULL),
(1450, 159, 212, 0, 0, 0, 'valid', '2026-05-19 09:28:23', 'alpha', 'Tidak hadir saat sesi ditutup', NULL),
(1451, 159, 213, 0, 0, 0, 'valid', '2026-05-19 09:28:23', 'alpha', 'Tidak hadir saat sesi ditutup', NULL),
(1452, 159, 214, 0, 0, 0, 'valid', '2026-05-19 09:28:23', 'alpha', 'Tidak hadir saat sesi ditutup', NULL),
(1453, 159, 215, 0, 0, 0, 'valid', '2026-05-19 09:28:23', 'alpha', 'Tidak hadir saat sesi ditutup', NULL),
(1454, 159, 216, 0, 0, 0, 'valid', '2026-05-19 09:28:23', 'alpha', 'Tidak hadir saat sesi ditutup', NULL),
(1455, 159, 217, 0, 0, 0, 'valid', '2026-05-19 09:28:23', 'alpha', 'Tidak hadir saat sesi ditutup', NULL),
(1456, 159, 218, 0, 0, 0, 'valid', '2026-05-19 09:28:23', 'alpha', 'Tidak hadir saat sesi ditutup', NULL),
(1457, 159, 219, 0, 0, 0, 'valid', '2026-05-19 09:28:23', 'alpha', 'Tidak hadir saat sesi ditutup', NULL),
(1458, 159, 220, 0, 0, 0, 'valid', '2026-05-19 09:28:23', 'alpha', 'Tidak hadir saat sesi ditutup', NULL),
(1459, 159, 221, 0, 0, 0, 'valid', '2026-05-19 09:28:23', 'alpha', 'Tidak hadir saat sesi ditutup', NULL),
(1460, 159, 222, 0, 0, 0, 'valid', '2026-05-19 09:28:23', 'alpha', 'Tidak hadir saat sesi ditutup', NULL),
(1461, 159, 223, 0, 0, 0, 'valid', '2026-05-19 09:28:23', 'alpha', 'Tidak hadir saat sesi ditutup', NULL),
(1462, 159, 224, 0, 0, 0, 'valid', '2026-05-19 09:28:23', 'alpha', 'Tidak hadir saat sesi ditutup', NULL),
(1463, 159, 225, 0, 0, 0, 'valid', '2026-05-19 09:28:23', 'alpha', 'Tidak hadir saat sesi ditutup', NULL),
(1464, 159, 226, 0, 0, 0, 'valid', '2026-05-19 09:28:23', 'alpha', 'Tidak hadir saat sesi ditutup', NULL),
(1465, 159, 227, 0, 0, 0, 'valid', '2026-05-19 09:28:23', 'alpha', 'Tidak hadir saat sesi ditutup', NULL),
(1466, 159, 228, 0, 0, 0, 'valid', '2026-05-19 09:28:23', 'alpha', 'Tidak hadir saat sesi ditutup', NULL),
(1467, 159, 229, 0, 0, 0, 'valid', '2026-05-19 09:28:23', 'alpha', 'Tidak hadir saat sesi ditutup', NULL),
(1468, 159, 230, 0, 0, 0, 'valid', '2026-05-19 09:28:23', 'alpha', 'Tidak hadir saat sesi ditutup', NULL),
(1469, 159, 258, 0, 0, 0, 'valid', '2026-05-19 09:28:23', 'alpha', 'Tidak hadir saat sesi ditutup', NULL),
(1470, 159, 259, 0, 0, 0, 'valid', '2026-05-19 09:28:23', 'alpha', 'Tidak hadir saat sesi ditutup', NULL),
(1471, 159, 260, 0, 0, 0, 'valid', '2026-05-19 09:28:23', 'alpha', 'Tidak hadir saat sesi ditutup', NULL),
(1472, 159, 261, 0, 0, 0, 'valid', '2026-05-19 09:28:23', 'alpha', 'Tidak hadir saat sesi ditutup', NULL),
(1473, 159, 262, 0, 0, 0, 'valid', '2026-05-19 09:28:23', 'alpha', 'Tidak hadir saat sesi ditutup', NULL),
(1474, 159, 263, 0, 0, 0, 'valid', '2026-05-19 09:28:23', 'alpha', 'Tidak hadir saat sesi ditutup', NULL),
(1475, 159, 264, 0, 0, 0, 'valid', '2026-05-19 09:28:23', 'alpha', 'Tidak hadir saat sesi ditutup', NULL),
(1476, 159, 265, 0, 0, 0, 'valid', '2026-05-19 09:28:23', 'alpha', 'Tidak hadir saat sesi ditutup', NULL),
(1477, 159, 266, 0, 0, 0, 'valid', '2026-05-19 09:28:23', 'alpha', 'Tidak hadir saat sesi ditutup', NULL),
(1478, 159, 267, 0, 0, 0, 'valid', '2026-05-19 09:28:23', 'alpha', 'Tidak hadir saat sesi ditutup', NULL),
(1479, 159, 268, 0, 0, 0, 'valid', '2026-05-19 09:28:23', 'alpha', 'Tidak hadir saat sesi ditutup', NULL),
(1480, 159, 269, 0, 0, 0, 'valid', '2026-05-19 09:28:23', 'alpha', 'Tidak hadir saat sesi ditutup', NULL),
(1481, 159, 270, 0, 0, 0, 'valid', '2026-05-19 09:28:23', 'alpha', 'Tidak hadir saat sesi ditutup', NULL),
(1482, 159, 271, 0, 0, 0, 'valid', '2026-05-19 09:28:23', 'alpha', 'Tidak hadir saat sesi ditutup', NULL),
(1483, 159, 272, 0, 0, 0, 'valid', '2026-05-19 09:28:23', 'alpha', 'Tidak hadir saat sesi ditutup', NULL),
(1484, 159, 273, 0, 0, 0, 'valid', '2026-05-19 09:28:23', 'alpha', 'Tidak hadir saat sesi ditutup', NULL),
(1485, 159, 274, 0, 0, 0, 'valid', '2026-05-19 09:28:23', 'alpha', 'Tidak hadir saat sesi ditutup', NULL),
(1486, 159, 275, 0, 0, 0, 'valid', '2026-05-19 09:28:23', 'alpha', 'Tidak hadir saat sesi ditutup', NULL),
(1487, 159, 276, 0, 0, 0, 'valid', '2026-05-19 09:28:23', 'alpha', 'Tidak hadir saat sesi ditutup', NULL),
(1488, 159, 277, 0, 0, 0, 'valid', '2026-05-19 09:28:23', 'alpha', 'Tidak hadir saat sesi ditutup', NULL),
(1489, 159, 278, 0, 0, 0, 'valid', '2026-05-19 09:28:23', 'alpha', 'Tidak hadir saat sesi ditutup', NULL),
(1490, 159, 279, 0, 0, 0, 'valid', '2026-05-19 09:28:23', 'alpha', 'Tidak hadir saat sesi ditutup', NULL),
(1491, 159, 280, 0, 0, 0, 'valid', '2026-05-19 09:28:23', 'alpha', 'Tidak hadir saat sesi ditutup', NULL),
(1492, 159, 281, 0, 0, 0, 'valid', '2026-05-19 09:28:23', 'alpha', 'Tidak hadir saat sesi ditutup', NULL),
(1493, 159, 282, 0, 0, 0, 'valid', '2026-05-19 09:28:23', 'alpha', 'Tidak hadir saat sesi ditutup', NULL),
(1494, 159, 283, 0, 0, 0, 'valid', '2026-05-19 09:28:23', 'alpha', 'Tidak hadir saat sesi ditutup', NULL),
(1495, 159, 284, 0, 0, 0, 'valid', '2026-05-19 09:28:23', 'alpha', 'Tidak hadir saat sesi ditutup', NULL),
(1496, 159, 285, 0, 0, 0, 'valid', '2026-05-19 09:28:23', 'alpha', 'Tidak hadir saat sesi ditutup', NULL),
(1497, 159, 286, 0, 0, 0, 'valid', '2026-05-19 09:28:23', 'alpha', 'Tidak hadir saat sesi ditutup', NULL),
(1498, 159, 287, 0, 0, 0, 'valid', '2026-05-19 09:28:23', 'alpha', 'Tidak hadir saat sesi ditutup', NULL),
(1499, 159, 288, 0, 0, 0, 'valid', '2026-05-19 09:28:23', 'alpha', 'Tidak hadir saat sesi ditutup', NULL),
(1500, 159, 289, 0, 0, 0, 'valid', '2026-05-19 09:28:23', 'alpha', 'Tidak hadir saat sesi ditutup', NULL),
(1501, 160, 6, 0, 0, 0, 'valid', '2026-05-20 12:25:04', 'alpha', 'Tidak hadir saat sesi ditutup', NULL),
(1502, 160, 7, 0, 0, 0, 'valid', '2026-05-20 12:25:04', 'alpha', 'Tidak hadir saat sesi ditutup', NULL),
(1503, 160, 8, 0, 0, 0, 'valid', '2026-05-20 12:25:04', 'alpha', 'Tidak hadir saat sesi ditutup', NULL),
(1504, 160, 9, 0, 0, 0, 'valid', '2026-05-20 12:25:04', 'alpha', 'Tidak hadir saat sesi ditutup', NULL),
(1505, 160, 10, 0, 0, 0, 'valid', '2026-05-20 12:25:04', 'alpha', 'Tidak hadir saat sesi ditutup', NULL),
(1506, 160, 11, 0, 0, 0, 'valid', '2026-05-20 12:25:04', 'alpha', 'Tidak hadir saat sesi ditutup', NULL),
(1507, 160, 12, 0, 0, 0, 'valid', '2026-05-20 12:25:04', 'alpha', 'Tidak hadir saat sesi ditutup', NULL),
(1508, 160, 13, 0, 0, 0, 'valid', '2026-05-20 12:25:04', 'alpha', 'Tidak hadir saat sesi ditutup', NULL),
(1509, 160, 14, 0, 0, 0, 'valid', '2026-05-20 12:25:04', 'alpha', 'Tidak hadir saat sesi ditutup', NULL),
(1510, 160, 15, 0, 0, 0, 'valid', '2026-05-20 12:25:04', 'alpha', 'Tidak hadir saat sesi ditutup', NULL),
(1511, 160, 16, 0, 0, 0, 'valid', '2026-05-20 12:25:04', 'alpha', 'Tidak hadir saat sesi ditutup', NULL),
(1512, 160, 17, 0, 0, 0, 'valid', '2026-05-20 12:25:04', 'alpha', 'Tidak hadir saat sesi ditutup', NULL),
(1513, 160, 18, 0, 0, 0, 'valid', '2026-05-20 12:25:04', 'alpha', 'Tidak hadir saat sesi ditutup', NULL),
(1514, 160, 19, 0, 0, 0, 'valid', '2026-05-20 12:25:04', 'alpha', 'Tidak hadir saat sesi ditutup', NULL),
(1515, 160, 20, 0, 0, 0, 'valid', '2026-05-20 12:25:04', 'alpha', 'Tidak hadir saat sesi ditutup', NULL),
(1516, 160, 21, 0, 0, 0, 'valid', '2026-05-20 12:25:04', 'alpha', 'Tidak hadir saat sesi ditutup', NULL),
(1517, 160, 22, 0, 0, 0, 'valid', '2026-05-20 12:25:04', 'alpha', 'Tidak hadir saat sesi ditutup', NULL),
(1518, 160, 23, 0, 0, 0, 'valid', '2026-05-20 12:25:04', 'alpha', 'Tidak hadir saat sesi ditutup', NULL),
(1519, 160, 24, 0, 0, 0, 'valid', '2026-05-20 12:25:04', 'alpha', 'Tidak hadir saat sesi ditutup', NULL),
(1520, 160, 25, 0, 0, 0, 'valid', '2026-05-20 12:25:04', 'alpha', 'Tidak hadir saat sesi ditutup', NULL),
(1521, 160, 26, 0, 0, 0, 'valid', '2026-05-20 12:25:04', 'alpha', 'Tidak hadir saat sesi ditutup', NULL),
(1522, 160, 27, 0, 0, 0, 'valid', '2026-05-20 12:25:04', 'alpha', 'Tidak hadir saat sesi ditutup', NULL),
(1523, 160, 28, 0, 0, 0, 'valid', '2026-05-20 12:25:04', 'alpha', 'Tidak hadir saat sesi ditutup', NULL),
(1524, 160, 29, 0, 0, 0, 'valid', '2026-05-20 12:25:04', 'alpha', 'Tidak hadir saat sesi ditutup', NULL),
(1525, 160, 30, 0, 0, 0, 'valid', '2026-05-20 12:25:04', 'alpha', 'Tidak hadir saat sesi ditutup', NULL),
(1526, 160, 31, 0, 0, 0, 'valid', '2026-05-20 12:25:04', 'alpha', 'Tidak hadir saat sesi ditutup', NULL),
(1527, 160, 32, 0, 0, 0, 'valid', '2026-05-20 12:25:04', 'alpha', 'Tidak hadir saat sesi ditutup', NULL),
(1528, 160, 33, 0, 0, 0, 'valid', '2026-05-20 12:25:04', 'alpha', 'Tidak hadir saat sesi ditutup', NULL),
(1529, 160, 34, 0, 0, 0, 'valid', '2026-05-20 12:25:04', 'alpha', 'Tidak hadir saat sesi ditutup', NULL),
(1530, 160, 35, 0, 0, 0, 'valid', '2026-05-20 12:25:04', 'alpha', 'Tidak hadir saat sesi ditutup', NULL),
(1531, 160, 36, 0, 0, 0, 'valid', '2026-05-20 12:25:04', 'alpha', 'Tidak hadir saat sesi ditutup', NULL),
(1532, 160, 37, 0, 0, 0, 'valid', '2026-05-20 12:25:04', 'alpha', 'Tidak hadir saat sesi ditutup', NULL),
(1533, 160, 38, 0, 0, 0, 'valid', '2026-05-20 12:25:04', 'alpha', 'Tidak hadir saat sesi ditutup', NULL),
(1534, 160, 39, 0, 0, 0, 'valid', '2026-05-20 12:25:04', 'alpha', 'Tidak hadir saat sesi ditutup', NULL),
(1535, 160, 40, 0, 0, 0, 'valid', '2026-05-20 12:25:04', 'alpha', 'Tidak hadir saat sesi ditutup', NULL),
(1536, 160, 41, 0, 0, 0, 'valid', '2026-05-20 12:25:04', 'alpha', 'Tidak hadir saat sesi ditutup', NULL),
(1537, 160, 69, 0, 0, 0, 'valid', '2026-05-20 12:25:04', 'alpha', 'Tidak hadir saat sesi ditutup', NULL),
(1538, 160, 70, 0, 0, 0, 'valid', '2026-05-20 12:25:04', 'alpha', 'Tidak hadir saat sesi ditutup', NULL),
(1539, 160, 71, 0, 0, 0, 'valid', '2026-05-20 12:25:04', 'alpha', 'Tidak hadir saat sesi ditutup', NULL),
(1540, 160, 72, 0, 0, 0, 'valid', '2026-05-20 12:25:04', 'alpha', 'Tidak hadir saat sesi ditutup', NULL),
(1541, 160, 73, 0, 0, 0, 'valid', '2026-05-20 12:25:04', 'alpha', 'Tidak hadir saat sesi ditutup', NULL),
(1542, 160, 74, 0, 0, 0, 'valid', '2026-05-20 12:25:04', 'alpha', 'Tidak hadir saat sesi ditutup', NULL),
(1543, 160, 75, 0, 0, 0, 'valid', '2026-05-20 12:25:04', 'alpha', 'Tidak hadir saat sesi ditutup', NULL),
(1544, 160, 76, 0, 0, 0, 'valid', '2026-05-20 12:25:04', 'alpha', 'Tidak hadir saat sesi ditutup', NULL),
(1545, 160, 77, 0, 0, 0, 'valid', '2026-05-20 12:25:04', 'alpha', 'Tidak hadir saat sesi ditutup', NULL),
(1546, 160, 78, 0, 0, 0, 'valid', '2026-05-20 12:25:04', 'alpha', 'Tidak hadir saat sesi ditutup', NULL),
(1547, 160, 79, 0, 0, 0, 'valid', '2026-05-20 12:25:04', 'alpha', 'Tidak hadir saat sesi ditutup', NULL),
(1548, 160, 80, 0, 0, 0, 'valid', '2026-05-20 12:25:04', 'alpha', 'Tidak hadir saat sesi ditutup', NULL),
(1549, 160, 81, 0, 0, 0, 'valid', '2026-05-20 12:25:04', 'alpha', 'Tidak hadir saat sesi ditutup', NULL),
(1550, 160, 82, 0, 0, 0, 'valid', '2026-05-20 12:25:04', 'alpha', 'Tidak hadir saat sesi ditutup', NULL),
(1551, 160, 83, 0, 0, 0, 'valid', '2026-05-20 12:25:04', 'alpha', 'Tidak hadir saat sesi ditutup', NULL),
(1552, 160, 84, 0, 0, 0, 'valid', '2026-05-20 12:25:04', 'alpha', 'Tidak hadir saat sesi ditutup', NULL),
(1553, 160, 85, 0, 0, 0, 'valid', '2026-05-20 12:25:04', 'alpha', 'Tidak hadir saat sesi ditutup', NULL),
(1554, 160, 86, 0, 0, 0, 'valid', '2026-05-20 12:25:04', 'alpha', 'Tidak hadir saat sesi ditutup', NULL),
(1555, 160, 87, 0, 0, 0, 'valid', '2026-05-20 12:25:04', 'alpha', 'Tidak hadir saat sesi ditutup', NULL),
(1556, 160, 88, 0, 0, 0, 'valid', '2026-05-20 12:25:04', 'alpha', 'Tidak hadir saat sesi ditutup', NULL),
(1557, 160, 89, 0, 0, 0, 'valid', '2026-05-20 12:25:04', 'alpha', 'Tidak hadir saat sesi ditutup', NULL),
(1558, 160, 90, 0, 0, 0, 'valid', '2026-05-20 12:25:04', 'alpha', 'Tidak hadir saat sesi ditutup', NULL),
(1559, 160, 91, 0, 0, 0, 'valid', '2026-05-20 12:25:04', 'alpha', 'Tidak hadir saat sesi ditutup', NULL),
(1560, 160, 92, 0, 0, 0, 'valid', '2026-05-20 12:25:04', 'alpha', 'Tidak hadir saat sesi ditutup', NULL),
(1561, 160, 93, 0, 0, 0, 'valid', '2026-05-20 12:25:04', 'alpha', 'Tidak hadir saat sesi ditutup', NULL),
(1562, 160, 94, 0, 0, 0, 'valid', '2026-05-20 12:25:04', 'alpha', 'Tidak hadir saat sesi ditutup', NULL),
(1563, 160, 95, 0, 0, 0, 'valid', '2026-05-20 12:25:04', 'alpha', 'Tidak hadir saat sesi ditutup', NULL),
(1564, 160, 96, 0, 0, 0, 'valid', '2026-05-20 12:25:04', 'alpha', 'Tidak hadir saat sesi ditutup', NULL),
(1565, 160, 97, 0, 0, 0, 'valid', '2026-05-20 12:25:04', 'alpha', 'Tidak hadir saat sesi ditutup', NULL),
(1566, 160, 98, 0, 0, 0, 'valid', '2026-05-20 12:25:04', 'alpha', 'Tidak hadir saat sesi ditutup', NULL),
(1567, 160, 99, 0, 0, 0, 'valid', '2026-05-20 12:25:04', 'alpha', 'Tidak hadir saat sesi ditutup', NULL),
(1568, 160, 100, 0, 0, 0, 'valid', '2026-05-20 12:25:04', 'alpha', 'Tidak hadir saat sesi ditutup', NULL),
(1569, 160, 101, 0, 0, 0, 'valid', '2026-05-20 12:25:04', 'alpha', 'Tidak hadir saat sesi ditutup', NULL),
(1570, 160, 102, 0, 0, 0, 'valid', '2026-05-20 12:25:04', 'alpha', 'Tidak hadir saat sesi ditutup', NULL),
(1571, 160, 103, 0, 0, 0, 'valid', '2026-05-20 12:25:04', 'alpha', 'Tidak hadir saat sesi ditutup', NULL),
(1572, 160, 132, -7.79554, 110.36933, 50.7, 'valid', '2026-05-20 07:26:00', 'hadir', NULL, NULL),
(1573, 160, 133, -7.79578, 110.36952, 57.8, 'valid', '2026-05-20 07:31:00', 'hadir', NULL, NULL),
(1574, 160, 134, -7.79561, 110.3693, 6.9, 'valid', '2026-05-20 07:36:00', 'hadir', NULL, NULL),
(1575, 160, 135, -7.79544, 110.36949, 14, 'valid', '2026-05-20 07:41:00', 'hadir', NULL, NULL),
(1576, 160, 136, -7.79568, 110.36968, 21.1, 'valid', '2026-05-20 07:04:00', 'hadir', NULL, NULL),
(1577, 160, 137, -7.79551, 110.36946, 28.2, 'valid', '2026-05-20 07:09:00', 'hadir', NULL, NULL),
(1578, 160, 138, -7.79575, 110.36965, 35.3, 'valid', '2026-05-20 07:14:00', 'hadir', NULL, NULL),
(1579, 160, 139, -7.79558, 110.36943, 42.4, 'valid', '2026-05-20 07:19:00', 'hadir', NULL, NULL),
(1580, 160, 140, -7.79541, 110.36962, 48.5, 'valid', '2026-05-20 07:24:00', 'hadir', NULL, NULL),
(1581, 160, 141, -7.79565, 110.3694, 55.6, 'valid', '2026-05-20 07:29:00', 'hadir', NULL, NULL),
(1582, 160, 142, -7.79548, 110.36959, 4.7, 'valid', '2026-05-20 07:34:00', 'hadir', NULL, NULL),
(1583, 160, 143, -7.79572, 110.36937, 11.8, 'valid', '2026-05-20 07:39:00', 'hadir', NULL, NULL),
(1584, 160, 144, -7.79555, 110.36956, 18.9, 'valid', '2026-05-20 07:44:00', 'hadir', NULL, NULL),
(1585, 160, 145, -7.79579, 110.36934, 26, 'valid', '2026-05-20 07:07:00', 'hadir', NULL, NULL),
(1586, 160, 146, -7.79562, 110.36953, 33.1, 'valid', '2026-05-20 07:12:00', 'hadir', NULL, NULL),
(1587, 160, 147, -7.79545, 110.36931, 40.2, 'valid', '2026-05-20 07:17:00', 'hadir', NULL, NULL),
(1588, 160, 148, -7.79569, 110.3695, 47.3, 'valid', '2026-05-20 07:22:00', 'hadir', NULL, NULL),
(1589, 160, 149, -7.79552, 110.36969, 54.4, 'valid', '2026-05-20 07:27:00', 'hadir', NULL, NULL),
(1590, 160, 150, -7.79576, 110.36947, 60.5, 'valid', '2026-05-20 07:32:00', 'hadir', NULL, NULL),
(1591, 160, 151, -7.79559, 110.36966, 9.6, 'valid', '2026-05-20 07:37:00', 'hadir', NULL, NULL),
(1592, 160, 152, -7.79542, 110.36944, 16.7, 'valid', '2026-05-20 07:42:00', 'hadir', NULL, NULL),
(1593, 160, 153, -7.79566, 110.36963, 23.8, 'valid', '2026-05-20 07:05:00', 'hadir', NULL, NULL),
(1594, 160, 154, -7.79549, 110.36941, 30.9, 'valid', '2026-05-20 07:10:00', 'hadir', NULL, NULL),
(1595, 160, 155, -7.79573, 110.3696, 38, 'valid', '2026-05-20 07:15:00', 'hadir', NULL, NULL),
(1596, 160, 156, -7.79556, 110.36938, 45.1, 'valid', '2026-05-20 07:20:00', 'hadir', NULL, NULL),
(1597, 160, 157, -7.7958, 110.36957, 52.2, 'valid', '2026-05-20 07:25:00', 'hadir', NULL, NULL),
(1598, 160, 158, -7.79563, 110.36935, 59.3, 'valid', '2026-05-20 07:30:00', 'hadir', NULL, NULL),
(1599, 160, 159, -7.79546, 110.36954, 8.4, 'valid', '2026-05-20 07:35:00', 'hadir', NULL, NULL),
(1600, 160, 160, -7.7957, 110.36932, 14.5, 'valid', '2026-05-20 07:40:00', 'hadir', NULL, NULL),
(1601, 160, 161, -7.79553, 110.36951, 21.6, 'valid', '2026-05-20 07:45:00', 'hadir', NULL, NULL),
(1602, 160, 162, -7.79577, 110.3697, 28.7, 'valid', '2026-05-20 07:08:00', 'hadir', NULL, NULL),
(1603, 160, 163, -7.7956, 110.36948, 35.8, 'valid', '2026-05-20 07:13:00', 'hadir', NULL, NULL),
(1604, 160, 164, -7.79543, 110.36967, 42.9, 'valid', '2026-05-20 07:18:00', 'hadir', NULL, NULL),
(1605, 160, 165, -7.79567, 110.36945, 50, 'valid', '2026-05-20 07:23:00', 'hadir', NULL, NULL),
(1606, 160, 166, -7.7955, 110.36964, 57.1, 'valid', '2026-05-20 07:28:00', 'hadir', NULL, NULL),
(1607, 160, 167, 0, 0, 0, 'invalid', '2026-05-20 08:00:00', 'alpha', NULL, NULL),
(1608, 160, 195, 0, 0, 0, 'valid', '2026-05-20 12:25:05', 'alpha', 'Tidak hadir saat sesi ditutup', NULL),
(1609, 160, 196, 0, 0, 0, 'valid', '2026-05-20 12:25:05', 'alpha', 'Tidak hadir saat sesi ditutup', NULL),
(1610, 160, 197, 0, 0, 0, 'valid', '2026-05-20 12:25:05', 'alpha', 'Tidak hadir saat sesi ditutup', NULL),
(1611, 160, 198, 0, 0, 0, 'valid', '2026-05-20 12:25:05', 'alpha', 'Tidak hadir saat sesi ditutup', NULL),
(1612, 160, 199, 0, 0, 0, 'valid', '2026-05-20 12:25:05', 'alpha', 'Tidak hadir saat sesi ditutup', NULL),
(1613, 160, 200, 0, 0, 0, 'valid', '2026-05-20 12:25:05', 'alpha', 'Tidak hadir saat sesi ditutup', NULL),
(1614, 160, 201, 0, 0, 0, 'valid', '2026-05-20 12:25:05', 'alpha', 'Tidak hadir saat sesi ditutup', NULL),
(1615, 160, 202, 0, 0, 0, 'valid', '2026-05-20 12:25:05', 'alpha', 'Tidak hadir saat sesi ditutup', NULL),
(1616, 160, 203, 0, 0, 0, 'valid', '2026-05-20 12:25:05', 'alpha', 'Tidak hadir saat sesi ditutup', NULL),
(1617, 160, 204, 0, 0, 0, 'valid', '2026-05-20 12:25:05', 'alpha', 'Tidak hadir saat sesi ditutup', NULL),
(1618, 160, 205, 0, 0, 0, 'valid', '2026-05-20 12:25:05', 'alpha', 'Tidak hadir saat sesi ditutup', NULL),
(1619, 160, 206, 0, 0, 0, 'valid', '2026-05-20 12:25:05', 'alpha', 'Tidak hadir saat sesi ditutup', NULL),
(1620, 160, 207, 0, 0, 0, 'valid', '2026-05-20 12:25:05', 'alpha', 'Tidak hadir saat sesi ditutup', NULL),
(1621, 160, 208, 0, 0, 0, 'valid', '2026-05-20 12:25:05', 'alpha', 'Tidak hadir saat sesi ditutup', NULL),
(1622, 160, 209, 0, 0, 0, 'valid', '2026-05-20 12:25:05', 'alpha', 'Tidak hadir saat sesi ditutup', NULL),
(1623, 160, 210, 0, 0, 0, 'valid', '2026-05-20 12:25:05', 'alpha', 'Tidak hadir saat sesi ditutup', NULL),
(1624, 160, 211, 0, 0, 0, 'valid', '2026-05-20 12:25:05', 'alpha', 'Tidak hadir saat sesi ditutup', NULL),
(1625, 160, 212, 0, 0, 0, 'valid', '2026-05-20 12:25:05', 'alpha', 'Tidak hadir saat sesi ditutup', NULL),
(1626, 160, 213, 0, 0, 0, 'valid', '2026-05-20 12:25:06', 'alpha', 'Tidak hadir saat sesi ditutup', NULL),
(1627, 160, 214, 0, 0, 0, 'valid', '2026-05-20 12:25:06', 'alpha', 'Tidak hadir saat sesi ditutup', NULL),
(1628, 160, 215, 0, 0, 0, 'valid', '2026-05-20 12:25:06', 'alpha', 'Tidak hadir saat sesi ditutup', NULL),
(1629, 160, 216, 0, 0, 0, 'valid', '2026-05-20 12:25:06', 'alpha', 'Tidak hadir saat sesi ditutup', NULL),
(1630, 160, 217, 0, 0, 0, 'valid', '2026-05-20 12:25:06', 'alpha', 'Tidak hadir saat sesi ditutup', NULL),
(1631, 160, 218, 0, 0, 0, 'valid', '2026-05-20 12:25:06', 'alpha', 'Tidak hadir saat sesi ditutup', NULL),
(1632, 160, 219, 0, 0, 0, 'valid', '2026-05-20 12:25:06', 'alpha', 'Tidak hadir saat sesi ditutup', NULL),
(1633, 160, 220, 0, 0, 0, 'valid', '2026-05-20 12:25:06', 'alpha', 'Tidak hadir saat sesi ditutup', NULL),
(1634, 160, 221, 0, 0, 0, 'valid', '2026-05-20 12:25:06', 'alpha', 'Tidak hadir saat sesi ditutup', NULL),
(1635, 160, 222, 0, 0, 0, 'valid', '2026-05-20 12:25:06', 'alpha', 'Tidak hadir saat sesi ditutup', NULL),
(1636, 160, 223, 0, 0, 0, 'valid', '2026-05-20 12:25:06', 'alpha', 'Tidak hadir saat sesi ditutup', NULL);
INSERT INTO `presensi_sekolah` (`id`, `presensi_sekolah_sesi_id`, `user_id`, `latitude`, `longitude`, `jarak`, `status`, `waktu`, `jenis`, `alasan`, `foto_bukti`) VALUES
(1637, 160, 224, 0, 0, 0, 'valid', '2026-05-20 12:25:06', 'alpha', 'Tidak hadir saat sesi ditutup', NULL),
(1638, 160, 225, 0, 0, 0, 'valid', '2026-05-20 12:25:06', 'alpha', 'Tidak hadir saat sesi ditutup', NULL),
(1639, 160, 226, 0, 0, 0, 'valid', '2026-05-20 12:25:06', 'alpha', 'Tidak hadir saat sesi ditutup', NULL),
(1640, 160, 227, 0, 0, 0, 'valid', '2026-05-20 12:25:06', 'alpha', 'Tidak hadir saat sesi ditutup', NULL),
(1641, 160, 228, 0, 0, 0, 'valid', '2026-05-20 12:25:06', 'alpha', 'Tidak hadir saat sesi ditutup', NULL),
(1642, 160, 229, 0, 0, 0, 'valid', '2026-05-20 12:25:06', 'alpha', 'Tidak hadir saat sesi ditutup', NULL),
(1643, 160, 230, 0, 0, 0, 'valid', '2026-05-20 12:25:06', 'alpha', 'Tidak hadir saat sesi ditutup', NULL),
(1644, 160, 258, 0, 0, 0, 'valid', '2026-05-20 12:25:06', 'alpha', 'Tidak hadir saat sesi ditutup', NULL),
(1645, 160, 259, 0, 0, 0, 'valid', '2026-05-20 12:25:06', 'alpha', 'Tidak hadir saat sesi ditutup', NULL),
(1646, 160, 260, 0, 0, 0, 'valid', '2026-05-20 12:25:06', 'alpha', 'Tidak hadir saat sesi ditutup', NULL),
(1647, 160, 261, 0, 0, 0, 'valid', '2026-05-20 12:25:06', 'alpha', 'Tidak hadir saat sesi ditutup', NULL),
(1648, 160, 262, 0, 0, 0, 'valid', '2026-05-20 12:25:06', 'alpha', 'Tidak hadir saat sesi ditutup', NULL),
(1649, 160, 263, 0, 0, 0, 'valid', '2026-05-20 12:25:06', 'alpha', 'Tidak hadir saat sesi ditutup', NULL),
(1650, 160, 264, 0, 0, 0, 'valid', '2026-05-20 12:25:06', 'alpha', 'Tidak hadir saat sesi ditutup', NULL),
(1651, 160, 265, 0, 0, 0, 'valid', '2026-05-20 12:25:06', 'alpha', 'Tidak hadir saat sesi ditutup', NULL),
(1652, 160, 266, 0, 0, 0, 'valid', '2026-05-20 12:25:06', 'alpha', 'Tidak hadir saat sesi ditutup', NULL),
(1653, 160, 267, 0, 0, 0, 'valid', '2026-05-20 12:25:06', 'alpha', 'Tidak hadir saat sesi ditutup', NULL),
(1654, 160, 268, 0, 0, 0, 'valid', '2026-05-20 12:25:06', 'alpha', 'Tidak hadir saat sesi ditutup', NULL),
(1655, 160, 269, 0, 0, 0, 'valid', '2026-05-20 12:25:06', 'alpha', 'Tidak hadir saat sesi ditutup', NULL),
(1656, 160, 270, 0, 0, 0, 'valid', '2026-05-20 12:25:06', 'alpha', 'Tidak hadir saat sesi ditutup', NULL),
(1657, 160, 271, 0, 0, 0, 'valid', '2026-05-20 12:25:06', 'alpha', 'Tidak hadir saat sesi ditutup', NULL),
(1658, 160, 272, 0, 0, 0, 'valid', '2026-05-20 12:25:06', 'alpha', 'Tidak hadir saat sesi ditutup', NULL),
(1659, 160, 273, 0, 0, 0, 'valid', '2026-05-20 12:25:06', 'alpha', 'Tidak hadir saat sesi ditutup', NULL),
(1660, 160, 274, 0, 0, 0, 'valid', '2026-05-20 12:25:06', 'alpha', 'Tidak hadir saat sesi ditutup', NULL),
(1661, 160, 275, 0, 0, 0, 'valid', '2026-05-20 12:25:06', 'alpha', 'Tidak hadir saat sesi ditutup', NULL),
(1662, 160, 276, 0, 0, 0, 'valid', '2026-05-20 12:25:06', 'alpha', 'Tidak hadir saat sesi ditutup', NULL),
(1663, 160, 277, 0, 0, 0, 'valid', '2026-05-20 12:25:06', 'alpha', 'Tidak hadir saat sesi ditutup', NULL),
(1664, 160, 278, 0, 0, 0, 'valid', '2026-05-20 12:25:06', 'alpha', 'Tidak hadir saat sesi ditutup', NULL),
(1665, 160, 279, 0, 0, 0, 'valid', '2026-05-20 12:25:06', 'alpha', 'Tidak hadir saat sesi ditutup', NULL),
(1666, 160, 280, 0, 0, 0, 'valid', '2026-05-20 12:25:06', 'alpha', 'Tidak hadir saat sesi ditutup', NULL),
(1667, 160, 281, 0, 0, 0, 'valid', '2026-05-20 12:25:06', 'alpha', 'Tidak hadir saat sesi ditutup', NULL),
(1668, 160, 282, 0, 0, 0, 'valid', '2026-05-20 12:25:06', 'alpha', 'Tidak hadir saat sesi ditutup', NULL),
(1669, 160, 283, 0, 0, 0, 'valid', '2026-05-20 12:25:06', 'alpha', 'Tidak hadir saat sesi ditutup', NULL),
(1670, 160, 284, 0, 0, 0, 'valid', '2026-05-20 12:25:06', 'alpha', 'Tidak hadir saat sesi ditutup', NULL),
(1671, 160, 285, 0, 0, 0, 'valid', '2026-05-20 12:25:06', 'alpha', 'Tidak hadir saat sesi ditutup', NULL),
(1672, 160, 286, 0, 0, 0, 'valid', '2026-05-20 12:25:06', 'alpha', 'Tidak hadir saat sesi ditutup', NULL),
(1673, 160, 287, 0, 0, 0, 'valid', '2026-05-20 12:25:06', 'alpha', 'Tidak hadir saat sesi ditutup', NULL),
(1674, 160, 288, 0, 0, 0, 'valid', '2026-05-20 12:25:06', 'alpha', 'Tidak hadir saat sesi ditutup', NULL),
(1675, 160, 289, 0, 0, 0, 'valid', '2026-05-20 12:25:06', 'alpha', 'Tidak hadir saat sesi ditutup', NULL);

-- --------------------------------------------------------

--
-- Table structure for table `presensi_sekolah_sesi`
--

CREATE TABLE `presensi_sekolah_sesi` (
  `id` int NOT NULL,
  `waktu_buka` datetime NOT NULL,
  `waktu_tutup` datetime NOT NULL,
  `status` enum('open','closed') NOT NULL DEFAULT 'open',
  `created_by` int DEFAULT NULL
) ENGINE=InnoDB DEFAULT CHARSET=utf8mb4 COLLATE=utf8mb4_0900_ai_ci;

--
-- Dumping data for table `presensi_sekolah_sesi`
--

INSERT INTO `presensi_sekolah_sesi` (`id`, `waktu_buka`, `waktu_tutup`, `status`, `created_by`) VALUES
(158, '2026-05-18 07:00:00', '2026-05-18 08:00:00', 'closed', 132),
(159, '2026-05-19 07:00:00', '2026-05-19 08:00:00', 'closed', 132),
(160, '2026-05-20 07:00:00', '2026-05-20 08:00:00', 'closed', 132),
(161, '2026-05-21 07:00:00', '2026-05-21 08:00:00', 'open', 132),
(162, '2026-05-22 07:00:00', '2026-05-22 08:00:00', 'open', 132),
(163, '2026-05-25 07:00:00', '2026-05-25 08:00:00', 'open', 132),
(164, '2026-05-26 07:00:00', '2026-05-26 08:00:00', 'open', 132),
(165, '2026-05-27 07:00:00', '2026-05-27 08:00:00', 'open', 132),
(166, '2026-05-28 07:00:00', '2026-05-28 08:00:00', 'open', 132),
(167, '2026-05-29 07:00:00', '2026-05-29 08:00:00', 'open', 132),
(168, '2026-06-01 07:00:00', '2026-06-01 08:00:00', 'open', 132);

-- --------------------------------------------------------

--
-- Table structure for table `users`
--

CREATE TABLE `users` (
  `id` int NOT NULL,
  `nama` varchar(50) NOT NULL,
  `email` varchar(50) NOT NULL,
  `password` varchar(255) NOT NULL,
  `role` enum('admin','admin_kesiswaan','guru') NOT NULL
) ENGINE=InnoDB DEFAULT CHARSET=utf8mb4 COLLATE=utf8mb4_0900_ai_ci;

--
-- Dumping data for table `users`
--

INSERT INTO `users` (`id`, `nama`, `email`, `password`, `role`) VALUES
(1, 'Setyo Budi Sungkowo, S.Pd., M.Pd.', 'admin@smk7.sch.id', '$2y$10$3Q6gG59W7Ewksl2IW68gPehtOCTh.aMOvMtJHn32Yq7svLwMmOqL.', 'admin'),
(2, 'Adik Kristien, S.Pd.', 'guru@smk7.sch.id', '$2y$10$6cT9rCw8UfrAHbQ89bPFHe4Gyiru4mV0buME81qpo0bwdWLmoxswy', 'guru'),
(9, 'Bambang Bagus Cahyono, S.Pd.', 'yoga@gmail.com', '$2y$10$Fui8F6dEBMJpXAzoPfiQtOzvX9C0zyTjljBfMYeJfCg/2yjmTKFE.', 'admin_kesiswaan'),
(13, 'Agus Prihatin, A.Md.', 'admin1@smk7.sch.id', '$2y$10$22Fnakkmf9HznSEdrDV31OWnyfjOAZRMB4uqKYNLU69kfdpOXgk0a', 'admin'),
(15, 'Charis Jauhari, S.Pd.', 'charisjauhari@smk7.sch.id', '$2y$10$lrm5jn6c.FUYBBQ6ruyQMuA/QuqWlWd9cIBVbMxBx561U1DJILZ3K', 'guru'),
(16, 'Widya Kusumawati, S.Pd.', 'widyakusumawati@smk7.sch.id', '$2y$10$6cT9rCw8UfrAHbQ89bPFHe4Gyiru4mV0buME81qpo0bwdWLmoxswy', 'guru'),
(17, 'Rina Elistiana, S.Pd.', 'rinaelistiana@smk7.sch.id', '$2y$10$6cT9rCw8UfrAHbQ89bPFHe4Gyiru4mV0buME81qpo0bwdWLmoxswy', 'guru'),
(18, 'Yulia Tri Utari, S.Pd.', 'yuliatriutari@smk7.sch.id', '$2y$10$6cT9rCw8UfrAHbQ89bPFHe4Gyiru4mV0buME81qpo0bwdWLmoxswy', 'guru'),
(19, 'Nurdianasasi Limbong, S.Pd', 'nurdianasasilimbong@smk7.sch.id', '$2y$10$6cT9rCw8UfrAHbQ89bPFHe4Gyiru4mV0buME81qpo0bwdWLmoxswy', 'guru'),
(20, 'Wahyu Wulandari, S.Pd. H', 'wahyuwulandari@smk7.sch.id', '$2y$10$6cT9rCw8UfrAHbQ89bPFHe4Gyiru4mV0buME81qpo0bwdWLmoxswy', 'guru'),
(21, 'Harmini, S.Pd.', 'harmini@smk7.sch.id', '$2y$10$X8fEOtXCV4w4s2VdgvosXO9HYkfmpaaVr.pA2caJyQ8/kAK4kcMRK', 'guru'),
(22, 'Antonius Arlin Nurseta, S.S, M.Pd.', 'antoniusarlinnurseta@smk7.sch.id', '$2y$10$2Hf4ttQM.TFBqj6fCKOAbul7hcDQgOs9/gE8yh/WSLgL7NhDJNr32', 'guru'),
(23, 'Rini Yuni Astuti, S.Pd.', 'riniyuniastuti@smk7.sch.id', '$2y$10$6cT9rCw8UfrAHbQ89bPFHe4Gyiru4mV0buME81qpo0bwdWLmoxswy', 'guru'),
(24, 'Desi Kurniawati, S.Pd', 'desikurniawati@smk7.sch.id', '$2y$10$fGoHOGJiUU49HdI4zGnJ2eicXGkQcJMnbrEZg2wbsLOK.m8YHhBA6', 'guru'),
(25, 'Muhammad Rifqi Aljabar, S.Pd', 'muhammadrifqialjabar@smk7.sch.id', '$2y$10$6cT9rCw8UfrAHbQ89bPFHe4Gyiru4mV0buME81qpo0bwdWLmoxswy', 'guru'),
(26, 'Jaya Adi Praptama, S.Pd.', 'jayaadipraptama@smk7.sch.id', '$2y$10$6cT9rCw8UfrAHbQ89bPFHe4Gyiru4mV0buME81qpo0bwdWLmoxswy', 'guru'),
(27, 'Sri Sulastri, S.Pd.', 'srisulastri@smk7.sch.id', '$2y$10$6cT9rCw8UfrAHbQ89bPFHe4Gyiru4mV0buME81qpo0bwdWLmoxswy', 'guru'),
(28, 'Mutiara Sabela, S.Pd.', 'mutiarasabela@smk7.sch.id', '$2y$10$6cT9rCw8UfrAHbQ89bPFHe4Gyiru4mV0buME81qpo0bwdWLmoxswy', 'guru'),
(29, 'Retno Setyomurti, S.Sn.', 'retnosetyomurti@smk7.sch.id', '$2y$10$6cT9rCw8UfrAHbQ89bPFHe4Gyiru4mV0buME81qpo0bwdWLmoxswy', 'guru'),
(30, 'Ima Yuniarti, S.Pd.', 'imayuniarti@smk7.sch.id', '$2y$10$FsQt1FJYmwLFkGfF4IMD0eNP6SX.9U9Lq3Iela2XTZgZt99JMiKWq', 'guru'),
(31, 'Erni Yunita, S.Pd.', 'erniyunita@smk7.sch.id', '$2y$10$8zVHAZtAhnWY60vCrimQ.uYRlTSIPswtqGONUH3H5qmpYpGpkECYa', 'guru'),
(32, 'Lina Widiyantari, S.Pd.', 'linawidiyantari@smk7.sch.id', '$2y$10$6cT9rCw8UfrAHbQ89bPFHe4Gyiru4mV0buME81qpo0bwdWLmoxswy', 'guru'),
(33, 'Sri Puji Astuti, S.Pd.', 'sripujiastuti@smk7.sch.id', '$2y$10$6cT9rCw8UfrAHbQ89bPFHe4Gyiru4mV0buME81qpo0bwdWLmoxswy', 'guru'),
(34, 'Rr. Diana Sukartiningsih, S.Pd.', 'rrdianasukartiningsih@smk7.sch.id', '$2y$10$6cT9rCw8UfrAHbQ89bPFHe4Gyiru4mV0buME81qpo0bwdWLmoxswy', 'guru'),
(35, 'Dewi Novitasari, S.Pd.', 'dewinovitasari@smk7.sch.id', '$2y$10$TGcusl5bNMnjWNNwPQvszemYeQqjhz2Mi4iwiXiuCwdj1k2SKfIdm', 'guru'),
(36, 'Kurniati Utami, S.Pd.', 'kurniatiutami@smk7.sch.id', '$2y$10$6cT9rCw8UfrAHbQ89bPFHe4Gyiru4mV0buME81qpo0bwdWLmoxswy', 'guru'),
(37, 'Imelda Fani Swastika, S.Pd.', 'imeldafaniswastika@smk7.sch.id', '$2y$10$V.jOKYcz7NfI6uYuDm8WIuw7mT9o9xe8D3hGHmbtkJJv/9LqrwXA6', 'guru'),
(38, 'Maryati, S.Pd.', 'maryati@smk7.sch.id', '$2y$10$6cT9rCw8UfrAHbQ89bPFHe4Gyiru4mV0buME81qpo0bwdWLmoxswy', 'guru'),
(39, 'Aulia Windi Natriansyah', 'auliawindinatriansyah@smk7.sch.id', '$2y$10$cpdw33cyZSc.Ug9JT6mYdOfK30jEUCNXG6OcG6xrQEPbhQ9sroGa6', 'guru'),
(40, 'Sri Pardyanah, ST.M.Pd.', 'sripardyanah@smk7.sch.id', '$2y$10$6cT9rCw8UfrAHbQ89bPFHe4Gyiru4mV0buME81qpo0bwdWLmoxswy', 'guru'),
(41, 'Lembah Srigati, S.Pd.', 'lembahsrigati@smk7.sch.id', '$2y$10$6cT9rCw8UfrAHbQ89bPFHe4Gyiru4mV0buME81qpo0bwdWLmoxswy', 'guru'),
(42, 'Susilowati S.Pd.', 'susilowati@smk7.sch.id', '$2y$10$6cT9rCw8UfrAHbQ89bPFHe4Gyiru4mV0buME81qpo0bwdWLmoxswy', 'guru'),
(43, 'Mustofa Saifulloh, S.Pd.', 'mustofasaifulloh@smk7.sch.id', '$2y$10$6cT9rCw8UfrAHbQ89bPFHe4Gyiru4mV0buME81qpo0bwdWLmoxswy', 'guru'),
(44, 'Eko Harjito, S.Pd.', 'ekoharjito@smk7.sch.id', '$2y$10$QmNUKb6XHUP1VylIHjevKuJThsptKI5ff/ZbDxaG7gc1DRhVaoGyy', 'guru'),
(45, 'Indah Syanti Dewi, S.Pd.', 'indahsyantidewi@smk7.sch.id', '$2y$10$7tHHL4WHQ0BL5H5OtFNmueE90rp3AMNly.dLnYMBYHmaAea2ukgwm', 'guru'),
(46, 'Ernawati, S.Pd.', 'ernawati@smk7.sch.id', '$2y$10$xzL5kBGw6TcLD3/hH7PaZub/aQCXKIuwOJwqWB8fJNswfyESsqSwC', 'guru'),
(47, 'Amaliatul Firdaus. S.Pd.', 'amaliatulfirdaus@smk7.sch.id', '$2y$10$5rJ//5ax/WVXwFD5Gm7JDOIRTh.awJCfQauZcXCetGyE.mUQnsN.y', 'guru'),
(48, 'Yeni Widiastuti, S.Pd.', 'yeniwidiastuti@smk7.sch.id', '$2y$10$6cT9rCw8UfrAHbQ89bPFHe4Gyiru4mV0buME81qpo0bwdWLmoxswy', 'guru'),
(49, 'Dra. Suci Nugroho', 'sucinugroho@smk7.sch.id', '$2y$10$mNed91UgZ4MQ4.oQQIqpmeXmhhtjxerr09WWl3pIkZtKEz6scRBP2', 'guru'),
(50, 'Asih Marwati', 'asihmarwati@smk7.sch.id', '$2y$10$grLkEJzBKM/u6N.mec9LZu7kN4XTbSWq5XGyR1mt1Jvbs/2630vC.', 'guru'),
(51, 'Ratna Junarti, S.Pd.', 'ratnajunarti@smk7.sch.id', '$2y$10$6cT9rCw8UfrAHbQ89bPFHe4Gyiru4mV0buME81qpo0bwdWLmoxswy', 'guru'),
(52, 'Norna Istri Temawati, S.Pd.', 'nornaistritemawati@smk7.sch.id', '$2y$10$6cT9rCw8UfrAHbQ89bPFHe4Gyiru4mV0buME81qpo0bwdWLmoxswy', 'guru'),
(53, 'Nur Fitriana, S.Pd.', 'nurfitriana@smk7.sch.id', '$2y$10$6cT9rCw8UfrAHbQ89bPFHe4Gyiru4mV0buME81qpo0bwdWLmoxswy', 'guru'),
(54, 'Titik Retno Ningsih, S.Pd.', 'titikretnoningsih@smk7.sch.id', '$2y$10$6cT9rCw8UfrAHbQ89bPFHe4Gyiru4mV0buME81qpo0bwdWLmoxswy', 'guru'),
(55, 'Dita Sari Kusuma, S.Pd.', 'ditasarikusuma@smk7.sch.id', '$2y$10$Xiv1o49lnrqKz14pr0BGDOeihKCeBT8JAqYK8PPohfSsTILuDRfzK', 'guru'),
(56, 'Rifa Sausan Ariqah, S.Pd.', 'rifasausanariqah@smk7.sch.id', '$2y$10$6cT9rCw8UfrAHbQ89bPFHe4Gyiru4mV0buME81qpo0bwdWLmoxswy', 'guru'),
(57, 'Edi Sutriyono, S.E.', 'edisutriyono@smk7.sch.id', '$2y$10$Sz3OQ6CC.kEYTxqmVWKKBu8cdX/qj.g86BZeLlGkqvlIRFako5bGK', 'guru'),
(58, 'Darniati, S.St.Par.', 'darniati@smk7.sch.id', '$2y$10$AdBM8KRFmTZc9CsoVXkH3OfbwddUh557USr46w85vNCy3BmN7yCl6', 'guru'),
(59, 'Sri Lestari, S.Pd., M.Pd.', 'srilestari@smk7.sch.id', '$2y$10$6cT9rCw8UfrAHbQ89bPFHe4Gyiru4mV0buME81qpo0bwdWLmoxswy', 'guru'),
(60, 'Ana Hadi Prasetyawati, S.E.', 'anahadiprasetyawati@smk7.sch.id', '$2y$10$hIAJyYPxZuKh/5arz4hn0.by9HGH5okYBvkjMJ5rMs9OT/UtYvb4i', 'guru'),
(61, 'Kingkin Kawuryan S.Pdt', 'kingkinkawuryan@smk7.sch.id', '$2y$10$6cT9rCw8UfrAHbQ89bPFHe4Gyiru4mV0buME81qpo0bwdWLmoxswy', 'guru'),
(62, 'Rianitha Kusuma Dewi, S.ST. Par.', 'rianithakusumadewi@smk7.sch.id', '$2y$10$6cT9rCw8UfrAHbQ89bPFHe4Gyiru4mV0buME81qpo0bwdWLmoxswy', 'guru'),
(63, 'Wuryadi Basuki, S.Pd.', 'wuryadibasuki@smk7.sch.id', '$2y$10$6cT9rCw8UfrAHbQ89bPFHe4Gyiru4mV0buME81qpo0bwdWLmoxswy', 'guru'),
(64, 'Sahid Anwar, S.Tr.Anim.', 'sahidanwar@smk7.sch.id', '$2y$10$6cT9rCw8UfrAHbQ89bPFHe4Gyiru4mV0buME81qpo0bwdWLmoxswy', 'guru'),
(65, 'Ardani Pramono, S.Pd.', 'ardanipramono@smk7.sch.id', '$2y$10$USKn76C2UX33HL0MgKjRBuFtoSAnnoNx5DGD8uI0ckP8G5hcBSuYy', 'guru'),
(66, 'Khasna Nur Fauziah, S.Pd.', 'khasnanurfauziah@smk7.sch.id', '$2y$10$6cT9rCw8UfrAHbQ89bPFHe4Gyiru4mV0buME81qpo0bwdWLmoxswy', 'guru'),
(67, 'Yosef Endi Sonatha, S.Si.', 'yosefendisonatha@smk7.sch.id', '$2y$10$6cT9rCw8UfrAHbQ89bPFHe4Gyiru4mV0buME81qpo0bwdWLmoxswy', 'guru'),
(68, 'Wulan Afriani, S.Pd', 'wulanafriani@smk7.sch.id', '$2y$10$6cT9rCw8UfrAHbQ89bPFHe4Gyiru4mV0buME81qpo0bwdWLmoxswy', 'guru'),
(69, 'Kartika Dwi Hidayati, S.Pd', 'kartikadwihidayati@smk7.sch.id', '$2y$10$6cT9rCw8UfrAHbQ89bPFHe4Gyiru4mV0buME81qpo0bwdWLmoxswy', 'guru'),
(70, 'Retno Murtiningrum, S.Pd.', 'retnomurtiningrum@smk7.sch.id', '$2y$10$6cT9rCw8UfrAHbQ89bPFHe4Gyiru4mV0buME81qpo0bwdWLmoxswy', 'guru'),
(71, 'Tri Murdiati, S.Pd.', 'trimurdiati@smk7.sch.id', '$2y$10$6cT9rCw8UfrAHbQ89bPFHe4Gyiru4mV0buME81qpo0bwdWLmoxswy', 'guru'),
(72, 'Drs. Aris Taryana', 'aristaryana@smk7.sch.id', '$2y$10$edExJ08U0O1zSRMtXbmtOeD5IsNRKfp57E5ArgCVrURlwUa0RwCcO', 'guru'),
(73, 'Ignatius Murdono Sigit Saputro, S.Pd.', 'ignatiusmurdonosigitsaputro@smk7.sch.id', '$2y$10$WuvU89WTrovDh9Wi2C.mKuzp5p5HXkPSExQ4/YT15.HSIhxRqX0CK', 'guru'),
(74, 'Yessi Estifalia, S.Pd.', 'yessiestifalia@smk7.sch.id', '$2y$10$6cT9rCw8UfrAHbQ89bPFHe4Gyiru4mV0buME81qpo0bwdWLmoxswy', 'guru'),
(75, 'Asvi Dema Vieri, S.Pd.', 'asvidemavieri@smk7.sch.id', '$2y$10$s0k6FlwJLjBCA0veIbgCKeRm489m2aivSImho/daLWjpktbbBuwLq', 'guru'),
(76, 'Rudan Gumanti, S.Pd.', 'rudangumanti@smk7.sch.id', '$2y$10$6cT9rCw8UfrAHbQ89bPFHe4Gyiru4mV0buME81qpo0bwdWLmoxswy', 'guru');

--
-- Indexes for dumped tables
--

--
-- Indexes for table `buku_induk`
--
ALTER TABLE `buku_induk`
  ADD PRIMARY KEY (`id`),
  ADD KEY `idx_buku_induk_nipd` (`nipd`),
  ADD KEY `idx_buku_induk_email` (`email`);

--
-- Indexes for table `jadwal_mata_pelajaran`
--
ALTER TABLE `jadwal_mata_pelajaran`
  ADD PRIMARY KEY (`id`),
  ADD KEY `idx_jadwal_guru` (`guru_pengampu`),
  ADD KEY `idx_jadwal_kelas_hari` (`nama_kelas`,`hari`,`jam_mulai`),
  ADD KEY `idx_jadwal_kelas_ref` (`kelas_jadwal_id`);

--
-- Indexes for table `jadwal_mata_pelajaran_siswa`
--
ALTER TABLE `jadwal_mata_pelajaran_siswa`
  ADD PRIMARY KEY (`id`),
  ADD UNIQUE KEY `uniq_jadwal_siswa` (`jadwal_mata_pelajaran_id`,`siswa_id`),
  ADD KEY `idx_jadwal_siswa_siswa` (`siswa_id`);

--
-- Indexes for table `kelas`
--
ALTER TABLE `kelas`
  ADD PRIMARY KEY (`id`),
  ADD UNIQUE KEY `uniq_kelas_jadwal` (`nama_kelas`,`tahun_ajaran`,`semester`);

--
-- Indexes for table `lokasi_sekolah`
--
ALTER TABLE `lokasi_sekolah`
  ADD PRIMARY KEY (`id`),
  ADD KEY `updated_by` (`updated_by`);

--
-- Indexes for table `presensi_mapel`
--
ALTER TABLE `presensi_mapel`
  ADD PRIMARY KEY (`id`),
  ADD UNIQUE KEY `uniq_presensi_mapel_user_sesi` (`user_id`,`presensi_sesi_id`),
  ADD KEY `idx_presensi_mapel_jadwal` (`jadwal_mata_pelajaran_id`),
  ADD KEY `idx_presensi_mapel_sesi` (`presensi_sesi_id`);

--
-- Indexes for table `presensi_mapel_sesi`
--
ALTER TABLE `presensi_mapel_sesi`
  ADD PRIMARY KEY (`id`),
  ADD UNIQUE KEY `uniq_presensi_mapel_sesi_jadwal_tanggal` (`jadwal_mata_pelajaran_id`,`waktu_buka`),
  ADD KEY `idx_presensi_mapel_sesi_status` (`status`,`waktu_tutup`),
  ADD KEY `idx_presensi_mapel_sesi_guru` (`guru_id`);

--
-- Indexes for table `presensi_sekolah`
--
ALTER TABLE `presensi_sekolah`
  ADD PRIMARY KEY (`id`),
  ADD KEY `fk_presensi_sekolah_user` (`user_id`),
  ADD KEY `fk_presensi_sekolah_sesi` (`presensi_sekolah_sesi_id`);

--
-- Indexes for table `presensi_sekolah_sesi`
--
ALTER TABLE `presensi_sekolah_sesi`
  ADD PRIMARY KEY (`id`);

--
-- Indexes for table `users`
--
ALTER TABLE `users`
  ADD PRIMARY KEY (`id`),
  ADD UNIQUE KEY `email` (`email`);

--
-- AUTO_INCREMENT for dumped tables
--

--
-- AUTO_INCREMENT for table `buku_induk`
--
ALTER TABLE `buku_induk`
  MODIFY `id` int NOT NULL AUTO_INCREMENT, AUTO_INCREMENT=321;

--
-- AUTO_INCREMENT for table `jadwal_mata_pelajaran`
--
ALTER TABLE `jadwal_mata_pelajaran`
  MODIFY `id` int NOT NULL AUTO_INCREMENT, AUTO_INCREMENT=865;

--
-- AUTO_INCREMENT for table `jadwal_mata_pelajaran_siswa`
--
ALTER TABLE `jadwal_mata_pelajaran_siswa`
  MODIFY `id` int NOT NULL AUTO_INCREMENT, AUTO_INCREMENT=3251;

--
-- AUTO_INCREMENT for table `kelas`
--
ALTER TABLE `kelas`
  MODIFY `id` int NOT NULL AUTO_INCREMENT, AUTO_INCREMENT=23;

--
-- AUTO_INCREMENT for table `lokasi_sekolah`
--
ALTER TABLE `lokasi_sekolah`
  MODIFY `id` int NOT NULL AUTO_INCREMENT, AUTO_INCREMENT=54;

--
-- AUTO_INCREMENT for table `presensi_mapel`
--
ALTER TABLE `presensi_mapel`
  MODIFY `id` int NOT NULL AUTO_INCREMENT, AUTO_INCREMENT=693;

--
-- AUTO_INCREMENT for table `presensi_mapel_sesi`
--
ALTER TABLE `presensi_mapel_sesi`
  MODIFY `id` int NOT NULL AUTO_INCREMENT, AUTO_INCREMENT=53;

--
-- AUTO_INCREMENT for table `presensi_sekolah`
--
ALTER TABLE `presensi_sekolah`
  MODIFY `id` int NOT NULL AUTO_INCREMENT, AUTO_INCREMENT=1676;

--
-- AUTO_INCREMENT for table `presensi_sekolah_sesi`
--
ALTER TABLE `presensi_sekolah_sesi`
  MODIFY `id` int NOT NULL AUTO_INCREMENT, AUTO_INCREMENT=169;

--
-- AUTO_INCREMENT for table `users`
--
ALTER TABLE `users`
  MODIFY `id` int NOT NULL AUTO_INCREMENT, AUTO_INCREMENT=77;

--
-- Constraints for dumped tables
--

--
-- Constraints for table `jadwal_mata_pelajaran`
--
ALTER TABLE `jadwal_mata_pelajaran`
  ADD CONSTRAINT `fk_jadwal_guru` FOREIGN KEY (`guru_pengampu`) REFERENCES `users` (`id`) ON DELETE SET NULL ON UPDATE CASCADE,
  ADD CONSTRAINT `fk_jadwal_kelas_ref` FOREIGN KEY (`kelas_jadwal_id`) REFERENCES `kelas` (`id`) ON DELETE CASCADE ON UPDATE CASCADE;

--
-- Constraints for table `jadwal_mata_pelajaran_siswa`
--
ALTER TABLE `jadwal_mata_pelajaran_siswa`
  ADD CONSTRAINT `fk_jadwal_siswa_buku_induk` FOREIGN KEY (`siswa_id`) REFERENCES `buku_induk` (`id`) ON DELETE CASCADE ON UPDATE CASCADE,
  ADD CONSTRAINT `fk_jadwal_siswa_jadwal` FOREIGN KEY (`jadwal_mata_pelajaran_id`) REFERENCES `jadwal_mata_pelajaran` (`id`) ON DELETE CASCADE ON UPDATE CASCADE;

--
-- Constraints for table `lokasi_sekolah`
--
ALTER TABLE `lokasi_sekolah`
  ADD CONSTRAINT `lokasi_sekolah_ibfk_1` FOREIGN KEY (`updated_by`) REFERENCES `users` (`id`) ON DELETE SET NULL;

--
-- Constraints for table `presensi_mapel`
--
ALTER TABLE `presensi_mapel`
  ADD CONSTRAINT `fk_presensi_mapel_buku_induk` FOREIGN KEY (`user_id`) REFERENCES `buku_induk` (`id`) ON DELETE CASCADE ON UPDATE CASCADE,
  ADD CONSTRAINT `fk_presensi_mapel_jadwal` FOREIGN KEY (`jadwal_mata_pelajaran_id`) REFERENCES `jadwal_mata_pelajaran` (`id`) ON DELETE CASCADE ON UPDATE CASCADE,
  ADD CONSTRAINT `fk_presensi_mapel_sesi` FOREIGN KEY (`presensi_sesi_id`) REFERENCES `presensi_mapel_sesi` (`id`) ON DELETE SET NULL ON UPDATE CASCADE;

--
-- Constraints for table `presensi_mapel_sesi`
--
ALTER TABLE `presensi_mapel_sesi`
  ADD CONSTRAINT `fk_presensi_mapel_sesi_guru` FOREIGN KEY (`guru_id`) REFERENCES `users` (`id`) ON DELETE CASCADE ON UPDATE CASCADE,
  ADD CONSTRAINT `fk_presensi_mapel_sesi_jadwal` FOREIGN KEY (`jadwal_mata_pelajaran_id`) REFERENCES `jadwal_mata_pelajaran` (`id`) ON DELETE CASCADE ON UPDATE CASCADE;

--
-- Constraints for table `presensi_sekolah`
--
ALTER TABLE `presensi_sekolah`
  ADD CONSTRAINT `fk_presensi_sekolah_buku_induk` FOREIGN KEY (`user_id`) REFERENCES `buku_induk` (`id`) ON DELETE CASCADE ON UPDATE CASCADE,
  ADD CONSTRAINT `fk_presensi_sekolah_sesi` FOREIGN KEY (`presensi_sekolah_sesi_id`) REFERENCES `presensi_sekolah_sesi` (`id`) ON DELETE SET NULL ON UPDATE CASCADE;
COMMIT;

/*!40101 SET CHARACTER_SET_CLIENT=@OLD_CHARACTER_SET_CLIENT */;
/*!40101 SET CHARACTER_SET_RESULTS=@OLD_CHARACTER_SET_RESULTS */;
/*!40101 SET COLLATION_CONNECTION=@OLD_COLLATION_CONNECTION */;
